{
  "univariate": {
    "226Ra": {
      "real_moments": {
        "mean": 74.97977183486238,
        "median": 71.4369,
        "std": 44.05617270021668,
        "skew": 1.5838924892056216,
        "kurtosis": 4.364795720944686
      },
      "synth_moments": {
        "mean": 76.00417416934265,
        "median": 70.301520970752,
        "std": 38.132539751385615,
        "skew": 0.7983744385411408,
        "kurtosis": 0.9578173108603147
      },
      "KS_stat": 0.08256880733944955,
      "KS_p": 0.8537177036275024,
      "Wasserstein": 5.362483396438918,
      "JSD": 0.06262607181010221,
      "overlap_area": 0.9340963703827545
    },
    "232Th": {
      "real_moments": {
        "mean": 68.3011589908257,
        "median": 54.70395,
        "std": 74.86799752698546,
        "skew": 5.899812333485469,
        "kurtosis": 45.73871141090729
      },
      "synth_moments": {
        "mean": 62.422659205558816,
        "median": 54.85631417648999,
        "std": 35.621417035652634,
        "skew": 1.059862427159114,
        "kurtosis": 0.824880020759267
      },
      "KS_stat": 0.11926605504587157,
      "KS_p": 0.4218388405059881,
      "Wasserstein": 11.061340008184176,
      "JSD": 0.07169992165774022,
      "overlap_area": 0.9385145705764989
    },
    "40K": {
      "real_moments": {
        "mean": 625.4423234862386,
        "median": 666.06,
        "std": 325.77620030216633,
        "skew": -0.18433595382893606,
        "kurtosis": -1.210803726194395
      },
      "synth_moments": {
        "mean": 635.275591387576,
        "median": 623.3590436317121,
        "std": 305.48136006332567,
        "skew": -0.2680042698833038,
        "kurtosis": -1.078200929985067
      },
      "KS_stat": 0.06422018348623854,
      "KS_p": 0.9791203051957483,
      "Wasserstein": 28.591988715235388,
      "JSD": 0.020777757176037775,
      "overlap_area": 0.9544558493460251
    },
    "Raeq": {
      "real_moments": {
        "mean": 220.80948743119262,
        "median": 193.66001,
        "std": 141.24695669027093,
        "skew": 4.496849695288913,
        "kurtosis": 29.952848462778505
      },
      "synth_moments": {
        "mean": 212.35973308953157,
        "median": 206.25844981485352,
        "std": 80.30946771120904,
        "skew": 0.3690748049398357,
        "kurtosis": 0.36370176971513146
      },
      "KS_stat": 0.12844036697247707,
      "KS_p": 0.3308699616789528,
      "Wasserstein": 21.97731232909566,
      "JSD": 0.07865430479890936,
      "overlap_area": 0.9279646986713953
    },
    "Theq": {
      "real_moments": {
        "mean": 155.1863267889908,
        "median": 136.56014,
        "std": 98.90341948182714,
        "skew": 4.479289412980269,
        "kurtosis": 29.79276992766934
      },
      "synth_moments": {
        "mean": 150.7408819951141,
        "median": 150.02283018337775,
        "std": 59.53829912183829,
        "skew": 0.6334411514267757,
        "kurtosis": 1.2435238460203912
      },
      "KS_stat": 0.11009174311926606,
      "KS_p": 0.525558691909033,
      "Wasserstein": 14.818102609390388,
      "JSD": 0.044866235492217924,
      "overlap_area": 0.926841887762478
    },
    "Keq": {
      "real_moments": {
        "mean": 2651.9736386238537,
        "median": 2228.3676,
        "std": 1811.0429350912407,
        "skew": 5.008102937890224,
        "kurtosis": 33.882309184918405
      },
      "synth_moments": {
        "mean": 2570.35310907907,
        "median": 2414.6341742125205,
        "std": 1036.7466294953915,
        "skew": 1.253938952896867,
        "kurtosis": 2.753370609540923
      },
      "KS_stat": 0.1559633027522936,
      "KS_p": 0.14126496752522327,
      "Wasserstein": 256.3280616908522,
      "JSD": 0.07548722893279206,
      "overlap_area": 0.9264063862323237
    },
    "IG": {
      "real_moments": {
        "mean": 0.7999194495412842,
        "median": 0.72877,
        "std": 0.4950253455180348,
        "skew": 4.324005521258932,
        "kurtosis": 28.49755443867455
      },
      "synth_moments": {
        "mean": 0.7846255184381266,
        "median": 0.7726223532589999,
        "std": 0.30082247745282537,
        "skew": 0.3963618813849115,
        "kurtosis": 0.4941712654683226
      },
      "KS_stat": 0.13761467889908258,
      "KS_p": 0.25410351783769675,
      "Wasserstein": 0.07781058692752463,
      "JSD": 0.054348098734852766,
      "overlap_area": 0.9214957659626531
    },
    "IA": {
      "real_moments": {
        "mean": 0.3748992660550459,
        "median": 0.35718,
        "std": 0.22028081674815472,
        "skew": 1.583885893541485,
        "kurtosis": 4.364752856144418
      },
      "synth_moments": {
        "mean": 0.37753096411750164,
        "median": 0.349974685816,
        "std": 0.18954729244929128,
        "skew": 0.7752541906687058,
        "kurtosis": 0.900666113800793
      },
      "KS_stat": 0.07339449541284404,
      "KS_p": 0.9325712647984811,
      "Wasserstein": 0.02549779669257689,
      "JSD": 0.061262614577517444,
      "overlap_area": 0.9371755655272752
    },
    "IB": {
      "real_moments": {
        "mean": 0.7059155963302752,
        "median": 0.63475,
        "std": 0.42144292108674913,
        "skew": 4.011764769362035,
        "kurtosis": 25.03382413044252
      },
      "synth_moments": {
        "mean": 0.6969649718623001,
        "median": 0.6735633469282,
        "std": 0.2639676008594463,
        "skew": 0.4447615553994949,
        "kurtosis": 0.6504321624698011
      },
      "KS_stat": 0.13761467889908258,
      "KS_p": 0.25410351783769675,
      "Wasserstein": 0.06706182864678607,
      "JSD": 0.07600935656257549,
      "overlap_area": 0.9185949658992453
    }
  },
  "corr_similarity": {
    "corrcoef": 0.9679577599250304,
    "frob": 0.7757967284280445,
    "macd": 0.05482684486642834
  },
  "pca_overlap": {
    "overlap_frac": 0.981651376146789,
    "pca": "PCA(n_components=3)",
    "explained_variance": "[0.77812808 0.13373875 0.08440275]"
  },
  "MMD2": -0.0007079905956453025,
  "SlicedWasserstein": 71.74836984944727,
  "EnergyDistance": 17.72821139901862,
  "gmm_coverage_frac": 0.6666666666666666,
  "knn_coverage": {
    "median_kth": 168.9395526306135,
    "mean_kth": 379.95516937203286,
    "iqr_kth": 172.241518931467
  }
}