{
  "univariate": {
    "226Ra": {
      "real_moments": {
        "mean": 74.97977183486238,
        "median": 71.4369,
        "std": 44.05617270021668,
        "skew": 1.5838924892056216,
        "kurtosis": 4.364795720944686
      },
      "synth_moments": {
        "mean": 76.15161202072896,
        "median": 75.54732963934256,
        "std": 45.48480927375835,
        "skew": 1.5665475764697667,
        "kurtosis": 4.025187058031804
      },
      "KS_stat": 0.08256880733944955,
      "KS_p": 0.8537177036275024,
      "Wasserstein": 3.364870147560065,
      "JSD": 0.04353084103493354,
      "overlap_area": 0.9546006026694825
    },
    "232Th": {
      "real_moments": {
        "mean": 68.3011589908257,
        "median": 54.70395,
        "std": 74.86799752698546,
        "skew": 5.899812333485469,
        "kurtosis": 45.73871141090729
      },
      "synth_moments": {
        "mean": 65.6354858503793,
        "median": 49.18215917294072,
        "std": 62.891552463644906,
        "skew": 4.733640633568956,
        "kurtosis": 30.83013324182116
      },
      "KS_stat": 0.07339449541284404,
      "KS_p": 0.9325712647984811,
      "Wasserstein": 7.092603607636292,
      "JSD": 0.06294869762604938,
      "overlap_area": 0.9435922282891639
    },
    "40K": {
      "real_moments": {
        "mean": 625.4423234862386,
        "median": 666.06,
        "std": 325.77620030216633,
        "skew": -0.18433595382893606,
        "kurtosis": -1.210803726194395
      },
      "synth_moments": {
        "mean": 606.1999741935247,
        "median": 659.3993811447524,
        "std": 336.2851830657237,
        "skew": -0.15137670334273826,
        "kurtosis": -1.4611935034322698
      },
      "KS_stat": 0.08256880733944955,
      "KS_p": 0.8537177036275024,
      "Wasserstein": 31.16165580698492,
      "JSD": 0.04072323850585921,
      "overlap_area": 0.9388423370152155
    },
    "Raeq": {
      "real_moments": {
        "mean": 220.80948743119262,
        "median": 193.66001,
        "std": 141.24695669027093,
        "skew": 4.496849695288913,
        "kurtosis": 29.952848462778505
      },
      "synth_moments": {
        "mean": 217.7714875354763,
        "median": 179.43591849387374,
        "std": 132.6665431716645,
        "skew": 3.3965232755792942,
        "kurtosis": 17.008840447535828
      },
      "KS_stat": 0.09174311926605505,
      "KS_p": 0.7511370048916558,
      "Wasserstein": 12.673317894601603,
      "JSD": 0.06366452639804951,
      "overlap_area": 0.9467522081637769
    },
    "Theq": {
      "real_moments": {
        "mean": 155.1863267889908,
        "median": 136.56014,
        "std": 98.90341948182714,
        "skew": 4.479289412980269,
        "kurtosis": 29.79276992766934
      },
      "synth_moments": {
        "mean": 152.08877963927233,
        "median": 125.72344681896205,
        "std": 92.41987281440538,
        "skew": 3.3684331322828576,
        "kurtosis": 16.982732619617376
      },
      "KS_stat": 0.10091743119266056,
      "KS_p": 0.6379083904221879,
      "Wasserstein": 9.130383859157016,
      "JSD": 0.06609971064104293,
      "overlap_area": 0.9431488422034583
    },
    "Keq": {
      "real_moments": {
        "mean": 2651.9736386238537,
        "median": 2228.3676,
        "std": 1811.0429350912407,
        "skew": 5.008102937890224,
        "kurtosis": 33.882309184918405
      },
      "synth_moments": {
        "mean": 2568.852547183088,
        "median": 2200.041322180636,
        "std": 1641.5285044523528,
        "skew": 4.184935249412704,
        "kurtosis": 22.503030091470414
      },
      "KS_stat": 0.11009174311926606,
      "KS_p": 0.525558691909033,
      "Wasserstein": 193.36927196494946,
      "JSD": 0.077411105377928,
      "overlap_area": 0.9386737722823167
    },
    "IG": {
      "real_moments": {
        "mean": 0.7999194495412842,
        "median": 0.72877,
        "std": 0.4950253455180348,
        "skew": 4.324005521258932,
        "kurtosis": 28.49755443867455
      },
      "synth_moments": {
        "mean": 0.7913154194642492,
        "median": 0.648410997462,
        "std": 0.4865681665575885,
        "skew": 3.423443004231257,
        "kurtosis": 17.494310222651613
      },
      "KS_stat": 0.09174311926605505,
      "KS_p": 0.7511370048916558,
      "Wasserstein": 0.04233908514741155,
      "JSD": 0.04978763526313271,
      "overlap_area": 0.947376515111177
    },
    "IA": {
      "real_moments": {
        "mean": 0.3748992660550459,
        "median": 0.35718,
        "std": 0.22028081674815472,
        "skew": 1.583885893541485,
        "kurtosis": 4.364752856144418
      },
      "synth_moments": {
        "mean": 0.38435053935259145,
        "median": 0.3804804737456,
        "std": 0.23254348440813707,
        "skew": 1.6368860251616144,
        "kurtosis": 4.274567971304112
      },
      "KS_stat": 0.08256880733944955,
      "KS_p": 0.8537177036275024,
      "Wasserstein": 0.017823113503613947,
      "JSD": 0.0439997665804689,
      "overlap_area": 0.9522350955697967
    },
    "IB": {
      "real_moments": {
        "mean": 0.7059155963302752,
        "median": 0.63475,
        "std": 0.42144292108674913,
        "skew": 4.011764769362035,
        "kurtosis": 25.03382413044252
      },
      "synth_moments": {
        "mean": 0.7047492273166861,
        "median": 0.579722175843,
        "std": 0.4222250573442842,
        "skew": 3.2768604930288006,
        "kurtosis": 15.808947888620395
      },
      "KS_stat": 0.10091743119266056,
      "KS_p": 0.6379083904221879,
      "Wasserstein": 0.03744354101142189,
      "JSD": 0.04501795924744498,
      "overlap_area": 0.9509252371608096
    }
  },
  "corr_similarity": {
    "corrcoef": 0.8594416950837642,
    "frob": 1.4730057681433095,
    "macd": 0.11487778100124652
  },
  "pca_overlap": {
    "overlap_frac": 0.963302752293578,
    "pca": "PCA(n_components=3)",
    "explained_variance": "[0.75217331 0.11078882 0.08681691]"
  },
  "MMD2": -0.0037509462551224004,
  "SlicedWasserstein": 51.88383475513361,
  "EnergyDistance": 12.647909368777619,
  "gmm_coverage_frac": 0.6666666666666666,
  "knn_coverage": {
    "median_kth": 181.2999013683261,
    "mean_kth": 418.79749865126024,
    "iqr_kth": 196.32827264421107
  }
}