{
  "univariate": {
    "226Ra": {
      "real_moments": {
        "mean": 74.97977183486238,
        "median": 71.4369,
        "std": 44.05617270021668,
        "skew": 1.5838924892056216,
        "kurtosis": 4.364795720944686
      },
      "synth_moments": {
        "mean": 75.81458127254888,
        "median": 73.60893149394954,
        "std": 48.49648566191775,
        "skew": 1.8351369091417729,
        "kurtosis": 4.30263042528672
      },
      "KS_stat": 0.08256880733944955,
      "KS_p": 0.8537177036275024,
      "Wasserstein": 4.191141977018347,
      "JSD": 0.04157839845753601,
      "overlap_area": 0.9530127778068994
    },
    "232Th": {
      "real_moments": {
        "mean": 68.3011589908257,
        "median": 54.70395,
        "std": 74.86799752698546,
        "skew": 5.899812333485469,
        "kurtosis": 45.73871141090729
      },
      "synth_moments": {
        "mean": 71.13858801740038,
        "median": 49.63098556941298,
        "std": 74.04298663535081,
        "skew": 3.7235493855148882,
        "kurtosis": 16.23535109627842
      },
      "KS_stat": 0.10091743119266056,
      "KS_p": 0.6379083904221879,
      "Wasserstein": 11.150223280991312,
      "JSD": 0.08117686095312043,
      "overlap_area": 0.9281065474154949
    },
    "40K": {
      "real_moments": {
        "mean": 625.4423234862386,
        "median": 666.06,
        "std": 325.77620030216633,
        "skew": -0.18433595382893606,
        "kurtosis": -1.210803726194395
      },
      "synth_moments": {
        "mean": 616.1757711340814,
        "median": 678.1772463808769,
        "std": 331.53623474170496,
        "skew": -0.3001125398529854,
        "kurtosis": -1.2889610171676638
      },
      "KS_stat": 0.06422018348623854,
      "KS_p": 0.9791203051957483,
      "Wasserstein": 28.872879552611195,
      "JSD": 0.024722385333697083,
      "overlap_area": 0.9567610408332468
    },
    "Raeq": {
      "real_moments": {
        "mean": 220.80948743119262,
        "median": 193.66001,
        "std": 141.24695669027093,
        "skew": 4.496849695288913,
        "kurtosis": 29.952848462778505
      },
      "synth_moments": {
        "mean": 222.91129693497115,
        "median": 183.72692829717,
        "std": 148.63462087812573,
        "skew": 2.9643191114129683,
        "kurtosis": 10.683168999044101
      },
      "KS_stat": 0.07339449541284404,
      "KS_p": 0.9325712647984811,
      "Wasserstein": 19.49502309276844,
      "JSD": 0.0784437045225663,
      "overlap_area": 0.9324720475685803
    },
    "Theq": {
      "real_moments": {
        "mean": 155.1863267889908,
        "median": 136.56014,
        "std": 98.90341948182714,
        "skew": 4.479289412980269,
        "kurtosis": 29.79276992766934
      },
      "synth_moments": {
        "mean": 157.3017133005324,
        "median": 130.51495156706267,
        "std": 104.97638117367435,
        "skew": 2.9919533645902767,
        "kurtosis": 10.85131007447043
      },
      "KS_stat": 0.06422018348623854,
      "KS_p": 0.9791203051957483,
      "Wasserstein": 13.383046622236861,
      "JSD": 0.07609616811737419,
      "overlap_area": 0.9349782158088589
    },
    "Keq": {
      "real_moments": {
        "mean": 2651.9736386238537,
        "median": 2228.3676,
        "std": 1811.0429350912407,
        "skew": 5.008102937890224,
        "kurtosis": 33.882309184918405
      },
      "synth_moments": {
        "mean": 2687.8256728169363,
        "median": 2145.0373470263694,
        "std": 1926.0597480191987,
        "skew": 3.4574534507168284,
        "kurtosis": 13.689165524677026
      },
      "KS_stat": 0.10091743119266056,
      "KS_p": 0.6379083904221879,
      "Wasserstein": 236.3698501351726,
      "JSD": 0.11943904873926814,
      "overlap_area": 0.9379807180282766
    },
    "IG": {
      "real_moments": {
        "mean": 0.7999194495412842,
        "median": 0.72877,
        "std": 0.4950253455180348,
        "skew": 4.324005521258932,
        "kurtosis": 28.49755443867455
      },
      "synth_moments": {
        "mean": 0.8051740848751398,
        "median": 0.6951012149151998,
        "std": 0.5151707150737582,
        "skew": 2.8036253950104415,
        "kurtosis": 9.858330601071438
      },
      "KS_stat": 0.07339449541284404,
      "KS_p": 0.9325712647984811,
      "Wasserstein": 0.06732334676600957,
      "JSD": 0.07019699937996793,
      "overlap_area": 0.9322947890507262
    },
    "IA": {
      "real_moments": {
        "mean": 0.3748992660550459,
        "median": 0.35718,
        "std": 0.22028081674815472,
        "skew": 1.583885893541485,
        "kurtosis": 4.364752856144418
      },
      "synth_moments": {
        "mean": 0.3813502093113096,
        "median": 0.3725192083064,
        "std": 0.24241817982490277,
        "skew": 1.8202029121699315,
        "kurtosis": 4.249220281104386
      },
      "KS_stat": 0.07339449541284404,
      "KS_p": 0.9325712647984811,
      "Wasserstein": 0.020921564083258286,
      "JSD": 0.04604380586227681,
      "overlap_area": 0.9572685164978615
    },
    "IB": {
      "real_moments": {
        "mean": 0.7059155963302752,
        "median": 0.63475,
        "std": 0.42144292108674913,
        "skew": 4.011764769362035,
        "kurtosis": 25.03382413044252
      },
      "synth_moments": {
        "mean": 0.713547039428784,
        "median": 0.6019980977440997,
        "std": 0.4514172523879666,
        "skew": 2.8403857504441996,
        "kurtosis": 9.806428578241025
      },
      "KS_stat": 0.06422018348623854,
      "KS_p": 0.9791203051957483,
      "Wasserstein": 0.05767280017199336,
      "JSD": 0.06600417789375299,
      "overlap_area": 0.9338511295331196
    }
  },
  "corr_similarity": {
    "corrcoef": 0.9827422712563139,
    "frob": 0.620291218417187,
    "macd": 0.04354404387393572
  },
  "pca_overlap": {
    "overlap_frac": 0.944954128440367,
    "pca": "PCA(n_components=3)",
    "explained_variance": "[0.80624316 0.1295043  0.06203582]"
  },
  "MMD2": -0.004683638726798112,
  "SlicedWasserstein": 65.63241075655276,
  "EnergyDistance": 14.16632344231698,
  "gmm_coverage_frac": 0.6666666666666666,
  "knn_coverage": {
    "median_kth": 202.00137344507294,
    "mean_kth": 368.9212656634126,
    "iqr_kth": 153.92404086387742
  }
}