{
  "univariate": {
    "226Ra": {
      "real_moments": {
        "mean": 74.97977183486238,
        "median": 71.4369,
        "std": 44.05617270021668,
        "skew": 1.5838924892056216,
        "kurtosis": 4.364795720944686
      },
      "synth_moments": {
        "mean": 74.1981693106062,
        "median": 63.372048796320286,
        "std": 45.339285324306374,
        "skew": 1.2313137922067212,
        "kurtosis": 1.0754723785933695
      },
      "KS_stat": 0.13761467889908258,
      "KS_p": 0.25410351783769675,
      "Wasserstein": 8.876386221705097,
      "JSD": 0.08603269335450048,
      "overlap_area": 0.8641142929765483
    },
    "232Th": {
      "real_moments": {
        "mean": 68.3011589908257,
        "median": 54.70395,
        "std": 74.86799752698546,
        "skew": 5.899812333485469,
        "kurtosis": 45.73871141090729
      },
      "synth_moments": {
        "mean": 70.53480966194309,
        "median": 50.78777320730538,
        "std": 68.97429867949818,
        "skew": 3.407476903407202,
        "kurtosis": 17.431457036668096
      },
      "KS_stat": 0.11926605504587157,
      "KS_p": 0.4218388405059881,
      "Wasserstein": 9.173707998865058,
      "JSD": 0.07990822959912766,
      "overlap_area": 0.9348884863081579
    },
    "40K": {
      "real_moments": {
        "mean": 625.4423234862386,
        "median": 666.06,
        "std": 325.77620030216633,
        "skew": -0.18433595382893606,
        "kurtosis": -1.210803726194395
      },
      "synth_moments": {
        "mean": 641.1971559307873,
        "median": 668.4025168619372,
        "std": 339.6089697215316,
        "skew": -0.1509972846791959,
        "kurtosis": -1.1896045741716423
      },
      "KS_stat": 0.08256880733944955,
      "KS_p": 0.8537177036275024,
      "Wasserstein": 27.920001671557543,
      "JSD": 0.01540114333072026,
      "overlap_area": 0.9504113691938831
    },
    "Raeq": {
      "real_moments": {
        "mean": 220.80948743119262,
        "median": 193.66001,
        "std": 141.24695669027093,
        "skew": 4.496849695288913,
        "kurtosis": 29.952848462778505
      },
      "synth_moments": {
        "mean": 238.4729907940158,
        "median": 196.36773613506065,
        "std": 150.78912765780663,
        "skew": 1.6445740472878545,
        "kurtosis": 3.1388163228755763
      },
      "KS_stat": 0.12844036697247707,
      "KS_p": 0.3308699616789528,
      "Wasserstein": 36.793587898253335,
      "JSD": 0.0897209689875329,
      "overlap_area": 0.8761939684856888
    },
    "Theq": {
      "real_moments": {
        "mean": 155.1863267889908,
        "median": 136.56014,
        "std": 98.90341948182714,
        "skew": 4.479289412980269,
        "kurtosis": 29.79276992766934
      },
      "synth_moments": {
        "mean": 166.3784372417327,
        "median": 128.87763268200948,
        "std": 120.3573001600124,
        "skew": 1.8709175481883387,
        "kurtosis": 4.084499890622959
      },
      "KS_stat": 0.1559633027522936,
      "KS_p": 0.14126496752522327,
      "Wasserstein": 32.25224947283926,
      "JSD": 0.10893189226373559,
      "overlap_area": 0.8398306887959988
    },
    "Keq": {
      "real_moments": {
        "mean": 2651.9736386238537,
        "median": 2228.3676,
        "std": 1811.0429350912407,
        "skew": 5.008102937890224,
        "kurtosis": 33.882309184918405
      },
      "synth_moments": {
        "mean": 2840.7204834338027,
        "median": 2435.976212740813,
        "std": 1721.4064929024778,
        "skew": 1.7951653170817012,
        "kurtosis": 4.723875730653041
      },
      "KS_stat": 0.13761467889908258,
      "KS_p": 0.25410351783769675,
      "Wasserstein": 469.0036686071271,
      "JSD": 0.11649384312590538,
      "overlap_area": 0.8635424200246269
    },
    "IG": {
      "real_moments": {
        "mean": 0.7999194495412842,
        "median": 0.72877,
        "std": 0.4950253455180348,
        "skew": 4.324005521258932,
        "kurtosis": 28.49755443867455
      },
      "synth_moments": {
        "mean": 0.7498333641915211,
        "median": 0.5988520138247999,
        "std": 0.5646777672093803,
        "skew": 2.023070281979141,
        "kurtosis": 5.089697657889106
      },
      "KS_stat": 0.29357798165137616,
      "KS_p": 0.00015129855219958216,
      "Wasserstein": 0.17188579730089718,
      "JSD": 0.17108660117675176,
      "overlap_area": 0.7926468070447237
    },
    "IA": {
      "real_moments": {
        "mean": 0.3748992660550459,
        "median": 0.35718,
        "std": 0.22028081674815472,
        "skew": 1.583885893541485,
        "kurtosis": 4.364752856144418
      },
      "synth_moments": {
        "mean": 0.3480282028612257,
        "median": 0.279290696,
        "std": 0.22441777816447228,
        "skew": 1.5784340456384722,
        "kurtosis": 2.335363914902784
      },
      "KS_stat": 0.1834862385321101,
      "KS_p": 0.05077282859718498,
      "Wasserstein": 0.05216138887856147,
      "JSD": 0.08154183766706988,
      "overlap_area": 0.8201552581060654
    },
    "IB": {
      "real_moments": {
        "mean": 0.7059155963302752,
        "median": 0.63475,
        "std": 0.42144292108674913,
        "skew": 4.011764769362035,
        "kurtosis": 25.03382413044252
      },
      "synth_moments": {
        "mean": 0.6630802928859217,
        "median": 0.5251470692682,
        "std": 0.4903956985416162,
        "skew": 2.0977041087914667,
        "kurtosis": 6.02262732081328
      },
      "KS_stat": 0.25688073394495414,
      "KS_p": 0.0014347594942547865,
      "Wasserstein": 0.12831266303240074,
      "JSD": 0.11366027376068993,
      "overlap_area": 0.8300042549153906
    }
  },
  "corr_similarity": {
    "corrcoef": 0.6691118952110098,
    "frob": 2.4990768976406197,
    "macd": 0.2332497734675228
  },
  "pca_overlap": {
    "overlap_frac": 0.9174311926605505,
    "pca": "PCA(n_components=3)",
    "explained_variance": "[0.63745153 0.11744973 0.08994514]"
  },
  "MMD2": 0.013681371645606566,
  "SlicedWasserstein": 125.26999824778923,
  "EnergyDistance": 67.51456881286572,
  "gmm_coverage_frac": 0.6666666666666666,
  "knn_coverage": {
    "median_kth": 271.8488559081831,
    "mean_kth": 417.40568713580114,
    "iqr_kth": 105.83496710135228
  }
}