{
  "univariate": {
    "226Ra": {
      "real_moments": {
        "mean": 74.97977183486238,
        "median": 71.4369,
        "std": 44.05617270021668,
        "skew": 1.5838924892056216,
        "kurtosis": 4.364795720944686
      },
      "synth_moments": {
        "mean": 73.38835047494112,
        "median": 69.35133994133335,
        "std": 41.399642510010224,
        "skew": 1.1615346646151166,
        "kurtosis": 2.164266348249668
      },
      "KS_stat": 0.08256880733944955,
      "KS_p": 0.8537177036275024,
      "Wasserstein": 4.642866347987781,
      "JSD": 0.034805603620132526,
      "overlap_area": 0.9443993693793302
    },
    "232Th": {
      "real_moments": {
        "mean": 68.3011589908257,
        "median": 54.70395,
        "std": 74.86799752698546,
        "skew": 5.899812333485469,
        "kurtosis": 45.73871141090729
      },
      "synth_moments": {
        "mean": 62.85083854172482,
        "median": 52.37121931791146,
        "std": 46.211961310356415,
        "skew": 2.535183097096169,
        "kurtosis": 8.660653414436268
      },
      "KS_stat": 0.09174311926605505,
      "KS_p": 0.7511370048916558,
      "Wasserstein": 9.366879555186209,
      "JSD": 0.07662299662799116,
      "overlap_area": 0.9417356794646136
    },
    "40K": {
      "real_moments": {
        "mean": 625.4423234862386,
        "median": 666.06,
        "std": 325.77620030216633,
        "skew": -0.18433595382893606,
        "kurtosis": -1.210803726194395
      },
      "synth_moments": {
        "mean": 640.3648863314039,
        "median": 670.365285775813,
        "std": 302.5855372341309,
        "skew": -0.1720216567972896,
        "kurtosis": -1.1454053676833198
      },
      "KS_stat": 0.08256880733944955,
      "KS_p": 0.8537177036275024,
      "Wasserstein": 30.578965022896345,
      "JSD": 0.022215505770453864,
      "overlap_area": 0.9546477771903612
    },
    "Raeq": {
      "real_moments": {
        "mean": 220.80948743119262,
        "median": 193.66001,
        "std": 141.24695669027093,
        "skew": 4.496849695288913,
        "kurtosis": 29.952848462778505
      },
      "synth_moments": {
        "mean": 226.23907297908647,
        "median": 193.6989604530821,
        "std": 161.62544509620045,
        "skew": 4.135013964151451,
        "kurtosis": 20.59335817720731
      },
      "KS_stat": 0.05504587155963303,
      "KS_p": 0.9967758992890015,
      "Wasserstein": 13.923766492400958,
      "JSD": 0.04667168570711999,
      "overlap_area": 0.9600213100302508
    },
    "Theq": {
      "real_moments": {
        "mean": 155.1863267889908,
        "median": 136.56014,
        "std": 98.90341948182714,
        "skew": 4.479289412980269,
        "kurtosis": 29.79276992766934
      },
      "synth_moments": {
        "mean": 159.93009781124232,
        "median": 136.98022003182268,
        "std": 114.07225678631704,
        "skew": 4.092678582508359,
        "kurtosis": 20.149740383177374
      },
      "KS_stat": 0.045871559633027525,
      "KS_p": 0.9998685304465402,
      "Wasserstein": 9.769743475669939,
      "JSD": 0.04686850040849758,
      "overlap_area": 0.961673503393079
    },
    "Keq": {
      "real_moments": {
        "mean": 2651.9736386238537,
        "median": 2228.3676,
        "std": 1811.0429350912407,
        "skew": 5.008102937890224,
        "kurtosis": 33.882309184918405
      },
      "synth_moments": {
        "mean": 2640.181554577006,
        "median": 2228.875754505557,
        "std": 2060.114601626551,
        "skew": 4.708800471497258,
        "kurtosis": 24.423121827649123
      },
      "KS_stat": 0.10091743119266056,
      "KS_p": 0.6379083904221879,
      "Wasserstein": 242.20819029326267,
      "JSD": 0.0805025311968062,
      "overlap_area": 0.928986129797466
    },
    "IG": {
      "real_moments": {
        "mean": 0.7999194495412842,
        "median": 0.72877,
        "std": 0.4950253455180348,
        "skew": 4.324005521258932,
        "kurtosis": 28.49755443867455
      },
      "synth_moments": {
        "mean": 0.8261714125270071,
        "median": 0.7264577630673518,
        "std": 0.5759627182705176,
        "skew": 4.0947106432780735,
        "kurtosis": 19.964525802718548
      },
      "KS_stat": 0.045871559633027525,
      "KS_p": 0.9998685304465402,
      "Wasserstein": 0.05284293220378641,
      "JSD": 0.03678187260348563,
      "overlap_area": 0.957303361629438
    },
    "IA": {
      "real_moments": {
        "mean": 0.3748992660550459,
        "median": 0.35718,
        "std": 0.22028081674815472,
        "skew": 1.583885893541485,
        "kurtosis": 4.364752856144418
      },
      "synth_moments": {
        "mean": 0.3785187127889786,
        "median": 0.3462138887816439,
        "std": 0.2317563468460534,
        "skew": 1.5772737836301076,
        "kurtosis": 3.482777050879622
      },
      "KS_stat": 0.09174311926605505,
      "KS_p": 0.7511370048916558,
      "Wasserstein": 0.01641031256386359,
      "JSD": 0.03829099127456199,
      "overlap_area": 0.9604383541851611
    },
    "IB": {
      "real_moments": {
        "mean": 0.7059155963302752,
        "median": 0.63475,
        "std": 0.42144292108674913,
        "skew": 4.011764769362035,
        "kurtosis": 25.03382413044252
      },
      "synth_moments": {
        "mean": 0.7197290751727233,
        "median": 0.6343281042108648,
        "std": 0.46767786890021423,
        "skew": 3.945338656104666,
        "kurtosis": 19.540102255792586
      },
      "KS_stat": 0.045871559633027525,
      "KS_p": 0.9998685304465402,
      "Wasserstein": 0.03832918618885903,
      "JSD": 0.043977949735565416,
      "overlap_area": 0.9612123870783555
    }
  },
  "corr_similarity": {
    "corrcoef": 0.8389821288337457,
    "frob": 1.5763278596783752,
    "macd": 0.1174021745641164
  },
  "pca_overlap": {
    "overlap_frac": 0.9724770642201835,
    "pca": "PCA(n_components=3)",
    "explained_variance": "[0.72629463 0.11035124 0.09553597]"
  },
  "MMD2": -7.4482610463944e-05,
  "SlicedWasserstein": 71.22257793943203,
  "EnergyDistance": 19.6344178561626,
  "gmm_coverage_frac": 0.6666666666666666,
  "knn_coverage": {
    "median_kth": 173.7095555741766,
    "mean_kth": 437.86175768343713,
    "iqr_kth": 229.5642426984689
  }
}