{
  "univariate": {
    "226Ra": {
      "real_moments": {
        "mean": 74.97977183486238,
        "median": 71.4369,
        "std": 44.05617270021668,
        "skew": 1.5838924892056216,
        "kurtosis": 4.364795720944686
      },
      "synth_moments": {
        "mean": 75.88466803558346,
        "median": 68.37175207481414,
        "std": 42.88205232711368,
        "skew": 1.1395017982950284,
        "kurtosis": 2.1103183432372887
      },
      "KS_stat": 0.06422018348623854,
      "KS_p": 0.9791203051957483,
      "Wasserstein": 3.6367042862777352,
      "JSD": 0.06194720174346699,
      "overlap_area": 0.9538706068990791
    },
    "232Th": {
      "real_moments": {
        "mean": 68.3011589908257,
        "median": 54.70395,
        "std": 74.86799752698546,
        "skew": 5.899812333485469,
        "kurtosis": 45.73871141090729
      },
      "synth_moments": {
        "mean": 64.43229798760947,
        "median": 50.40719991383755,
        "std": 48.526531775949344,
        "skew": 2.270240464555158,
        "kurtosis": 6.8081399245049425
      },
      "KS_stat": 0.10091743119266056,
      "KS_p": 0.6379083904221879,
      "Wasserstein": 8.439922406333972,
      "JSD": 0.04892912925431518,
      "overlap_area": 0.9551742619346965
    },
    "40K": {
      "real_moments": {
        "mean": 625.4423234862386,
        "median": 666.06,
        "std": 325.77620030216633,
        "skew": -0.18433595382893606,
        "kurtosis": -1.210803726194395
      },
      "synth_moments": {
        "mean": 612.2469120242946,
        "median": 669.4910110188299,
        "std": 307.2843421532451,
        "skew": -0.040185082945307454,
        "kurtosis": -1.074013932092112
      },
      "KS_stat": 0.11009174311926606,
      "KS_p": 0.525558691909033,
      "Wasserstein": 34.13936031088167,
      "JSD": 0.01938154388408099,
      "overlap_area": 0.9281392555073942
    },
    "Raeq": {
      "real_moments": {
        "mean": 220.80948743119262,
        "median": 193.66001,
        "std": 141.24695669027093,
        "skew": 4.496849695288913,
        "kurtosis": 29.952848462778505
      },
      "synth_moments": {
        "mean": 212.56531226174178,
        "median": 184.24721542709156,
        "std": 101.76927045171684,
        "skew": 1.9384268572005672,
        "kurtosis": 5.5783218154406775
      },
      "KS_stat": 0.08256880733944955,
      "KS_p": 0.8537177036275024,
      "Wasserstein": 15.588930378912272,
      "JSD": 0.0632231131722242,
      "overlap_area": 0.9517989360072955
    },
    "Theq": {
      "real_moments": {
        "mean": 155.1863267889908,
        "median": 136.56014,
        "std": 98.90341948182714,
        "skew": 4.479289412980269,
        "kurtosis": 29.79276992766934
      },
      "synth_moments": {
        "mean": 152.0208308074294,
        "median": 131.60038264673156,
        "std": 71.30895289355027,
        "skew": 1.7846204533768073,
        "kurtosis": 4.778692031120671
      },
      "KS_stat": 0.08256880733944955,
      "KS_p": 0.8537177036275024,
      "Wasserstein": 11.220862762015614,
      "JSD": 0.06461849768100254,
      "overlap_area": 0.947640780470571
    },
    "Keq": {
      "real_moments": {
        "mean": 2651.9736386238537,
        "median": 2228.3676,
        "std": 1811.0429350912407,
        "skew": 5.008102937890224,
        "kurtosis": 33.882309184918405
      },
      "synth_moments": {
        "mean": 2620.869197317166,
        "median": 2227.019040154252,
        "std": 1304.7407377385562,
        "skew": 2.5232872007503966,
        "kurtosis": 8.686765329934442
      },
      "KS_stat": 0.09174311926605505,
      "KS_p": 0.7511370048916558,
      "Wasserstein": 203.25429834175623,
      "JSD": 0.0879864300870693,
      "overlap_area": 0.9415194850316109
    },
    "IG": {
      "real_moments": {
        "mean": 0.7999194495412842,
        "median": 0.72877,
        "std": 0.4950253455180348,
        "skew": 4.324005521258932,
        "kurtosis": 28.49755443867455
      },
      "synth_moments": {
        "mean": 0.7821493061435815,
        "median": 0.6805505237602457,
        "std": 0.37303674282979066,
        "skew": 2.0918614972775758,
        "kurtosis": 6.331568621714171
      },
      "KS_stat": 0.09174311926605505,
      "KS_p": 0.7511370048916558,
      "Wasserstein": 0.06186002614282082,
      "JSD": 0.06364950207175739,
      "overlap_area": 0.940915697710172
    },
    "IA": {
      "real_moments": {
        "mean": 0.3748992660550459,
        "median": 0.35718,
        "std": 0.22028081674815472,
        "skew": 1.583885893541485,
        "kurtosis": 4.364752856144418
      },
      "synth_moments": {
        "mean": 0.38206803834586445,
        "median": 0.3486327618984903,
        "std": 0.22268135111773313,
        "skew": 1.3347097829736787,
        "kurtosis": 2.753267530917049
      },
      "KS_stat": 0.05504587155963303,
      "KS_p": 0.9967758992890015,
      "Wasserstein": 0.015957875405918896,
      "JSD": 0.048149316886294716,
      "overlap_area": 0.9596885422428053
    },
    "IB": {
      "real_moments": {
        "mean": 0.7059155963302752,
        "median": 0.63475,
        "std": 0.42144292108674913,
        "skew": 4.011764769362035,
        "kurtosis": 25.03382413044252
      },
      "synth_moments": {
        "mean": 0.6937496883521641,
        "median": 0.6088682189218283,
        "std": 0.32987510797974584,
        "skew": 2.1206056848496866,
        "kurtosis": 6.496274885472625
      },
      "KS_stat": 0.07339449541284404,
      "KS_p": 0.9325712647984811,
      "Wasserstein": 0.04938247401965101,
      "JSD": 0.066008174534892,
      "overlap_area": 0.9438899758579524
    }
  },
  "corr_similarity": {
    "corrcoef": 0.846482522513879,
    "frob": 1.589941733968695,
    "macd": 0.11317368821802999
  },
  "pca_overlap": {
    "overlap_frac": 0.963302752293578,
    "pca": "PCA(n_components=3)",
    "explained_variance": "[0.73517397 0.11893264 0.09239409]"
  },
  "MMD2": -0.004109434841226278,
  "SlicedWasserstein": 63.07563291114709,
  "EnergyDistance": 16.182216642702087,
  "gmm_coverage_frac": 0.6666666666666666,
  "knn_coverage": {
    "median_kth": 226.98147770818375,
    "mean_kth": 431.87991917386114,
    "iqr_kth": 145.68417760563628
  }
}