{
  "univariate": {
    "226Ra": {
      "real_moments": {
        "mean": 74.97977183486238,
        "median": 71.4369,
        "std": 44.05617270021668,
        "skew": 1.5838924892056216,
        "kurtosis": 4.364795720944686
      },
      "synth_moments": {
        "mean": 75.0319454671902,
        "median": 72.74385950795431,
        "std": 45.20491971265027,
        "skew": 1.6346492255182412,
        "kurtosis": 3.7646457126608004
      },
      "KS_stat": 0.11009174311926606,
      "KS_p": 0.525558691909033,
      "Wasserstein": 3.700567187919162,
      "JSD": 0.03475526020678446,
      "overlap_area": 0.964267195423417
    },
    "232Th": {
      "real_moments": {
        "mean": 68.3011589908257,
        "median": 54.70395,
        "std": 74.86799752698546,
        "skew": 5.899812333485469,
        "kurtosis": 45.73871141090729
      },
      "synth_moments": {
        "mean": 70.33009960227272,
        "median": 57.55934392232427,
        "std": 58.007117199245556,
        "skew": 2.6138298996120843,
        "kurtosis": 9.796466183703386
      },
      "KS_stat": 0.08256880733944955,
      "KS_p": 0.8537177036275024,
      "Wasserstein": 8.181205380451908,
      "JSD": 0.05021264546570854,
      "overlap_area": 0.9516353230301291
    },
    "40K": {
      "real_moments": {
        "mean": 625.4423234862386,
        "median": 666.06,
        "std": 325.77620030216633,
        "skew": -0.18433595382893606,
        "kurtosis": -1.210803726194395
      },
      "synth_moments": {
        "mean": 641.0334950755947,
        "median": 686.0361893889856,
        "std": 305.14412706193644,
        "skew": -0.3856839215378755,
        "kurtosis": -1.1131333483752959
      },
      "KS_stat": 0.09174311926605505,
      "KS_p": 0.7511370048916558,
      "Wasserstein": 31.157034432762973,
      "JSD": 0.031603793683248615,
      "overlap_area": 0.9512614441442877
    },
    "Raeq": {
      "real_moments": {
        "mean": 220.80948743119262,
        "median": 193.66001,
        "std": 141.24695669027093,
        "skew": 4.496849695288913,
        "kurtosis": 29.952848462778505
      },
      "synth_moments": {
        "mean": 229.811102392869,
        "median": 215.06230217429172,
        "std": 125.84330633155125,
        "skew": 2.201092568262977,
        "kurtosis": 7.454232758256799
      },
      "KS_stat": 0.09174311926605505,
      "KS_p": 0.7511370048916558,
      "Wasserstein": 19.640764599829403,
      "JSD": 0.03270391160905553,
      "overlap_area": 0.9385484429364528
    },
    "Theq": {
      "real_moments": {
        "mean": 155.1863267889908,
        "median": 136.56014,
        "std": 98.90341948182714,
        "skew": 4.479289412980269,
        "kurtosis": 29.79276992766934
      },
      "synth_moments": {
        "mean": 160.35239873592596,
        "median": 147.32655269904495,
        "std": 89.09361979791419,
        "skew": 2.2178817065749543,
        "kurtosis": 7.474808536958966
      },
      "KS_stat": 0.09174311926605505,
      "KS_p": 0.7511370048916558,
      "Wasserstein": 12.804906944895542,
      "JSD": 0.028173787763448387,
      "overlap_area": 0.9441874170359463
    },
    "Keq": {
      "real_moments": {
        "mean": 2651.9736386238537,
        "median": 2228.3676,
        "std": 1811.0429350912407,
        "skew": 5.008102937890224,
        "kurtosis": 33.882309184918405
      },
      "synth_moments": {
        "mean": 2714.151594230034,
        "median": 2314.7875358511856,
        "std": 1585.7827212629145,
        "skew": 2.6673071527178673,
        "kurtosis": 9.014427201315288
      },
      "KS_stat": 0.09174311926605505,
      "KS_p": 0.7511370048916558,
      "Wasserstein": 212.1864315684721,
      "JSD": 0.08480813568506101,
      "overlap_area": 0.9599744391412548
    },
    "IG": {
      "real_moments": {
        "mean": 0.7999194495412842,
        "median": 0.72877,
        "std": 0.4950253455180348,
        "skew": 4.324005521258932,
        "kurtosis": 28.49755443867455
      },
      "synth_moments": {
        "mean": 0.8216520035445741,
        "median": 0.7686127910352,
        "std": 0.45710742890322015,
        "skew": 2.2503606312228133,
        "kurtosis": 7.922830193183014
      },
      "KS_stat": 0.07339449541284404,
      "KS_p": 0.9325712647984811,
      "Wasserstein": 0.05975729082350264,
      "JSD": 0.0266767411408814,
      "overlap_area": 0.949223763898491
    },
    "IA": {
      "real_moments": {
        "mean": 0.3748992660550459,
        "median": 0.35718,
        "std": 0.22028081674815472,
        "skew": 1.583885893541485,
        "kurtosis": 4.364752856144418
      },
      "synth_moments": {
        "mean": 0.37818167577985834,
        "median": 0.368444684064,
        "std": 0.23261966677841903,
        "skew": 1.7281280152105212,
        "kurtosis": 4.081069486486421
      },
      "KS_stat": 0.11926605504587157,
      "KS_p": 0.4218388405059881,
      "Wasserstein": 0.01822150154601321,
      "JSD": 0.04744084033563219,
      "overlap_area": 0.9630072954986323
    },
    "IB": {
      "real_moments": {
        "mean": 0.7059155963302752,
        "median": 0.63475,
        "std": 0.42144292108674913,
        "skew": 4.011764769362035,
        "kurtosis": 25.03382413044252
      },
      "synth_moments": {
        "mean": 0.7328537316439294,
        "median": 0.6918590714228,
        "std": 0.3977621413114288,
        "skew": 2.280514034757163,
        "kurtosis": 7.8882405056315985
      },
      "KS_stat": 0.08256880733944955,
      "KS_p": 0.8537177036275024,
      "Wasserstein": 0.05362292567857699,
      "JSD": 0.04002203382433284,
      "overlap_area": 0.9501020088244262
    }
  },
  "corr_similarity": {
    "corrcoef": 0.8620176132136609,
    "frob": 1.4790168136226007,
    "macd": 0.11930228440347254
  },
  "pca_overlap": {
    "overlap_frac": 0.9724770642201835,
    "pca": "PCA(n_components=3)",
    "explained_variance": "[0.74963402 0.10912541 0.08917422]"
  },
  "MMD2": -0.006488861498811227,
  "SlicedWasserstein": 57.53953980019228,
  "EnergyDistance": 10.718203527629612,
  "gmm_coverage_frac": 0.6666666666666666,
  "knn_coverage": {
    "median_kth": 181.56190227321386,
    "mean_kth": 356.8501130265358,
    "iqr_kth": 133.29661380294698
  }
}