{
  "univariate": {
    "226Ra": {
      "real_moments": {
        "mean": 74.97977183486238,
        "median": 71.4369,
        "std": 44.05617270021668,
        "skew": 1.5838924892056216,
        "kurtosis": 4.364795720944686
      },
      "synth_moments": {
        "mean": 73.47797054221755,
        "median": 76.45672695038918,
        "std": 43.879148433318065,
        "skew": 1.7064675182200726,
        "kurtosis": 4.587619925907493
      },
      "KS_stat": 0.11926605504587157,
      "KS_p": 0.4218388405059881,
      "Wasserstein": 4.353237088271551,
      "JSD": 0.07428546407770656,
      "overlap_area": 0.9539577625843249
    },
    "232Th": {
      "real_moments": {
        "mean": 68.3011589908257,
        "median": 54.70395,
        "std": 74.86799752698546,
        "skew": 5.899812333485469,
        "kurtosis": 45.73871141090729
      },
      "synth_moments": {
        "mean": 66.98327332993509,
        "median": 53.194542040946864,
        "std": 57.33225757342103,
        "skew": 3.2339477774770304,
        "kurtosis": 14.432284901522838
      },
      "KS_stat": 0.05504587155963303,
      "KS_p": 0.9967758992890015,
      "Wasserstein": 5.974773429238323,
      "JSD": 0.06935625321709302,
      "overlap_area": 0.9670076605001116
    },
    "40K": {
      "real_moments": {
        "mean": 625.4423234862386,
        "median": 666.06,
        "std": 325.77620030216633,
        "skew": -0.18433595382893606,
        "kurtosis": -1.210803726194395
      },
      "synth_moments": {
        "mean": 640.1472406552549,
        "median": 706.998357347508,
        "std": 314.1200698640797,
        "skew": -0.3710264350742199,
        "kurtosis": -1.043743865413758
      },
      "KS_stat": 0.08256880733944955,
      "KS_p": 0.8537177036275024,
      "Wasserstein": 29.830341509651138,
      "JSD": 0.011887808147653986,
      "overlap_area": 0.9441721840062073
    },
    "Raeq": {
      "real_moments": {
        "mean": 220.80948743119262,
        "median": 193.66001,
        "std": 141.24695669027093,
        "skew": 4.496849695288913,
        "kurtosis": 29.952848462778505
      },
      "synth_moments": {
        "mean": 222.09078653491812,
        "median": 202.75512612338932,
        "std": 127.32775039094705,
        "skew": 2.861709700385491,
        "kurtosis": 12.435075189339086
      },
      "KS_stat": 0.07339449541284404,
      "KS_p": 0.9325712647984811,
      "Wasserstein": 11.413088153013856,
      "JSD": 0.040190407779849266,
      "overlap_area": 0.9667511907972348
    },
    "Theq": {
      "real_moments": {
        "mean": 155.1863267889908,
        "median": 136.56014,
        "std": 98.90341948182714,
        "skew": 4.479289412980269,
        "kurtosis": 29.79276992766934
      },
      "synth_moments": {
        "mean": 156.43215923312363,
        "median": 145.30523271267705,
        "std": 87.2821124702387,
        "skew": 2.7243126602995176,
        "kurtosis": 11.50328125464769
      },
      "KS_stat": 0.05504587155963303,
      "KS_p": 0.9967758992890015,
      "Wasserstein": 8.142792538420291,
      "JSD": 0.04088865175299416,
      "overlap_area": 0.9605620261941356
    },
    "Keq": {
      "real_moments": {
        "mean": 2651.9736386238537,
        "median": 2228.3676,
        "std": 1811.0429350912407,
        "skew": 5.008102937890224,
        "kurtosis": 33.882309184918405
      },
      "synth_moments": {
        "mean": 2630.719671733337,
        "median": 2267.7818428311425,
        "std": 1553.3451446715908,
        "skew": 3.288263200212618,
        "kurtosis": 14.899017887521872
      },
      "KS_stat": 0.06422018348623854,
      "KS_p": 0.9791203051957483,
      "Wasserstein": 146.45399242719617,
      "JSD": 0.09959544423727684,
      "overlap_area": 0.9531837662750534
    },
    "IG": {
      "real_moments": {
        "mean": 0.7999194495412842,
        "median": 0.72877,
        "std": 0.4950253455180348,
        "skew": 4.324005521258932,
        "kurtosis": 28.49755443867455
      },
      "synth_moments": {
        "mean": 0.8165770896258878,
        "median": 0.7778633289645548,
        "std": 0.461618709710468,
        "skew": 3.0255124812477576,
        "kurtosis": 13.651616215117642
      },
      "KS_stat": 0.07339449541284404,
      "KS_p": 0.9325712647984811,
      "Wasserstein": 0.04160412366881331,
      "JSD": 0.037467687100143435,
      "overlap_area": 0.9598261751691856
    },
    "IA": {
      "real_moments": {
        "mean": 0.3748992660550459,
        "median": 0.35718,
        "std": 0.22028081674815472,
        "skew": 1.583885893541485,
        "kurtosis": 4.364752856144418
      },
      "synth_moments": {
        "mean": 0.3768254374961985,
        "median": 0.3856883614115614,
        "std": 0.23064147056127282,
        "skew": 1.8100933457444062,
        "kurtosis": 4.679925134831985
      },
      "KS_stat": 0.10091743119266056,
      "KS_p": 0.6379083904221879,
      "Wasserstein": 0.023381598294032697,
      "JSD": 0.06700612948659447,
      "overlap_area": 0.9595917334975586
    },
    "IB": {
      "real_moments": {
        "mean": 0.7059155963302752,
        "median": 0.63475,
        "std": 0.42144292108674913,
        "skew": 4.011764769362035,
        "kurtosis": 25.03382413044252
      },
      "synth_moments": {
        "mean": 0.7181407531852254,
        "median": 0.6749464114877303,
        "std": 0.4047120381880718,
        "skew": 2.995391571357177,
        "kurtosis": 13.369080865333121
      },
      "KS_stat": 0.06422018348623854,
      "KS_p": 0.9791203051957483,
      "Wasserstein": 0.03203470611920805,
      "JSD": 0.03255647362026445,
      "overlap_area": 0.9613718710757106
    }
  },
  "corr_similarity": {
    "corrcoef": 0.8514876872499456,
    "frob": 1.5085720214675515,
    "macd": 0.11184188140182877
  },
  "pca_overlap": {
    "overlap_frac": 0.9724770642201835,
    "pca": "PCA(n_components=3)",
    "explained_variance": "[0.74414079 0.11391218 0.08926277]"
  },
  "MMD2": -0.0065392577783098815,
  "SlicedWasserstein": 43.46964523622439,
  "EnergyDistance": 7.150109167101164,
  "gmm_coverage_frac": 0.6666666666666666,
  "knn_coverage": {
    "median_kth": 195.8895041582045,
    "mean_kth": 383.18233751165644,
    "iqr_kth": 166.0517371984924
  }
}