{
  "univariate": {
    "226Ra": {
      "real_moments": {
        "mean": 74.97977183486238,
        "median": 71.4369,
        "std": 44.05617270021668,
        "skew": 1.5838924892056216,
        "kurtosis": 4.364795720944686
      },
      "synth_moments": {
        "mean": 71.83443340664275,
        "median": 71.64496420753598,
        "std": 37.7823719543108,
        "skew": 1.1794676140763767,
        "kurtosis": 3.085909076239502
      },
      "KS_stat": 0.10091743119266056,
      "KS_p": 0.6379083904221879,
      "Wasserstein": 5.386589371171001,
      "JSD": 0.07028239328567823,
      "overlap_area": 0.9436485330228934
    },
    "232Th": {
      "real_moments": {
        "mean": 68.3011589908257,
        "median": 54.70395,
        "std": 74.86799752698546,
        "skew": 5.899812333485469,
        "kurtosis": 45.73871141090729
      },
      "synth_moments": {
        "mean": 63.22916799300837,
        "median": 55.68405974680496,
        "std": 36.59889233114094,
        "skew": 1.0402833460673968,
        "kurtosis": 0.889247016360466
      },
      "KS_stat": 0.11926605504587157,
      "KS_p": 0.4218388405059881,
      "Wasserstein": 11.753732297287744,
      "JSD": 0.06811959085555228,
      "overlap_area": 0.9270707675328607
    },
    "40K": {
      "real_moments": {
        "mean": 625.4423234862386,
        "median": 666.06,
        "std": 325.77620030216633,
        "skew": -0.18433595382893606,
        "kurtosis": -1.210803726194395
      },
      "synth_moments": {
        "mean": 632.4413707067155,
        "median": 670.7917144235139,
        "std": 321.6541541484875,
        "skew": -0.3029998908752041,
        "kurtosis": -1.2367893302534927
      },
      "KS_stat": 0.07339449541284404,
      "KS_p": 0.9325712647984811,
      "Wasserstein": 22.965339590364145,
      "JSD": 0.024389753026995004,
      "overlap_area": 0.9686303107575837
    },
    "Raeq": {
      "real_moments": {
        "mean": 220.80948743119262,
        "median": 193.66001,
        "std": 141.24695669027093,
        "skew": 4.496849695288913,
        "kurtosis": 29.952848462778505
      },
      "synth_moments": {
        "mean": 211.88754409836156,
        "median": 200.1182334905225,
        "std": 92.41688332880038,
        "skew": 0.6398786664604904,
        "kurtosis": 0.34614709262943544
      },
      "KS_stat": 0.11926605504587157,
      "KS_p": 0.4218388405059881,
      "Wasserstein": 20.053034080831196,
      "JSD": 0.035388027597370926,
      "overlap_area": 0.9364007755074452
    },
    "Theq": {
      "real_moments": {
        "mean": 155.1863267889908,
        "median": 136.56014,
        "std": 98.90341948182714,
        "skew": 4.479289412980269,
        "kurtosis": 29.79276992766934
      },
      "synth_moments": {
        "mean": 148.02268730813523,
        "median": 140.71723766062848,
        "std": 62.62043650080682,
        "skew": 0.5088568260536864,
        "kurtosis": 0.049621621360763424
      },
      "KS_stat": 0.11926605504587157,
      "KS_p": 0.4218388405059881,
      "Wasserstein": 14.474770846733396,
      "JSD": 0.02756111961997261,
      "overlap_area": 0.9341248478067373
    },
    "Keq": {
      "real_moments": {
        "mean": 2651.9736386238537,
        "median": 2228.3676,
        "std": 1811.0429350912407,
        "skew": 5.008102937890224,
        "kurtosis": 33.882309184918405
      },
      "synth_moments": {
        "mean": 2460.761961325671,
        "median": 2367.270230327892,
        "std": 1035.3893645356043,
        "skew": 1.1912135860295703,
        "kurtosis": 2.6566670087678705
      },
      "KS_stat": 0.12844036697247707,
      "KS_p": 0.3308699616789528,
      "Wasserstein": 313.0964154648632,
      "JSD": 0.09266816677785013,
      "overlap_area": 0.9115487627810771
    },
    "IG": {
      "real_moments": {
        "mean": 0.7999194495412842,
        "median": 0.72877,
        "std": 0.4950253455180348,
        "skew": 4.324005521258932,
        "kurtosis": 28.49755443867455
      },
      "synth_moments": {
        "mean": 0.76541713842942,
        "median": 0.7388909421069999,
        "std": 0.3232162713698838,
        "skew": 0.39044749621910346,
        "kurtosis": -0.2873813888338388
      },
      "KS_stat": 0.11009174311926606,
      "KS_p": 0.525558691909033,
      "Wasserstein": 0.07483026947345676,
      "JSD": 0.031288293725744716,
      "overlap_area": 0.9285887108169018
    },
    "IA": {
      "real_moments": {
        "mean": 0.3748992660550459,
        "median": 0.35718,
        "std": 0.22028081674815472,
        "skew": 1.583885893541485,
        "kurtosis": 4.364752856144418
      },
      "synth_moments": {
        "mean": 0.3590567319414996,
        "median": 0.351275306604,
        "std": 0.19052928316619994,
        "skew": 1.1728195771383838,
        "kurtosis": 3.0496669082217442
      },
      "KS_stat": 0.10091743119266056,
      "KS_p": 0.6379083904221879,
      "Wasserstein": 0.025552222882544585,
      "JSD": 0.043564463754357984,
      "overlap_area": 0.951778046600968
    },
    "IB": {
      "real_moments": {
        "mean": 0.7059155963302752,
        "median": 0.63475,
        "std": 0.42144292108674913,
        "skew": 4.011764769362035,
        "kurtosis": 25.03382413044252
      },
      "synth_moments": {
        "mean": 0.6815916586137302,
        "median": 0.6706261724389999,
        "std": 0.28819336453258104,
        "skew": 0.48572296572601376,
        "kurtosis": -0.006611326973029463
      },
      "KS_stat": 0.12844036697247707,
      "KS_p": 0.3308699616789528,
      "Wasserstein": 0.062120285397887956,
      "JSD": 0.032345516908976614,
      "overlap_area": 0.9282165226511269
    }
  },
  "corr_similarity": {
    "corrcoef": 0.9328303999712388,
    "frob": 1.1460070921938779,
    "macd": 0.07771859342747897
  },
  "pca_overlap": {
    "overlap_frac": 0.9908256880733946,
    "pca": "PCA(n_components=3)",
    "explained_variance": "[0.78149638 0.12929918 0.08502055]"
  },
  "MMD2": -0.0010107668523420266,
  "SlicedWasserstein": 83.4024754501346,
  "EnergyDistance": 23.01789761357827,
  "gmm_coverage_frac": 0.6666666666666666,
  "knn_coverage": {
    "median_kth": 207.97359228642208,
    "mean_kth": 415.4924263307448,
    "iqr_kth": 112.37806277499391
  }
}