{
  "univariate": {
    "226Ra": {
      "real_moments": {
        "mean": 74.97977183486238,
        "median": 71.4369,
        "std": 44.05617270021668,
        "skew": 1.5838924892056216,
        "kurtosis": 4.364795720944686
      },
      "synth_moments": {
        "mean": 74.33844374396972,
        "median": 67.01645119112769,
        "std": 43.000632240995095,
        "skew": 1.0737515671563924,
        "kurtosis": 0.8775983979358912
      },
      "KS_stat": 0.11009174311926606,
      "KS_p": 0.525558691909033,
      "Wasserstein": 6.8757973387347295,
      "JSD": 0.07713908920263321,
      "overlap_area": 0.8894080247911985
    },
    "232Th": {
      "real_moments": {
        "mean": 68.3011589908257,
        "median": 54.70395,
        "std": 74.86799752698546,
        "skew": 5.899812333485469,
        "kurtosis": 45.73871141090729
      },
      "synth_moments": {
        "mean": 63.282607185080494,
        "median": 53.58298988633849,
        "std": 50.26819045495934,
        "skew": 3.5144539286673213,
        "kurtosis": 17.674266290844717
      },
      "KS_stat": 0.09174311926605505,
      "KS_p": 0.7511370048916558,
      "Wasserstein": 8.456826838788997,
      "JSD": 0.07806898798491002,
      "overlap_area": 0.9299568374678214
    },
    "40K": {
      "real_moments": {
        "mean": 625.4423234862386,
        "median": 666.06,
        "std": 325.77620030216633,
        "skew": -0.18433595382893606,
        "kurtosis": -1.210803726194395
      },
      "synth_moments": {
        "mean": 630.2693734125179,
        "median": 631.9499332648045,
        "std": 336.1568038782897,
        "skew": 0.00271466204721084,
        "kurtosis": -1.30578835072184
      },
      "KS_stat": 0.10091743119266056,
      "KS_p": 0.6379083904221879,
      "Wasserstein": 33.18914836364816,
      "JSD": 0.03483551755772618,
      "overlap_area": 0.926217303007073
    },
    "Raeq": {
      "real_moments": {
        "mean": 220.80948743119262,
        "median": 193.66001,
        "std": 141.24695669027093,
        "skew": 4.496849695288913,
        "kurtosis": 29.952848462778505
      },
      "synth_moments": {
        "mean": 215.03963670857223,
        "median": 195.22908454831585,
        "std": 121.31498676526586,
        "skew": 2.646959942245217,
        "kurtosis": 10.161597192713286
      },
      "KS_stat": 0.11009174311926606,
      "KS_p": 0.525558691909033,
      "Wasserstein": 17.637858439946864,
      "JSD": 0.08950081359313446,
      "overlap_area": 0.9445259141171319
    },
    "Theq": {
      "real_moments": {
        "mean": 155.1863267889908,
        "median": 136.56014,
        "std": 98.90341948182714,
        "skew": 4.479289412980269,
        "kurtosis": 29.79276992766934
      },
      "synth_moments": {
        "mean": 152.3669567115871,
        "median": 140.19361913341484,
        "std": 81.98745274777511,
        "skew": 2.4901915898612907,
        "kurtosis": 9.750325175508978
      },
      "KS_stat": 0.11009174311926606,
      "KS_p": 0.525558691909033,
      "Wasserstein": 9.243584684490514,
      "JSD": 0.03731228488501141,
      "overlap_area": 0.955404110158667
    },
    "Keq": {
      "real_moments": {
        "mean": 2651.9736386238537,
        "median": 2228.3676,
        "std": 1811.0429350912407,
        "skew": 5.008102937890224,
        "kurtosis": 33.882309184918405
      },
      "synth_moments": {
        "mean": 2616.1102906046676,
        "median": 2385.643933080692,
        "std": 1285.2171097039384,
        "skew": 2.173406852802137,
        "kurtosis": 7.920413163221848
      },
      "KS_stat": 0.11926605504587157,
      "KS_p": 0.4218388405059881,
      "Wasserstein": 259.5044103906281,
      "JSD": 0.1023089924493196,
      "overlap_area": 0.9205354457819928
    },
    "IG": {
      "real_moments": {
        "mean": 0.7999194495412842,
        "median": 0.72877,
        "std": 0.4950253455180348,
        "skew": 4.324005521258932,
        "kurtosis": 28.49755443867455
      },
      "synth_moments": {
        "mean": 0.7961174916919799,
        "median": 0.7090223999748,
        "std": 0.48619906473676383,
        "skew": 2.792439257158339,
        "kurtosis": 11.236301526622068
      },
      "KS_stat": 0.11009174311926606,
      "KS_p": 0.525558691909033,
      "Wasserstein": 0.05729077535725311,
      "JSD": 0.041862149115558314,
      "overlap_area": 0.9487570243387587
    },
    "IA": {
      "real_moments": {
        "mean": 0.3748992660550459,
        "median": 0.35718,
        "std": 0.22028081674815472,
        "skew": 1.583885893541485,
        "kurtosis": 4.364752856144418
      },
      "synth_moments": {
        "mean": 0.3849580315375786,
        "median": 0.342133465248,
        "std": 0.2375929828195017,
        "skew": 1.22742365892475,
        "kurtosis": 1.099865457480477
      },
      "KS_stat": 0.11926605504587157,
      "KS_p": 0.4218388405059881,
      "Wasserstein": 0.04373794820339891,
      "JSD": 0.06382809619382139,
      "overlap_area": 0.8780236295684668
    },
    "IB": {
      "real_moments": {
        "mean": 0.7059155963302752,
        "median": 0.63475,
        "std": 0.42144292108674913,
        "skew": 4.011764769362035,
        "kurtosis": 25.03382413044252
      },
      "synth_moments": {
        "mean": 0.7031745993070433,
        "median": 0.642104035733,
        "std": 0.397884141824909,
        "skew": 2.1891156301450625,
        "kurtosis": 7.217893537549834
      },
      "KS_stat": 0.11009174311926606,
      "KS_p": 0.525558691909033,
      "Wasserstein": 0.045510429592415545,
      "JSD": 0.03962937025804747,
      "overlap_area": 0.9422035579833065
    }
  },
  "corr_similarity": {
    "corrcoef": 0.786820991867164,
    "frob": 1.712704293347199,
    "macd": 0.14608842209632553
  },
  "pca_overlap": {
    "overlap_frac": 0.944954128440367,
    "pca": "PCA(n_components=3)",
    "explained_variance": "[0.72447619 0.11399796 0.09108808]"
  },
  "MMD2": -0.0020579418207129496,
  "SlicedWasserstein": 66.7314909796859,
  "EnergyDistance": 20.2603859510416,
  "gmm_coverage_frac": 0.6666666666666666,
  "knn_coverage": {
    "median_kth": 230.97280335104094,
    "mean_kth": 426.92771761454355,
    "iqr_kth": 117.82526892314132
  }
}