{
  "univariate": {
    "226Ra": {
      "real_moments": {
        "mean": 74.97977183486238,
        "median": 71.4369,
        "std": 44.05617270021668,
        "skew": 1.5838924892056216,
        "kurtosis": 4.364795720944686
      },
      "synth_moments": {
        "mean": 73.78449218212937,
        "median": 72.15540584380459,
        "std": 47.88381329230823,
        "skew": 1.8426130648287427,
        "kurtosis": 4.5286331282027374
      },
      "KS_stat": 0.11926605504587157,
      "KS_p": 0.4218388405059881,
      "Wasserstein": 5.226477233119714,
      "JSD": 0.06487897939782965,
      "overlap_area": 0.9386946019207651
    },
    "232Th": {
      "real_moments": {
        "mean": 68.3011589908257,
        "median": 54.70395,
        "std": 74.86799752698546,
        "skew": 5.899812333485469,
        "kurtosis": 45.73871141090729
      },
      "synth_moments": {
        "mean": 72.77973405158997,
        "median": 51.90460548617988,
        "std": 86.54323635672723,
        "skew": 4.386435685159099,
        "kurtosis": 23.225043893973027
      },
      "KS_stat": 0.09174311926605505,
      "KS_p": 0.7511370048916558,
      "Wasserstein": 8.64828178146628,
      "JSD": 0.04859045373812637,
      "overlap_area": 0.9567638288888042
    },
    "40K": {
      "real_moments": {
        "mean": 625.4423234862386,
        "median": 666.06,
        "std": 325.77620030216633,
        "skew": -0.18433595382893606,
        "kurtosis": -1.210803726194395
      },
      "synth_moments": {
        "mean": 612.3813772610287,
        "median": 639.262048197526,
        "std": 335.3428304512026,
        "skew": -0.14004346957878416,
        "kurtosis": -1.3017080996877413
      },
      "KS_stat": 0.06422018348623854,
      "KS_p": 0.9791203051957483,
      "Wasserstein": 23.505982363265755,
      "JSD": 0.005878859956452893,
      "overlap_area": 0.9737185856331316
    },
    "Raeq": {
      "real_moments": {
        "mean": 220.80948743119262,
        "median": 193.66001,
        "std": 141.24695669027093,
        "skew": 4.496849695288913,
        "kurtosis": 29.952848462778505
      },
      "synth_moments": {
        "mean": 225.39144112856425,
        "median": 190.59087946625505,
        "std": 163.8951771152497,
        "skew": 3.605670922851913,
        "kurtosis": 16.960447195623523
      },
      "KS_stat": 0.08256880733944955,
      "KS_p": 0.8537177036275024,
      "Wasserstein": 19.558507223851084,
      "JSD": 0.07233836786367182,
      "overlap_area": 0.9387767651402592
    },
    "Theq": {
      "real_moments": {
        "mean": 155.1863267889908,
        "median": 136.56014,
        "std": 98.90341948182714,
        "skew": 4.479289412980269,
        "kurtosis": 29.79276992766934
      },
      "synth_moments": {
        "mean": 159.95755112915063,
        "median": 136.9522499513761,
        "std": 114.77163126014422,
        "skew": 3.515032766927692,
        "kurtosis": 16.297505748678926
      },
      "KS_stat": 0.06422018348623854,
      "KS_p": 0.9791203051957483,
      "Wasserstein": 12.974187673589164,
      "JSD": 0.08185500023698285,
      "overlap_area": 0.9486472814880074
    },
    "Keq": {
      "real_moments": {
        "mean": 2651.9736386238537,
        "median": 2228.3676,
        "std": 1811.0429350912407,
        "skew": 5.008102937890224,
        "kurtosis": 33.882309184918405
      },
      "synth_moments": {
        "mean": 2690.493408710174,
        "median": 2157.407046687621,
        "std": 2126.3755759777337,
        "skew": 3.8530241792015505,
        "kurtosis": 18.27036739409374
      },
      "KS_stat": 0.11926605504587157,
      "KS_p": 0.4218388405059881,
      "Wasserstein": 246.90315267765,
      "JSD": 0.11422934463883894,
      "overlap_area": 0.933049558173715
    },
    "IG": {
      "real_moments": {
        "mean": 0.7999194495412842,
        "median": 0.72877,
        "std": 0.4950253455180348,
        "skew": 4.324005521258932,
        "kurtosis": 28.49755443867455
      },
      "synth_moments": {
        "mean": 0.8261353086533377,
        "median": 0.7021911336266184,
        "std": 0.5983178285380389,
        "skew": 3.635057511677209,
        "kurtosis": 17.320209689304654
      },
      "KS_stat": 0.06422018348623854,
      "KS_p": 0.9791203051957483,
      "Wasserstein": 0.0683453790103938,
      "JSD": 0.04893920216158171,
      "overlap_area": 0.955132825319009
    },
    "IA": {
      "real_moments": {
        "mean": 0.3748992660550459,
        "median": 0.35718,
        "std": 0.22028081674815472,
        "skew": 1.583885893541485,
        "kurtosis": 4.364752856144418
      },
      "synth_moments": {
        "mean": 0.3756398936460502,
        "median": 0.357485781931859,
        "std": 0.2459361221119549,
        "skew": 1.8751382216819374,
        "kurtosis": 4.418289794687967
      },
      "KS_stat": 0.10091743119266056,
      "KS_p": 0.6379083904221879,
      "Wasserstein": 0.026517356405664085,
      "JSD": 0.07135458843113193,
      "overlap_area": 0.9421452754845058
    },
    "IB": {
      "real_moments": {
        "mean": 0.7059155963302752,
        "median": 0.63475,
        "std": 0.42144292108674913,
        "skew": 4.011764769362035,
        "kurtosis": 25.03382413044252
      },
      "synth_moments": {
        "mean": 0.72379646127682,
        "median": 0.6146497376733483,
        "std": 0.5133963054336784,
        "skew": 3.505299720371746,
        "kurtosis": 16.02058589451794
      },
      "KS_stat": 0.07339449541284404,
      "KS_p": 0.9325712647984811,
      "Wasserstein": 0.0602028229348271,
      "JSD": 0.06544601160158266,
      "overlap_area": 0.9450299241840044
    }
  },
  "corr_similarity": {
    "corrcoef": 0.8807699574142395,
    "frob": 1.434484855814797,
    "macd": 0.11453521777530479
  },
  "pca_overlap": {
    "overlap_frac": 0.9357798165137615,
    "pca": "PCA(n_components=3)",
    "explained_variance": "[0.75515975 0.11398005 0.08131519]"
  },
  "MMD2": -0.0036184812311961245,
  "SlicedWasserstein": 65.99475522494517,
  "EnergyDistance": 16.67909202695614,
  "gmm_coverage_frac": 0.6666666666666666,
  "knn_coverage": {
    "median_kth": 214.72075616130223,
    "mean_kth": 386.7725837071843,
    "iqr_kth": 226.44570070488155
  }
}