{
  "univariate": {
    "226Ra": {
      "real_moments": {
        "mean": 74.97977183486238,
        "median": 71.4369,
        "std": 44.05617270021668,
        "skew": 1.5838924892056216,
        "kurtosis": 4.364795720944686
      },
      "synth_moments": {
        "mean": 73.44112911932642,
        "median": 68.87072181639584,
        "std": 35.06350944025302,
        "skew": 0.7949674040243319,
        "kurtosis": 1.2566989818306569
      },
      "KS_stat": 0.08256880733944955,
      "KS_p": 0.8537177036275024,
      "Wasserstein": 5.967811725513137,
      "JSD": 0.06771315203812145,
      "overlap_area": 0.9182818614651891
    },
    "232Th": {
      "real_moments": {
        "mean": 68.3011589908257,
        "median": 54.70395,
        "std": 74.86799752698546,
        "skew": 5.899812333485469,
        "kurtosis": 45.73871141090729
      },
      "synth_moments": {
        "mean": 62.003504918224756,
        "median": 57.90902620126501,
        "std": 37.204338200821155,
        "skew": 1.149167222259158,
        "kurtosis": 1.018034555513462
      },
      "KS_stat": 0.08256880733944955,
      "KS_p": 0.8537177036275024,
      "Wasserstein": 9.935711252417219,
      "JSD": 0.051057719788764944,
      "overlap_area": 0.9491939352985744
    },
    "40K": {
      "real_moments": {
        "mean": 625.4423234862386,
        "median": 666.06,
        "std": 325.77620030216633,
        "skew": -0.18433595382893606,
        "kurtosis": -1.210803726194395
      },
      "synth_moments": {
        "mean": 628.7176184486669,
        "median": 650.0537676741144,
        "std": 307.3252847253881,
        "skew": -0.20122056766750981,
        "kurtosis": -1.1819797924723068
      },
      "KS_stat": 0.05504587155963303,
      "KS_p": 0.9967758992890015,
      "Wasserstein": 22.45699547489076,
      "JSD": 0.02153311390539482,
      "overlap_area": 0.9636252147294515
    },
    "Raeq": {
      "real_moments": {
        "mean": 220.80948743119262,
        "median": 193.66001,
        "std": 141.24695669027093,
        "skew": 4.496849695288913,
        "kurtosis": 29.952848462778505
      },
      "synth_moments": {
        "mean": 210.7015135580115,
        "median": 190.3275427135403,
        "std": 79.5944908566745,
        "skew": 0.4935733876965433,
        "kurtosis": -0.6697431200546937
      },
      "KS_stat": 0.07339449541284404,
      "KS_p": 0.9325712647984811,
      "Wasserstein": 18.891088424163918,
      "JSD": 0.033803326101695175,
      "overlap_area": 0.9574838989059836
    },
    "Theq": {
      "real_moments": {
        "mean": 155.1863267889908,
        "median": 136.56014,
        "std": 98.90341948182714,
        "skew": 4.479289412980269,
        "kurtosis": 29.79276992766934
      },
      "synth_moments": {
        "mean": 147.99647457079516,
        "median": 134.33952907649626,
        "std": 55.64044038487399,
        "skew": 0.46453270934758895,
        "kurtosis": -0.762471893981322
      },
      "KS_stat": 0.05504587155963303,
      "KS_p": 0.9967758992890015,
      "Wasserstein": 13.129449853941505,
      "JSD": 0.030763329042771518,
      "overlap_area": 0.9567504059496675
    },
    "Keq": {
      "real_moments": {
        "mean": 2651.9736386238537,
        "median": 2228.3676,
        "std": 1811.0429350912407,
        "skew": 5.008102937890224,
        "kurtosis": 33.882309184918405
      },
      "synth_moments": {
        "mean": 2506.730583914758,
        "median": 2278.4917687830084,
        "std": 913.875537854324,
        "skew": 1.1269714376087188,
        "kurtosis": 1.1692030996125649
      },
      "KS_stat": 0.07339449541284404,
      "KS_p": 0.9325712647984811,
      "Wasserstein": 259.9200861186686,
      "JSD": 0.08680210770245342,
      "overlap_area": 0.9549191322131784
    },
    "IG": {
      "real_moments": {
        "mean": 0.7999194495412842,
        "median": 0.72877,
        "std": 0.4950253455180348,
        "skew": 4.324005521258932,
        "kurtosis": 28.49755443867455
      },
      "synth_moments": {
        "mean": 0.7657553550103267,
        "median": 0.695240684928,
        "std": 0.2856845657676627,
        "skew": 0.466858665663373,
        "kurtosis": -0.7730939110850774
      },
      "KS_stat": 0.05504587155963303,
      "KS_p": 0.9967758992890015,
      "Wasserstein": 0.06720285840700173,
      "JSD": 0.05037747885562591,
      "overlap_area": 0.9562402865560442
    },
    "IA": {
      "real_moments": {
        "mean": 0.3748992660550459,
        "median": 0.35718,
        "std": 0.22028081674815472,
        "skew": 1.583885893541485,
        "kurtosis": 4.364752856144418
      },
      "synth_moments": {
        "mean": 0.36905424367423406,
        "median": 0.3411870443872,
        "std": 0.1783912894751385,
        "skew": 0.9093109662811321,
        "kurtosis": 1.7618692464360226
      },
      "KS_stat": 0.08256880733944955,
      "KS_p": 0.8537177036275024,
      "Wasserstein": 0.029414746767534684,
      "JSD": 0.07384036633057933,
      "overlap_area": 0.9160506860089426
    },
    "IB": {
      "real_moments": {
        "mean": 0.7059155963302752,
        "median": 0.63475,
        "std": 0.42144292108674913,
        "skew": 4.011764769362035,
        "kurtosis": 25.03382413044252
      },
      "synth_moments": {
        "mean": 0.6817220979103936,
        "median": 0.6125108957790001,
        "std": 0.2518505747596031,
        "skew": 0.49136272293561273,
        "kurtosis": -0.6687911868425909
      },
      "KS_stat": 0.08256880733944955,
      "KS_p": 0.8537177036275024,
      "Wasserstein": 0.0567761097269054,
      "JSD": 0.05350118102877535,
      "overlap_area": 0.9541413323223419
    }
  },
  "corr_similarity": {
    "corrcoef": 0.6506171274348356,
    "frob": 2.1983248820038805,
    "macd": 0.18397106758762483
  },
  "pca_overlap": {
    "overlap_frac": 0.9908256880733946,
    "pca": "PCA(n_components=3)",
    "explained_variance": "[0.72133076 0.11229742 0.10508606]"
  },
  "MMD2": -0.0051477765009999565,
  "SlicedWasserstein": 73.96619215615277,
  "EnergyDistance": 13.988329418111334,
  "gmm_coverage_frac": 0.6666666666666666,
  "knn_coverage": {
    "median_kth": 179.29703123184674,
    "mean_kth": 400.92384511925286,
    "iqr_kth": 161.039066465073
  }
}