{
  "univariate": {
    "226Ra": {
      "real_moments": {
        "mean": 74.97977183486238,
        "median": 71.4369,
        "std": 44.05617270021668,
        "skew": 1.5838924892056216,
        "kurtosis": 4.364795720944686
      },
      "synth_moments": {
        "mean": 73.33286621096674,
        "median": 70.78326373709412,
        "std": 44.25104933935601,
        "skew": 1.5550654068542833,
        "kurtosis": 3.4527895988691126
      },
      "KS_stat": 0.09174311926605505,
      "KS_p": 0.7511370048916558,
      "Wasserstein": 4.0331052502739775,
      "JSD": 0.034580432563196095,
      "overlap_area": 0.9512457354536124
    },
    "232Th": {
      "real_moments": {
        "mean": 68.3011589908257,
        "median": 54.70395,
        "std": 74.86799752698546,
        "skew": 5.899812333485469,
        "kurtosis": 45.73871141090729
      },
      "synth_moments": {
        "mean": 63.172116711955354,
        "median": 50.18541881805415,
        "std": 56.82447017977372,
        "skew": 3.5136200132160584,
        "kurtosis": 15.510793635877164
      },
      "KS_stat": 0.09174311926605505,
      "KS_p": 0.7511370048916558,
      "Wasserstein": 9.769416115013755,
      "JSD": 0.08222795823171586,
      "overlap_area": 0.9295734708874362
    },
    "40K": {
      "real_moments": {
        "mean": 625.4423234862386,
        "median": 666.06,
        "std": 325.77620030216633,
        "skew": -0.18433595382893606,
        "kurtosis": -1.210803726194395
      },
      "synth_moments": {
        "mean": 634.1765392860083,
        "median": 679.1480966659209,
        "std": 330.0026880002053,
        "skew": -0.30436995816178936,
        "kurtosis": -1.2077479731371814
      },
      "KS_stat": 0.06422018348623854,
      "KS_p": 0.9791203051957483,
      "Wasserstein": 25.433405584598585,
      "JSD": 0.021584371268772926,
      "overlap_area": 0.9652429919568088
    },
    "Raeq": {
      "real_moments": {
        "mean": 220.80948743119262,
        "median": 193.66001,
        "std": 141.24695669027093,
        "skew": 4.496849695288913,
        "kurtosis": 29.952848462778505
      },
      "synth_moments": {
        "mean": 215.0520114469183,
        "median": 183.68445193633136,
        "std": 121.39739109118754,
        "skew": 2.8644924282032687,
        "kurtosis": 11.181173386394931
      },
      "KS_stat": 0.07339449541284404,
      "KS_p": 0.9325712647984811,
      "Wasserstein": 15.516675610389914,
      "JSD": 0.05320015170700022,
      "overlap_area": 0.9457513622334859
    },
    "Theq": {
      "real_moments": {
        "mean": 155.1863267889908,
        "median": 136.56014,
        "std": 98.90341948182714,
        "skew": 4.479289412980269,
        "kurtosis": 29.79276992766934
      },
      "synth_moments": {
        "mean": 149.37641879202627,
        "median": 129.0376454966987,
        "std": 83.23489159020811,
        "skew": 2.785658182037471,
        "kurtosis": 10.772480445969546
      },
      "KS_stat": 0.09174311926605505,
      "KS_p": 0.7511370048916558,
      "Wasserstein": 11.17981995910803,
      "JSD": 0.04547796924164772,
      "overlap_area": 0.9429376249900534
    },
    "Keq": {
      "real_moments": {
        "mean": 2651.9736386238537,
        "median": 2228.3676,
        "std": 1811.0429350912407,
        "skew": 5.008102937890224,
        "kurtosis": 33.882309184918405
      },
      "synth_moments": {
        "mean": 2526.926953154516,
        "median": 2170.850937734897,
        "std": 1537.4385186998693,
        "skew": 3.5609053176462364,
        "kurtosis": 15.100487570079359
      },
      "KS_stat": 0.13761467889908258,
      "KS_p": 0.25410351783769675,
      "Wasserstein": 229.0903196466121,
      "JSD": 0.07517971362906377,
      "overlap_area": 0.9330582896558006
    },
    "IG": {
      "real_moments": {
        "mean": 0.7999194495412842,
        "median": 0.72877,
        "std": 0.4950253455180348,
        "skew": 4.324005521258932,
        "kurtosis": 28.49755443867455
      },
      "synth_moments": {
        "mean": 0.7890013282397333,
        "median": 0.6583422993794364,
        "std": 0.45210082534284896,
        "skew": 3.0696101571879075,
        "kurtosis": 12.916706954847363
      },
      "KS_stat": 0.08256880733944955,
      "KS_p": 0.8537177036275024,
      "Wasserstein": 0.0523169348688893,
      "JSD": 0.04409225938803647,
      "overlap_area": 0.9489033735502351
    },
    "IA": {
      "real_moments": {
        "mean": 0.3748992660550459,
        "median": 0.35718,
        "std": 0.22028081674815472,
        "skew": 1.583885893541485,
        "kurtosis": 4.364752856144418
      },
      "synth_moments": {
        "mean": 0.37559251108815134,
        "median": 0.3616560093441742,
        "std": 0.2307346798221891,
        "skew": 1.6591453752319107,
        "kurtosis": 3.780072388538289
      },
      "KS_stat": 0.08256880733944955,
      "KS_p": 0.8537177036275024,
      "Wasserstein": 0.017306447736055993,
      "JSD": 0.014586642806449673,
      "overlap_area": 0.9610944547265781
    },
    "IB": {
      "real_moments": {
        "mean": 0.7059155963302752,
        "median": 0.63475,
        "std": 0.42144292108674913,
        "skew": 4.011764769362035,
        "kurtosis": 25.03382413044252
      },
      "synth_moments": {
        "mean": 0.697719478750727,
        "median": 0.587831637670525,
        "std": 0.3904630711866774,
        "skew": 3.004504986034148,
        "kurtosis": 12.569505817296696
      },
      "KS_stat": 0.08256880733944955,
      "KS_p": 0.8537177036275024,
      "Wasserstein": 0.04174008284398759,
      "JSD": 0.04073304632021191,
      "overlap_area": 0.9531968118397739
    }
  },
  "corr_similarity": {
    "corrcoef": 0.8358718733286633,
    "frob": 1.5812916097890806,
    "macd": 0.11499319892500572
  },
  "pca_overlap": {
    "overlap_frac": 0.9724770642201835,
    "pca": "PCA(n_components=3)",
    "explained_variance": "[0.73978681 0.11658498 0.0897569 ]"
  },
  "MMD2": -0.0037106209580954896,
  "SlicedWasserstein": 63.70283906285833,
  "EnergyDistance": 16.637098786636216,
  "gmm_coverage_frac": 0.6666666666666666,
  "knn_coverage": {
    "median_kth": 188.71601293214982,
    "mean_kth": 430.50659003744704,
    "iqr_kth": 161.9967218259304
  }
}