{
  "univariate": {
    "226Ra": {
      "real_moments": {
        "mean": 74.97977183486238,
        "median": 71.4369,
        "std": 44.05617270021668,
        "skew": 1.5838924892056216,
        "kurtosis": 4.364795720944686
      },
      "synth_moments": {
        "mean": 74.34758510278508,
        "median": 68.17465815858708,
        "std": 44.59642009348865,
        "skew": 1.210760709156511,
        "kurtosis": 1.4382288163975039
      },
      "KS_stat": 0.08256880733944955,
      "KS_p": 0.8537177036275024,
      "Wasserstein": 5.729465533325936,
      "JSD": 0.06023432636920867,
      "overlap_area": 0.9196298558691873
    },
    "232Th": {
      "real_moments": {
        "mean": 68.3011589908257,
        "median": 54.70395,
        "std": 74.86799752698546,
        "skew": 5.899812333485469,
        "kurtosis": 45.73871141090729
      },
      "synth_moments": {
        "mean": 60.330676585267355,
        "median": 52.79174753177021,
        "std": 36.81093184879318,
        "skew": 1.859898581375747,
        "kurtosis": 5.126086253261441
      },
      "KS_stat": 0.09174311926605505,
      "KS_p": 0.7511370048916558,
      "Wasserstein": 10.540600782245182,
      "JSD": 0.053564624736628916,
      "overlap_area": 0.9300753651383531
    },
    "40K": {
      "real_moments": {
        "mean": 625.4423234862386,
        "median": 666.06,
        "std": 325.77620030216633,
        "skew": -0.18433595382893606,
        "kurtosis": -1.210803726194395
      },
      "synth_moments": {
        "mean": 641.3014235942957,
        "median": 627.4292886818306,
        "std": 309.94751920354173,
        "skew": -0.0866978653211589,
        "kurtosis": -1.2024713371467077
      },
      "KS_stat": 0.09174311926605505,
      "KS_p": 0.7511370048916558,
      "Wasserstein": 33.01502292284895,
      "JSD": 0.035526850396033954,
      "overlap_area": 0.92987709118199
    },
    "Raeq": {
      "real_moments": {
        "mean": 220.80948743119262,
        "median": 193.66001,
        "std": 141.24695669027093,
        "skew": 4.496849695288913,
        "kurtosis": 29.952848462778505
      },
      "synth_moments": {
        "mean": 212.42262582458926,
        "median": 188.53650535478795,
        "std": 90.61934959863265,
        "skew": 1.4660415636090511,
        "kurtosis": 3.1957164397021165
      },
      "KS_stat": 0.08256880733944955,
      "KS_p": 0.8537177036275024,
      "Wasserstein": 16.23773990181239,
      "JSD": 0.051315099585785284,
      "overlap_area": 0.9576565990001731
    },
    "Theq": {
      "real_moments": {
        "mean": 155.1863267889908,
        "median": 136.56014,
        "std": 98.90341948182714,
        "skew": 4.479289412980269,
        "kurtosis": 29.79276992766934
      },
      "synth_moments": {
        "mean": 147.62525815767808,
        "median": 130.75141925674455,
        "std": 61.620144760874105,
        "skew": 1.3555334828395467,
        "kurtosis": 2.5859165747107884
      },
      "KS_stat": 0.07339449541284404,
      "KS_p": 0.9325712647984811,
      "Wasserstein": 12.384867117901363,
      "JSD": 0.06236070779594379,
      "overlap_area": 0.9522704317667414
    },
    "Keq": {
      "real_moments": {
        "mean": 2651.9736386238537,
        "median": 2228.3676,
        "std": 1811.0429350912407,
        "skew": 5.008102937890224,
        "kurtosis": 33.882309184918405
      },
      "synth_moments": {
        "mean": 2530.4413983537015,
        "median": 2328.9039814174894,
        "std": 1032.969892501188,
        "skew": 2.193194179220243,
        "kurtosis": 7.516760187197754
      },
      "KS_stat": 0.09174311926605505,
      "KS_p": 0.7511370048916558,
      "Wasserstein": 252.05862759203637,
      "JSD": 0.0752665102906507,
      "overlap_area": 0.9358547889800624
    },
    "IG": {
      "real_moments": {
        "mean": 0.7999194495412842,
        "median": 0.72877,
        "std": 0.4950253455180348,
        "skew": 4.324005521258932,
        "kurtosis": 28.49755443867455
      },
      "synth_moments": {
        "mean": 0.7751819150725742,
        "median": 0.676030563344,
        "std": 0.3365070681939748,
        "skew": 1.5027377028662625,
        "kurtosis": 3.6013520973979203
      },
      "KS_stat": 0.10091743119266056,
      "KS_p": 0.6379083904221879,
      "Wasserstein": 0.05793906892669166,
      "JSD": 0.056417676710150126,
      "overlap_area": 0.957206872185923
    },
    "IA": {
      "real_moments": {
        "mean": 0.3748992660550459,
        "median": 0.35718,
        "std": 0.22028081674815472,
        "skew": 1.583885893541485,
        "kurtosis": 4.364752856144418
      },
      "synth_moments": {
        "mean": 0.3753480928919809,
        "median": 0.3290421806,
        "std": 0.22762665559998324,
        "skew": 1.280351477383462,
        "kurtosis": 1.6290049070702342
      },
      "KS_stat": 0.08256880733944955,
      "KS_p": 0.8537177036275024,
      "Wasserstein": 0.029236764360135052,
      "JSD": 0.06989590023360162,
      "overlap_area": 0.9186091795870646
    },
    "IB": {
      "real_moments": {
        "mean": 0.7059155963302752,
        "median": 0.63475,
        "std": 0.42144292108674913,
        "skew": 4.011764769362035,
        "kurtosis": 25.03382413044252
      },
      "synth_moments": {
        "mean": 0.6915199595009415,
        "median": 0.6096662473668,
        "std": 0.307908296132389,
        "skew": 1.4229735994919759,
        "kurtosis": 2.6465612555757208
      },
      "KS_stat": 0.07339449541284404,
      "KS_p": 0.9325712647984811,
      "Wasserstein": 0.0492661756492017,
      "JSD": 0.0416437608704746,
      "overlap_area": 0.9595404288548313
    }
  },
  "corr_similarity": {
    "corrcoef": 0.8104702110294436,
    "frob": 1.6573398184904748,
    "macd": 0.13291645750297132
  },
  "pca_overlap": {
    "overlap_frac": 0.9724770642201835,
    "pca": "PCA(n_components=3)",
    "explained_variance": "[0.72937965 0.11636055 0.10179743]"
  },
  "MMD2": -0.002771683671802805,
  "SlicedWasserstein": 72.60118806905895,
  "EnergyDistance": 17.40007530019375,
  "gmm_coverage_frac": 0.6666666666666666,
  "knn_coverage": {
    "median_kth": 206.73195736604671,
    "mean_kth": 436.36425822410257,
    "iqr_kth": 119.78556996766488
  }
}