{
  "univariate": {
    "226Ra": {
      "real_moments": {
        "mean": 74.97977183486238,
        "median": 71.4369,
        "std": 44.05617270021668,
        "skew": 1.5838924892056216,
        "kurtosis": 4.364795720944686
      },
      "synth_moments": {
        "mean": 75.6802480619862,
        "median": 79.75528037394494,
        "std": 44.082967697354626,
        "skew": 1.2441277611258565,
        "kurtosis": 2.3952311556495074
      },
      "KS_stat": 0.09174311926605505,
      "KS_p": 0.7511370048916558,
      "Wasserstein": 4.178666696844894,
      "JSD": 0.06496076097491542,
      "overlap_area": 0.946488054701033
    },
    "232Th": {
      "real_moments": {
        "mean": 68.3011589908257,
        "median": 54.70395,
        "std": 74.86799752698546,
        "skew": 5.899812333485469,
        "kurtosis": 45.73871141090729
      },
      "synth_moments": {
        "mean": 64.07682633195058,
        "median": 51.96500922488365,
        "std": 50.57385735815575,
        "skew": 2.4315974526110735,
        "kurtosis": 7.7357968094059935
      },
      "KS_stat": 0.06422018348623854,
      "KS_p": 0.9791203051957483,
      "Wasserstein": 7.159437673215957,
      "JSD": 0.054204869855855306,
      "overlap_area": 0.9619687566821024
    },
    "40K": {
      "real_moments": {
        "mean": 625.4423234862386,
        "median": 666.06,
        "std": 325.77620030216633,
        "skew": -0.18433595382893606,
        "kurtosis": -1.210803726194395
      },
      "synth_moments": {
        "mean": 608.7272295639971,
        "median": 620.2276781890308,
        "std": 317.4744579089526,
        "skew": -0.09492817023668247,
        "kurtosis": -1.2531522877135326
      },
      "KS_stat": 0.08256880733944955,
      "KS_p": 0.8537177036275024,
      "Wasserstein": 27.55111612374301,
      "JSD": 0.02852170933848057,
      "overlap_area": 0.9693806008575117
    },
    "Raeq": {
      "real_moments": {
        "mean": 220.80948743119262,
        "median": 193.66001,
        "std": 141.24695669027093,
        "skew": 4.496849695288913,
        "kurtosis": 29.952848462778505
      },
      "synth_moments": {
        "mean": 214.7971742485055,
        "median": 189.5773097511172,
        "std": 110.67495093151886,
        "skew": 1.8793316393890518,
        "kurtosis": 5.1580281630966045
      },
      "KS_stat": 0.06422018348623854,
      "KS_p": 0.9791203051957483,
      "Wasserstein": 14.41505774673406,
      "JSD": 0.04073220196986411,
      "overlap_area": 0.9607911569208457
    },
    "Theq": {
      "real_moments": {
        "mean": 155.1863267889908,
        "median": 136.56014,
        "std": 98.90341948182714,
        "skew": 4.479289412980269,
        "kurtosis": 29.79276992766934
      },
      "synth_moments": {
        "mean": 152.7919327566806,
        "median": 136.46310763329532,
        "std": 79.29095144454689,
        "skew": 1.7977631952799407,
        "kurtosis": 4.618584145710005
      },
      "KS_stat": 0.05504587155963303,
      "KS_p": 0.9967758992890015,
      "Wasserstein": 10.274758661769141,
      "JSD": 0.049163003265659956,
      "overlap_area": 0.9624171812177603
    },
    "Keq": {
      "real_moments": {
        "mean": 2651.9736386238537,
        "median": 2228.3676,
        "std": 1811.0429350912407,
        "skew": 5.008102937890224,
        "kurtosis": 33.882309184918405
      },
      "synth_moments": {
        "mean": 2570.869112327576,
        "median": 2195.846727992668,
        "std": 1439.628934062793,
        "skew": 2.5268751779329772,
        "kurtosis": 7.969504713354736
      },
      "KS_stat": 0.09174311926605505,
      "KS_p": 0.7511370048916558,
      "Wasserstein": 202.8831309599937,
      "JSD": 0.06372693015999228,
      "overlap_area": 0.956064478516289
    },
    "IG": {
      "real_moments": {
        "mean": 0.7999194495412842,
        "median": 0.72877,
        "std": 0.4950253455180348,
        "skew": 4.324005521258932,
        "kurtosis": 28.49755443867455
      },
      "synth_moments": {
        "mean": 0.7892925566525718,
        "median": 0.7078595306620795,
        "std": 0.41056072269399,
        "skew": 1.935309519067114,
        "kurtosis": 5.327057552704593
      },
      "KS_stat": 0.06422018348623854,
      "KS_p": 0.9791203051957483,
      "Wasserstein": 0.049086121350265355,
      "JSD": 0.036234893545313264,
      "overlap_area": 0.9584934898150913
    },
    "IA": {
      "real_moments": {
        "mean": 0.3748992660550459,
        "median": 0.35718,
        "std": 0.22028081674815472,
        "skew": 1.583885893541485,
        "kurtosis": 4.364752856144418
      },
      "synth_moments": {
        "mean": 0.37796816451265286,
        "median": 0.3973852702916583,
        "std": 0.22592174205296117,
        "skew": 1.4730624620735249,
        "kurtosis": 3.228014572795021
      },
      "KS_stat": 0.07339449541284404,
      "KS_p": 0.9325712647984811,
      "Wasserstein": 0.021109492682444275,
      "JSD": 0.05920307663991614,
      "overlap_area": 0.9508848978841412
    },
    "IB": {
      "real_moments": {
        "mean": 0.7059155963302752,
        "median": 0.63475,
        "std": 0.42144292108674913,
        "skew": 4.011764769362035,
        "kurtosis": 25.03382413044252
      },
      "synth_moments": {
        "mean": 0.6985988845286039,
        "median": 0.6064809187310453,
        "std": 0.36446139649040615,
        "skew": 1.9599311173096432,
        "kurtosis": 5.411773355381305
      },
      "KS_stat": 0.05504587155963303,
      "KS_p": 0.9967758992890015,
      "Wasserstein": 0.04202667526649932,
      "JSD": 0.044195602939723064,
      "overlap_area": 0.9604035507351978
    }
  },
  "corr_similarity": {
    "corrcoef": 0.8647069828875286,
    "frob": 1.4410884762428644,
    "macd": 0.10942596041120037
  },
  "pca_overlap": {
    "overlap_frac": 0.963302752293578,
    "pca": "PCA(n_components=3)",
    "explained_variance": "[0.74479168 0.11389407 0.09178151]"
  },
  "MMD2": -0.006448238844513954,
  "SlicedWasserstein": 55.12778726948656,
  "EnergyDistance": 8.79691460464096,
  "gmm_coverage_frac": 0.6666666666666666,
  "knn_coverage": {
    "median_kth": 196.59794000008404,
    "mean_kth": 392.27135610532974,
    "iqr_kth": 189.72429898839007
  }
}