{
  "univariate": {
    "226Ra": {
      "real_moments": {
        "mean": 74.97977183486238,
        "median": 71.4369,
        "std": 44.05617270021668,
        "skew": 1.5838924892056216,
        "kurtosis": 4.364795720944686
      },
      "synth_moments": {
        "mean": 74.09685249949013,
        "median": 71.49481226334832,
        "std": 42.15450132930824,
        "skew": 1.2013095880686075,
        "kurtosis": 3.134884873311008
      },
      "KS_stat": 0.06422018348623854,
      "KS_p": 0.9791203051957483,
      "Wasserstein": 3.5042546219600723,
      "JSD": 0.02492967631202231,
      "overlap_area": 0.9493560028485232
    },
    "232Th": {
      "real_moments": {
        "mean": 68.3011589908257,
        "median": 54.70395,
        "std": 74.86799752698546,
        "skew": 5.899812333485469,
        "kurtosis": 45.73871141090729
      },
      "synth_moments": {
        "mean": 65.45276803719723,
        "median": 51.75840448761489,
        "std": 62.156791500766126,
        "skew": 4.922626821427528,
        "kurtosis": 35.45832221882068
      },
      "KS_stat": 0.05504587155963303,
      "KS_p": 0.9967758992890015,
      "Wasserstein": 4.421527263715232,
      "JSD": 0.026067365353945056,
      "overlap_area": 0.9675733304505011
    },
    "40K": {
      "real_moments": {
        "mean": 625.4423234862386,
        "median": 666.06,
        "std": 325.77620030216633,
        "skew": -0.18433595382893606,
        "kurtosis": -1.210803726194395
      },
      "synth_moments": {
        "mean": 620.2352561134542,
        "median": 660.8335023426976,
        "std": 312.518233625029,
        "skew": -0.17587609329561493,
        "kurtosis": -1.20355240157556
      },
      "KS_stat": 0.07339449541284404,
      "KS_p": 0.9325712647984811,
      "Wasserstein": 21.28200335400891,
      "JSD": 0.01851605580384584,
      "overlap_area": 0.9664592112722805
    },
    "Raeq": {
      "real_moments": {
        "mean": 220.80948743119262,
        "median": 193.66001,
        "std": 141.24695669027093,
        "skew": 4.496849695288913,
        "kurtosis": 29.952848462778505
      },
      "synth_moments": {
        "mean": 219.55806362949392,
        "median": 193.7006053517285,
        "std": 147.18050272417761,
        "skew": 4.406193223821492,
        "kurtosis": 27.824497687298567
      },
      "KS_stat": 0.07339449541284404,
      "KS_p": 0.9325712647984811,
      "Wasserstein": 11.467885503908779,
      "JSD": 0.03870047346178469,
      "overlap_area": 0.9473398577570445
    },
    "Theq": {
      "real_moments": {
        "mean": 155.1863267889908,
        "median": 136.56014,
        "std": 98.90341948182714,
        "skew": 4.479289412980269,
        "kurtosis": 29.79276992766934
      },
      "synth_moments": {
        "mean": 155.51690922196957,
        "median": 137.281278394551,
        "std": 104.00286143365707,
        "skew": 4.320880644936365,
        "kurtosis": 26.853295386656146
      },
      "KS_stat": 0.07339449541284404,
      "KS_p": 0.9325712647984811,
      "Wasserstein": 8.151337106960566,
      "JSD": 0.03452489676315454,
      "overlap_area": 0.9433994017447214
    },
    "Keq": {
      "real_moments": {
        "mean": 2651.9736386238537,
        "median": 2228.3676,
        "std": 1811.0429350912407,
        "skew": 5.008102937890224,
        "kurtosis": 33.882309184918405
      },
      "synth_moments": {
        "mean": 2607.7880979351203,
        "median": 2285.9353648010874,
        "std": 1931.9840099521434,
        "skew": 5.146251237130144,
        "kurtosis": 32.43573988047078
      },
      "KS_stat": 0.05504587155963303,
      "KS_p": 0.9967758992890015,
      "Wasserstein": 154.97076464830627,
      "JSD": 0.05720029042493979,
      "overlap_area": 0.9571407984834378
    },
    "IG": {
      "real_moments": {
        "mean": 0.7999194495412842,
        "median": 0.72877,
        "std": 0.4950253455180348,
        "skew": 4.324005521258932,
        "kurtosis": 28.49755443867455
      },
      "synth_moments": {
        "mean": 0.7842534532923455,
        "median": 0.7373434895870472,
        "std": 0.4985597484214946,
        "skew": 4.2444884710076005,
        "kurtosis": 28.346544670507047
      },
      "KS_stat": 0.06422018348623854,
      "KS_p": 0.9791203051957483,
      "Wasserstein": 0.03460803946539226,
      "JSD": 0.022589991187904605,
      "overlap_area": 0.958430142109764
    },
    "IA": {
      "real_moments": {
        "mean": 0.3748992660550459,
        "median": 0.35718,
        "std": 0.22028081674815472,
        "skew": 1.583885893541485,
        "kurtosis": 4.364752856144418
      },
      "synth_moments": {
        "mean": 0.3773749638862167,
        "median": 0.3708450543671199,
        "std": 0.2212432181326105,
        "skew": 1.5153481524651793,
        "kurtosis": 4.505663295501041
      },
      "KS_stat": 0.05504587155963303,
      "KS_p": 0.9967758992890015,
      "Wasserstein": 0.012996762949787903,
      "JSD": 0.015550731773348966,
      "overlap_area": 0.966876368378345
    },
    "IB": {
      "real_moments": {
        "mean": 0.7059155963302752,
        "median": 0.63475,
        "std": 0.42144292108674913,
        "skew": 4.011764769362035,
        "kurtosis": 25.03382413044252
      },
      "synth_moments": {
        "mean": 0.6931763367222752,
        "median": 0.6461150542603905,
        "std": 0.41112684880329003,
        "skew": 4.1315976569098245,
        "kurtosis": 27.835574016524088
      },
      "KS_stat": 0.06422018348623854,
      "KS_p": 0.9791203051957483,
      "Wasserstein": 0.030405436886301027,
      "JSD": 0.030795282535198545,
      "overlap_area": 0.9504058771340838
    }
  },
  "corr_similarity": {
    "corrcoef": 0.8155658191699676,
    "frob": 1.6379734719360393,
    "macd": 0.12132833141301227
  },
  "pca_overlap": {
    "overlap_frac": 0.981651376146789,
    "pca": "PCA(n_components=3)",
    "explained_variance": "[0.73365555 0.1103698  0.08725678]"
  },
  "MMD2": -0.006007232540621743,
  "SlicedWasserstein": 44.18661405218938,
  "EnergyDistance": 7.803921072727462,
  "gmm_coverage_frac": 0.6666666666666666,
  "knn_coverage": {
    "median_kth": 171.6821902926876,
    "mean_kth": 399.5485747975583,
    "iqr_kth": 176.66361617792967
  }
}