{
  "univariate": {
    "226Ra": {
      "real_moments": {
        "mean": 74.97977183486238,
        "median": 71.4369,
        "std": 44.05617270021668,
        "skew": 1.5838924892056216,
        "kurtosis": 4.364795720944686
      },
      "synth_moments": {
        "mean": 73.98109152777707,
        "median": 74.20493192292209,
        "std": 41.129898990951425,
        "skew": 1.3077638370736013,
        "kurtosis": 3.704210162016735
      },
      "KS_stat": 0.05504587155963303,
      "KS_p": 0.9967758992890015,
      "Wasserstein": 3.096144241557578,
      "JSD": 0.03188144624329941,
      "overlap_area": 0.9738753079225619
    },
    "232Th": {
      "real_moments": {
        "mean": 68.3011589908257,
        "median": 54.70395,
        "std": 74.86799752698546,
        "skew": 5.899812333485469,
        "kurtosis": 45.73871141090729
      },
      "synth_moments": {
        "mean": 64.00132843381785,
        "median": 51.21927392654209,
        "std": 57.689130615898556,
        "skew": 4.302204588961773,
        "kurtosis": 28.706818229522728
      },
      "KS_stat": 0.07339449541284404,
      "KS_p": 0.9325712647984811,
      "Wasserstein": 5.297694705199699,
      "JSD": 0.02028016367270966,
      "overlap_area": 0.9677095738779451
    },
    "40K": {
      "real_moments": {
        "mean": 625.4423234862386,
        "median": 666.06,
        "std": 325.77620030216633,
        "skew": -0.18433595382893606,
        "kurtosis": -1.210803726194395
      },
      "synth_moments": {
        "mean": 611.7625914244433,
        "median": 652.2658974044259,
        "std": 320.51690136175444,
        "skew": -0.13460988352555503,
        "kurtosis": -1.2988899416592699
      },
      "KS_stat": 0.08256880733944955,
      "KS_p": 0.8537177036275024,
      "Wasserstein": 22.87122691907417,
      "JSD": 0.02228879205830097,
      "overlap_area": 0.9613653187364667
    },
    "Raeq": {
      "real_moments": {
        "mean": 220.80948743119262,
        "median": 193.66001,
        "std": 141.24695669027093,
        "skew": 4.496849695288913,
        "kurtosis": 29.952848462778505
      },
      "synth_moments": {
        "mean": 218.78729704625036,
        "median": 196.0765700208325,
        "std": 137.6222466747713,
        "skew": 4.547652496235847,
        "kurtosis": 32.71490006058478
      },
      "KS_stat": 0.07339449541284404,
      "KS_p": 0.9325712647984811,
      "Wasserstein": 8.562157525516398,
      "JSD": 0.03404599093113289,
      "overlap_area": 0.961902076979569
    },
    "Theq": {
      "real_moments": {
        "mean": 155.1863267889908,
        "median": 136.56014,
        "std": 98.90341948182714,
        "skew": 4.479289412980269,
        "kurtosis": 29.79276992766934
      },
      "synth_moments": {
        "mean": 152.9591163166054,
        "median": 138.49624200978772,
        "std": 96.06897910747705,
        "skew": 4.576238057828057,
        "kurtosis": 33.08510456921718
      },
      "KS_stat": 0.06422018348623854,
      "KS_p": 0.9791203051957483,
      "Wasserstein": 5.970106397907395,
      "JSD": 0.047780541144419764,
      "overlap_area": 0.9655590488027668
    },
    "Keq": {
      "real_moments": {
        "mean": 2651.9736386238537,
        "median": 2228.3676,
        "std": 1811.0429350912407,
        "skew": 5.008102937890224,
        "kurtosis": 33.882309184918405
      },
      "synth_moments": {
        "mean": 2586.6098950657088,
        "median": 2274.317232239205,
        "std": 1737.5046824392336,
        "skew": 5.357066776564313,
        "kurtosis": 39.887472301638965
      },
      "KS_stat": 0.045871559633027525,
      "KS_p": 0.9998685304465402,
      "Wasserstein": 108.46583043181126,
      "JSD": 0.05287418935292413,
      "overlap_area": 0.9696596529346825
    },
    "IG": {
      "real_moments": {
        "mean": 0.7999194495412842,
        "median": 0.72877,
        "std": 0.4950253455180348,
        "skew": 4.324005521258932,
        "kurtosis": 28.49755443867455
      },
      "synth_moments": {
        "mean": 0.7788502908352393,
        "median": 0.7358143616793098,
        "std": 0.47420239366470646,
        "skew": 4.568147840129876,
        "kurtosis": 33.80609041852177
      },
      "KS_stat": 0.05504587155963303,
      "KS_p": 0.9967758992890015,
      "Wasserstein": 0.03185374435894424,
      "JSD": 0.04274635919803055,
      "overlap_area": 0.9763675777974071
    },
    "IA": {
      "real_moments": {
        "mean": 0.3748992660550459,
        "median": 0.35718,
        "std": 0.22028081674815472,
        "skew": 1.583885893541485,
        "kurtosis": 4.364752856144418
      },
      "synth_moments": {
        "mean": 0.37567562456704856,
        "median": 0.3869070328873565,
        "std": 0.2266105845898873,
        "skew": 1.7232610118808496,
        "kurtosis": 5.069888680494049
      },
      "KS_stat": 0.06422018348623854,
      "KS_p": 0.9791203051957483,
      "Wasserstein": 0.014693724673831215,
      "JSD": 0.03656667229500751,
      "overlap_area": 0.9553569572587827
    },
    "IB": {
      "real_moments": {
        "mean": 0.7059155963302752,
        "median": 0.63475,
        "std": 0.42144292108674913,
        "skew": 4.011764769362035,
        "kurtosis": 25.03382413044252
      },
      "synth_moments": {
        "mean": 0.6919510363054909,
        "median": 0.6409112498663456,
        "std": 0.3989050193743501,
        "skew": 4.260177273559999,
        "kurtosis": 30.66063615424047
      },
      "KS_stat": 0.05504587155963303,
      "KS_p": 0.9967758992890015,
      "Wasserstein": 0.028331627049504392,
      "JSD": 0.025920326693467236,
      "overlap_area": 0.9701155928552071
    }
  },
  "corr_similarity": {
    "corrcoef": 0.7812005502348822,
    "frob": 1.8107576019252851,
    "macd": 0.13256861081465623
  },
  "pca_overlap": {
    "overlap_frac": 0.981651376146789,
    "pca": "PCA(n_components=3)",
    "explained_variance": "[0.7329154  0.11312976 0.08952399]"
  },
  "MMD2": -0.006931038665069389,
  "SlicedWasserstein": 34.408979924346134,
  "EnergyDistance": 6.171437906775964,
  "gmm_coverage_frac": 0.6666666666666666,
  "knn_coverage": {
    "median_kth": 172.64862595931857,
    "mean_kth": 384.7525118143011,
    "iqr_kth": 141.34774787654166
  }
}