{
  "univariate": {
    "226Ra": {
      "real_moments": {
        "mean": 74.97977183486238,
        "median": 71.4369,
        "std": 44.05617270021668,
        "skew": 1.5838924892056216,
        "kurtosis": 4.364795720944686
      },
      "synth_moments": {
        "mean": 71.22826514859943,
        "median": 67.47947927214369,
        "std": 49.89949748701118,
        "skew": 1.9737197994860447,
        "kurtosis": 4.79257500885759
      },
      "KS_stat": 0.1834862385321101,
      "KS_p": 0.05077282859718498,
      "Wasserstein": 8.243818940635371,
      "JSD": 0.07833569456190588,
      "overlap_area": 0.9002752591411489
    },
    "232Th": {
      "real_moments": {
        "mean": 68.3011589908257,
        "median": 54.70395,
        "std": 74.86799752698546,
        "skew": 5.899812333485469,
        "kurtosis": 45.73871141090729
      },
      "synth_moments": {
        "mean": 75.589270389795,
        "median": 51.80265079096395,
        "std": 95.09710795197843,
        "skew": 4.148418812388346,
        "kurtosis": 19.980619740987205
      },
      "KS_stat": 0.08256880733944955,
      "KS_p": 0.8537177036275024,
      "Wasserstein": 11.426697047078246,
      "JSD": 0.0510323814864536,
      "overlap_area": 0.9454010651486716
    },
    "40K": {
      "real_moments": {
        "mean": 625.4423234862386,
        "median": 666.06,
        "std": 325.77620030216633,
        "skew": -0.18433595382893606,
        "kurtosis": -1.210803726194395
      },
      "synth_moments": {
        "mean": 626.9710753006271,
        "median": 652.295639363872,
        "std": 332.09475338273455,
        "skew": -0.18237670415029444,
        "kurtosis": -1.2546486784598505
      },
      "KS_stat": 0.05504587155963303,
      "KS_p": 0.9967758992890015,
      "Wasserstein": 18.82335820107798,
      "JSD": 0.008077921423398957,
      "overlap_area": 0.9796634448245278
    },
    "Raeq": {
      "real_moments": {
        "mean": 220.80948743119262,
        "median": 193.66001,
        "std": 141.24695669027093,
        "skew": 4.496849695288913,
        "kurtosis": 29.952848462778505
      },
      "synth_moments": {
        "mean": 226.95722164647742,
        "median": 182.4988956747553,
        "std": 180.74125896200684,
        "skew": 3.412799255331488,
        "kurtosis": 14.300203155975183
      },
      "KS_stat": 0.13761467889908258,
      "KS_p": 0.25410351783769675,
      "Wasserstein": 28.088667290796117,
      "JSD": 0.08115787628336543,
      "overlap_area": 0.9169324955430663
    },
    "Theq": {
      "real_moments": {
        "mean": 155.1863267889908,
        "median": 136.56014,
        "std": 98.90341948182714,
        "skew": 4.479289412980269,
        "kurtosis": 29.79276992766934
      },
      "synth_moments": {
        "mean": 162.1233556925025,
        "median": 129.43961477820332,
        "std": 126.11915545751599,
        "skew": 3.331938604334876,
        "kurtosis": 13.831450443539474
      },
      "KS_stat": 0.11926605504587157,
      "KS_p": 0.4218388405059881,
      "Wasserstein": 17.401175898853122,
      "JSD": 0.08813295078235628,
      "overlap_area": 0.9381165570062259
    },
    "Keq": {
      "real_moments": {
        "mean": 2651.9736386238537,
        "median": 2228.3676,
        "std": 1811.0429350912407,
        "skew": 5.008102937890224,
        "kurtosis": 33.882309184918405
      },
      "synth_moments": {
        "mean": 2721.5776320722553,
        "median": 2118.7134991342973,
        "std": 2331.0738664411797,
        "skew": 3.6367168658718922,
        "kurtosis": 15.480827908526173
      },
      "KS_stat": 0.1559633027522936,
      "KS_p": 0.14126496752522327,
      "Wasserstein": 347.6010024083358,
      "JSD": 0.12909686740158033,
      "overlap_area": 0.9146945965050931
    },
    "IG": {
      "real_moments": {
        "mean": 0.7999194495412842,
        "median": 0.72877,
        "std": 0.4950253455180348,
        "skew": 4.324005521258932,
        "kurtosis": 28.49755443867455
      },
      "synth_moments": {
        "mean": 0.8377188906419215,
        "median": 0.6920278516843447,
        "std": 0.6509248114823971,
        "skew": 3.4310776521307456,
        "kurtosis": 14.50059887860543
      },
      "KS_stat": 0.11926605504587157,
      "KS_p": 0.4218388405059881,
      "Wasserstein": 0.09170113711278355,
      "JSD": 0.0648855450584784,
      "overlap_area": 0.9370593259452913
    },
    "IA": {
      "real_moments": {
        "mean": 0.3748992660550459,
        "median": 0.35718,
        "std": 0.22028081674815472,
        "skew": 1.583885893541485,
        "kurtosis": 4.364752856144418
      },
      "synth_moments": {
        "mean": 0.3656132768387872,
        "median": 0.3449823509651286,
        "std": 0.25808986546809115,
        "skew": 2.0030752897670694,
        "kurtosis": 4.675710218838969
      },
      "KS_stat": 0.1651376146788991,
      "KS_p": 0.10235367370749972,
      "Wasserstein": 0.03981815023791535,
      "JSD": 0.07515979593807925,
      "overlap_area": 0.9104984309044295
    },
    "IB": {
      "real_moments": {
        "mean": 0.7059155963302752,
        "median": 0.63475,
        "std": 0.42144292108674913,
        "skew": 4.011764769362035,
        "kurtosis": 25.03382413044252
      },
      "synth_moments": {
        "mean": 0.7327663899434452,
        "median": 0.6005735325890416,
        "std": 0.5579251439270358,
        "skew": 3.315941605141463,
        "kurtosis": 13.346780640769577
      },
      "KS_stat": 0.11926605504587157,
      "KS_p": 0.4218388405059881,
      "Wasserstein": 0.08064696939194235,
      "JSD": 0.07227684452059775,
      "overlap_area": 0.9279753734158992
    }
  },
  "corr_similarity": {
    "corrcoef": 0.8837580229771272,
    "frob": 1.4492064549680312,
    "macd": 0.11704112508709652
  },
  "pca_overlap": {
    "overlap_frac": 0.944954128440367,
    "pca": "PCA(n_components=3)",
    "explained_variance": "[0.76066906 0.11394853 0.08075796]"
  },
  "MMD2": 0.0012523274716895738,
  "SlicedWasserstein": 90.60778483922009,
  "EnergyDistance": 30.253913915948033,
  "gmm_coverage_frac": 0.6666666666666666,
  "knn_coverage": {
    "median_kth": 198.68114411610281,
    "mean_kth": 376.1569845075604,
    "iqr_kth": 204.56942363060412
  }
}