{
  "univariate": {
    "226Ra": {
      "real_moments": {
        "mean": 74.97977183486238,
        "median": 71.4369,
        "std": 44.05617270021668,
        "skew": 1.5838924892056216,
        "kurtosis": 4.364795720944686
      },
      "synth_moments": {
        "mean": 74.09618887336707,
        "median": 76.9834325144768,
        "std": 38.30593618219224,
        "skew": 1.4456009481433207,
        "kurtosis": 4.276817583900616
      },
      "KS_stat": 0.07339449541284404,
      "KS_p": 0.9325712647984811,
      "Wasserstein": 4.43778981576447,
      "JSD": 0.03589963107280075,
      "overlap_area": 0.9597234521658271
    },
    "232Th": {
      "real_moments": {
        "mean": 68.3011589908257,
        "median": 54.70395,
        "std": 74.86799752698546,
        "skew": 5.899812333485469,
        "kurtosis": 45.73871141090729
      },
      "synth_moments": {
        "mean": 64.70704490181969,
        "median": 57.66330979714762,
        "std": 43.38704443424432,
        "skew": 2.446116466042746,
        "kurtosis": 10.194332249949287
      },
      "KS_stat": 0.09174311926605505,
      "KS_p": 0.7511370048916558,
      "Wasserstein": 9.639684073786597,
      "JSD": 0.06916854203130729,
      "overlap_area": 0.9298620400173174
    },
    "40K": {
      "real_moments": {
        "mean": 625.4423234862386,
        "median": 666.06,
        "std": 325.77620030216633,
        "skew": -0.18433595382893606,
        "kurtosis": -1.210803726194395
      },
      "synth_moments": {
        "mean": 621.9471540135858,
        "median": 618.6718690187366,
        "std": 321.60100253364794,
        "skew": -0.08985086098316422,
        "kurtosis": -1.2192786955481938
      },
      "KS_stat": 0.06422018348623854,
      "KS_p": 0.9791203051957483,
      "Wasserstein": 23.795347608500716,
      "JSD": 0.017481526821612792,
      "overlap_area": 0.9546597074930738
    },
    "Raeq": {
      "real_moments": {
        "mean": 220.80948743119262,
        "median": 193.66001,
        "std": 141.24695669027093,
        "skew": 4.496849695288913,
        "kurtosis": 29.952848462778505
      },
      "synth_moments": {
        "mean": 217.46205807830032,
        "median": 198.6361963855524,
        "std": 97.86090690041874,
        "skew": 2.6720688203805283,
        "kurtosis": 12.672987998419204
      },
      "KS_stat": 0.10091743119266056,
      "KS_p": 0.6379083904221879,
      "Wasserstein": 17.331247511402477,
      "JSD": 0.04495625784062894,
      "overlap_area": 0.925499331909756
    },
    "Theq": {
      "real_moments": {
        "mean": 155.1863267889908,
        "median": 136.56014,
        "std": 98.90341948182714,
        "skew": 4.479289412980269,
        "kurtosis": 29.79276992766934
      },
      "synth_moments": {
        "mean": 153.36980856602642,
        "median": 142.17012228157222,
        "std": 67.97570414146423,
        "skew": 2.5892060531799745,
        "kurtosis": 12.175225032194762
      },
      "KS_stat": 0.10091743119266056,
      "KS_p": 0.6379083904221879,
      "Wasserstein": 12.369982946127767,
      "JSD": 0.04484555628900684,
      "overlap_area": 0.9233180063253371
    },
    "Keq": {
      "real_moments": {
        "mean": 2651.9736386238537,
        "median": 2228.3676,
        "std": 1811.0429350912407,
        "skew": 5.008102937890224,
        "kurtosis": 33.882309184918405
      },
      "synth_moments": {
        "mean": 2616.15057823768,
        "median": 2419.520775236517,
        "std": 1243.0837797061292,
        "skew": 3.6910553592858832,
        "kurtosis": 19.693854254678158
      },
      "KS_stat": 0.13761467889908258,
      "KS_p": 0.25410351783769675,
      "Wasserstein": 240.8008755942057,
      "JSD": 0.10178346726723703,
      "overlap_area": 0.9122673700065003
    },
    "IG": {
      "real_moments": {
        "mean": 0.7999194495412842,
        "median": 0.72877,
        "std": 0.4950253455180348,
        "skew": 4.324005521258932,
        "kurtosis": 28.49755443867455
      },
      "synth_moments": {
        "mean": 0.8035043660168828,
        "median": 0.740528533186,
        "std": 0.3720243306366107,
        "skew": 2.7886902122859607,
        "kurtosis": 13.921171794287659
      },
      "KS_stat": 0.10091743119266056,
      "KS_p": 0.6379083904221879,
      "Wasserstein": 0.05250485943420363,
      "JSD": 0.061004091520374074,
      "overlap_area": 0.9316981236022206
    },
    "IA": {
      "real_moments": {
        "mean": 0.3748992660550459,
        "median": 0.35718,
        "std": 0.22028081674815472,
        "skew": 1.583885893541485,
        "kurtosis": 4.364752856144418
      },
      "synth_moments": {
        "mean": 0.3740794772351347,
        "median": 0.3861297521552,
        "std": 0.19679636565842176,
        "skew": 1.5447486886229576,
        "kurtosis": 4.547093690636311
      },
      "KS_stat": 0.07339449541284404,
      "KS_p": 0.9325712647984811,
      "Wasserstein": 0.019800983113740196,
      "JSD": 0.03506013835901145,
      "overlap_area": 0.9605382566961849
    },
    "IB": {
      "real_moments": {
        "mean": 0.7059155963302752,
        "median": 0.63475,
        "std": 0.42144292108674913,
        "skew": 4.011764769362035,
        "kurtosis": 25.03382413044252
      },
      "synth_moments": {
        "mean": 0.7050477822594485,
        "median": 0.6506960554532,
        "std": 0.32435213708470734,
        "skew": 2.8999123119822037,
        "kurtosis": 14.627202028333546
      },
      "KS_stat": 0.12844036697247707,
      "KS_p": 0.3308699616789528,
      "Wasserstein": 0.04567625331139351,
      "JSD": 0.06199294409298624,
      "overlap_area": 0.9295368989234534
    }
  },
  "corr_similarity": {
    "corrcoef": 0.8099030917985391,
    "frob": 1.645852291801381,
    "macd": 0.12618615015730994
  },
  "pca_overlap": {
    "overlap_frac": 0.981651376146789,
    "pca": "PCA(n_components=3)",
    "explained_variance": "[0.73091532 0.11183394 0.09898107]"
  },
  "MMD2": 0.002298210451346261,
  "SlicedWasserstein": 63.82838421439032,
  "EnergyDistance": 20.487168259940972,
  "gmm_coverage_frac": 0.6666666666666666,
  "knn_coverage": {
    "median_kth": 190.20024142514254,
    "mean_kth": 419.60453298556496,
    "iqr_kth": 204.31708551887752
  }
}