{
  "univariate": {
    "226Ra": {
      "real_moments": {
        "mean": 74.97977183486238,
        "median": 71.4369,
        "std": 44.05617270021668,
        "skew": 1.5838924892056216,
        "kurtosis": 4.364795720944686
      },
      "synth_moments": {
        "mean": 73.49660054815796,
        "median": 66.20235594499006,
        "std": 36.7376309825335,
        "skew": 0.5087895375750002,
        "kurtosis": -0.5374662043350362
      },
      "KS_stat": 0.08256880733944955,
      "KS_p": 0.8537177036275024,
      "Wasserstein": 7.2195900339469485,
      "JSD": 0.059722151942696436,
      "overlap_area": 0.8860895444918782
    },
    "232Th": {
      "real_moments": {
        "mean": 68.3011589908257,
        "median": 54.70395,
        "std": 74.86799752698546,
        "skew": 5.899812333485469,
        "kurtosis": 45.73871141090729
      },
      "synth_moments": {
        "mean": 60.03303621512053,
        "median": 55.77118852220037,
        "std": 32.10801727560665,
        "skew": 0.8765334023032068,
        "kurtosis": 0.4860742523252082
      },
      "KS_stat": 0.09174311926605505,
      "KS_p": 0.7511370048916558,
      "Wasserstein": 12.570645463203437,
      "JSD": 0.0775376847350353,
      "overlap_area": 0.9225266763589549
    },
    "40K": {
      "real_moments": {
        "mean": 625.4423234862386,
        "median": 666.06,
        "std": 325.77620030216633,
        "skew": -0.18433595382893606,
        "kurtosis": -1.210803726194395
      },
      "synth_moments": {
        "mean": 618.9670489449833,
        "median": 659.7436481469267,
        "std": 308.4380339826057,
        "skew": -0.17235468085807878,
        "kurtosis": -1.2063334443414648
      },
      "KS_stat": 0.06422018348623854,
      "KS_p": 0.9791203051957483,
      "Wasserstein": 26.057288960389272,
      "JSD": 0.024351515894724066,
      "overlap_area": 0.963401198266848
    },
    "Raeq": {
      "real_moments": {
        "mean": 220.80948743119262,
        "median": 193.66001,
        "std": 141.24695669027093,
        "skew": 4.496849695288913,
        "kurtosis": 29.952848462778505
      },
      "synth_moments": {
        "mean": 204.30489528368722,
        "median": 199.9358706196392,
        "std": 71.3672547472087,
        "skew": 0.4111118819988225,
        "kurtosis": -0.48728336470686084
      },
      "KS_stat": 0.07339449541284404,
      "KS_p": 0.9325712647984811,
      "Wasserstein": 22.002723672429198,
      "JSD": 0.041499870863687664,
      "overlap_area": 0.9464295083045517
    },
    "Theq": {
      "real_moments": {
        "mean": 155.1863267889908,
        "median": 136.56014,
        "std": 98.90341948182714,
        "skew": 4.479289412980269,
        "kurtosis": 29.79276992766934
      },
      "synth_moments": {
        "mean": 145.16190397116785,
        "median": 144.97360180602234,
        "std": 49.86923302125934,
        "skew": 0.36716990270200905,
        "kurtosis": -0.5072702112793794
      },
      "KS_stat": 0.07339449541284404,
      "KS_p": 0.9325712647984811,
      "Wasserstein": 16.299592414277342,
      "JSD": 0.03202551697777044,
      "overlap_area": 0.9371479990239708
    },
    "Keq": {
      "real_moments": {
        "mean": 2651.9736386238537,
        "median": 2228.3676,
        "std": 1811.0429350912407,
        "skew": 5.008102937890224,
        "kurtosis": 33.882309184918405
      },
      "synth_moments": {
        "mean": 2404.8649812753974,
        "median": 2330.9481000505693,
        "std": 753.3349320595979,
        "skew": 1.1719740816637316,
        "kurtosis": 2.448755761844323
      },
      "KS_stat": 0.08256880733944955,
      "KS_p": 0.8537177036275024,
      "Wasserstein": 354.60812671031624,
      "JSD": 0.06851742892183539,
      "overlap_area": 0.9181920665999966
    },
    "IG": {
      "real_moments": {
        "mean": 0.7999194495412842,
        "median": 0.72877,
        "std": 0.4950253455180348,
        "skew": 4.324005521258932,
        "kurtosis": 28.49755443867455
      },
      "synth_moments": {
        "mean": 0.7526766136990231,
        "median": 0.7629418359840793,
        "std": 0.25888001225974333,
        "skew": 0.3270635183667655,
        "kurtosis": -0.631741784204257
      },
      "KS_stat": 0.06422018348623854,
      "KS_p": 0.9791203051957483,
      "Wasserstein": 0.0806322586106346,
      "JSD": 0.040820196196778,
      "overlap_area": 0.9394799203975874
    },
    "IA": {
      "real_moments": {
        "mean": 0.3748992660550459,
        "median": 0.35718,
        "std": 0.22028081674815472,
        "skew": 1.583885893541485,
        "kurtosis": 4.364752856144418
      },
      "synth_moments": {
        "mean": 0.3686584685262761,
        "median": 0.3463893738870552,
        "std": 0.20230735207852218,
        "skew": 0.8730927717978265,
        "kurtosis": 0.7679976342219748
      },
      "KS_stat": 0.05504587155963303,
      "KS_p": 0.9967758992890015,
      "Wasserstein": 0.019157829151757212,
      "JSD": 0.01589376359913882,
      "overlap_area": 0.9424829756877208
    },
    "IB": {
      "real_moments": {
        "mean": 0.7059155963302752,
        "median": 0.63475,
        "std": 0.42144292108674913,
        "skew": 4.011764769362035,
        "kurtosis": 25.03382413044252
      },
      "synth_moments": {
        "mean": 0.6620914519598932,
        "median": 0.6502221248307815,
        "std": 0.22318439967504908,
        "skew": 0.34016816563668206,
        "kurtosis": -0.6679626863099553
      },
      "KS_stat": 0.07339449541284404,
      "KS_p": 0.9325712647984811,
      "Wasserstein": 0.06770008762495422,
      "JSD": 0.031925928079125705,
      "overlap_area": 0.9416933438606448
    }
  },
  "corr_similarity": {
    "corrcoef": 0.5808949124387982,
    "frob": 2.544118274017347,
    "macd": 0.21733461383854102
  },
  "pca_overlap": {
    "overlap_frac": 1.0,
    "pca": "PCA(n_components=3)",
    "explained_variance": "[0.71350289 0.11627947 0.1073569 ]"
  },
  "MMD2": 0.0018429580949355095,
  "SlicedWasserstein": 94.5237049320011,
  "EnergyDistance": 27.049683684145634,
  "gmm_coverage_frac": 0.6666666666666666,
  "knn_coverage": {
    "median_kth": 179.02395489207495,
    "mean_kth": 426.5429740758738,
    "iqr_kth": 150.67792335527895
  }
}