{
  "univariate": {
    "226Ra": {
      "real_moments": {
        "mean": 74.97977183486238,
        "median": 71.4369,
        "std": 44.05617270021668,
        "skew": 1.5838924892056216,
        "kurtosis": 4.364795720944686
      },
      "synth_moments": {
        "mean": 79.62051595614611,
        "median": 69.17855411504794,
        "std": 48.624259413374745,
        "skew": 0.8004706400201071,
        "kurtosis": -0.22281723050880986
      },
      "KS_stat": 0.14678899082568808,
      "KS_p": 0.1912990232276764,
      "Wasserstein": 10.016019006951185,
      "JSD": 0.08168736611091572,
      "overlap_area": 0.8457307911482869
    },
    "232Th": {
      "real_moments": {
        "mean": 68.3011589908257,
        "median": 54.70395,
        "std": 74.86799752698546,
        "skew": 5.899812333485469,
        "kurtosis": 45.73871141090729
      },
      "synth_moments": {
        "mean": 77.19382557081641,
        "median": 55.23556858709598,
        "std": 69.5322803709922,
        "skew": 2.6346872213501604,
        "kurtosis": 10.911366113530187
      },
      "KS_stat": 0.14678899082568808,
      "KS_p": 0.1912990232276764,
      "Wasserstein": 14.955304044498934,
      "JSD": 0.0862687951577221,
      "overlap_area": 0.8962731667232499
    },
    "40K": {
      "real_moments": {
        "mean": 625.4423234862386,
        "median": 666.06,
        "std": 325.77620030216633,
        "skew": -0.18433595382893606,
        "kurtosis": -1.210803726194395
      },
      "synth_moments": {
        "mean": 639.313685302062,
        "median": 678.533835255356,
        "std": 331.07728773738006,
        "skew": -0.1276720519165059,
        "kurtosis": -1.177739332048659
      },
      "KS_stat": 0.06422018348623854,
      "KS_p": 0.9791203051957483,
      "Wasserstein": 26.007435736408016,
      "JSD": 0.013094045130909554,
      "overlap_area": 0.9624082486587977
    },
    "Raeq": {
      "real_moments": {
        "mean": 220.80948743119262,
        "median": 193.66001,
        "std": 141.24695669027093,
        "skew": 4.496849695288913,
        "kurtosis": 29.952848462778505
      },
      "synth_moments": {
        "mean": 273.86918311956475,
        "median": 229.04549976241557,
        "std": 172.8625859297086,
        "skew": 0.9957528583327611,
        "kurtosis": 0.8338837575969391
      },
      "KS_stat": 0.26605504587155965,
      "KS_p": 0.000842141442367654,
      "Wasserstein": 74.64469830477849,
      "JSD": 0.17035190410173195,
      "overlap_area": 0.7622493401467466
    },
    "Theq": {
      "real_moments": {
        "mean": 155.1863267889908,
        "median": 136.56014,
        "std": 98.90341948182714,
        "skew": 4.479289412980269,
        "kurtosis": 29.79276992766934
      },
      "synth_moments": {
        "mean": 183.54983503993702,
        "median": 141.98792928076747,
        "std": 131.05503706057792,
        "skew": 1.4669521505204917,
        "kurtosis": 2.4398178307693126
      },
      "KS_stat": 0.22935779816513763,
      "KS_p": 0.006312495965064706,
      "Wasserstein": 45.38364063165755,
      "JSD": 0.1773933711427395,
      "overlap_area": 0.7805562952325027
    },
    "Keq": {
      "real_moments": {
        "mean": 2651.9736386238537,
        "median": 2228.3676,
        "std": 1811.0429350912407,
        "skew": 5.008102937890224,
        "kurtosis": 33.882309184918405
      },
      "synth_moments": {
        "mean": 3646.2577443090113,
        "median": 3148.12473517028,
        "std": 2293.415131644833,
        "skew": 0.8676725869324741,
        "kurtosis": 0.3666016661441205
      },
      "KS_stat": 0.3669724770642202,
      "KS_p": 6.396917762519895e-07,
      "Wasserstein": 1278.1551093203602,
      "JSD": 0.18442319290790143,
      "overlap_area": 0.7014749062099092
    },
    "IG": {
      "real_moments": {
        "mean": 0.7999194495412842,
        "median": 0.72877,
        "std": 0.4950253455180348,
        "skew": 4.324005521258932,
        "kurtosis": 28.49755443867455
      },
      "synth_moments": {
        "mean": 0.8156850891906822,
        "median": 0.6253925853086006,
        "std": 0.54901275598017,
        "skew": 1.5710220849587722,
        "kurtosis": 2.7576078082525504
      },
      "KS_stat": 0.2018348623853211,
      "KS_p": 0.023350403672267723,
      "Wasserstein": 0.15581882330377061,
      "JSD": 0.1220150868483941,
      "overlap_area": 0.8066466526910804
    },
    "IA": {
      "real_moments": {
        "mean": 0.3748992660550459,
        "median": 0.35718,
        "std": 0.22028081674815472,
        "skew": 1.583885893541485,
        "kurtosis": 4.364752856144418
      },
      "synth_moments": {
        "mean": 0.3568078857347534,
        "median": 0.306944677276833,
        "std": 0.21945024144979663,
        "skew": 1.3982349152211377,
        "kurtosis": 1.8038098152617899
      },
      "KS_stat": 0.1651376146788991,
      "KS_p": 0.10235367370749972,
      "Wasserstein": 0.04884788866766942,
      "JSD": 0.09331391476477793,
      "overlap_area": 0.8347774745061486
    },
    "IB": {
      "real_moments": {
        "mean": 0.7059155963302752,
        "median": 0.63475,
        "std": 0.42144292108674913,
        "skew": 4.011764769362035,
        "kurtosis": 25.03382413044252
      },
      "synth_moments": {
        "mean": 0.7283926185874162,
        "median": 0.6514574455879417,
        "std": 0.4751782708787432,
        "skew": 1.6152094949448,
        "kurtosis": 3.787761063380181
      },
      "KS_stat": 0.1651376146788991,
      "KS_p": 0.10235367370749972,
      "Wasserstein": 0.11123002486775739,
      "JSD": 0.10772636057269838,
      "overlap_area": 0.8384419451215074
    }
  },
  "corr_similarity": {
    "corrcoef": 0.581925905370151,
    "frob": 3.150525083924058,
    "macd": 0.2823109296175852
  },
  "pca_overlap": {
    "overlap_frac": 0.908256880733945,
    "pca": "PCA(n_components=3)",
    "explained_variance": "[0.58274599 0.12226783 0.09568485]"
  },
  "MMD2": 0.11241348334258838,
  "SlicedWasserstein": 336.3400482252223,
  "EnergyDistance": 493.4566386388192,
  "gmm_coverage_frac": 0.6666666666666666,
  "knn_coverage": {
    "median_kth": 348.26357044704855,
    "mean_kth": 443.4734244129335,
    "iqr_kth": 75.34359927293747
  }
}