{
  "univariate": {
    "226Ra": {
      "real_moments": {
        "mean": 74.97977183486238,
        "median": 71.4369,
        "std": 44.05617270021668,
        "skew": 1.5838924892056216,
        "kurtosis": 4.364795720944686
      },
      "synth_moments": {
        "mean": 73.65632276991934,
        "median": 72.91913910357692,
        "std": 35.773234996638706,
        "skew": 0.7185804259935253,
        "kurtosis": 1.420682440966564
      },
      "KS_stat": 0.07339449541284404,
      "KS_p": 0.9325712647984811,
      "Wasserstein": 5.1433781324204455,
      "JSD": 0.055955420878599185,
      "overlap_area": 0.9500274991021924
    },
    "232Th": {
      "real_moments": {
        "mean": 68.3011589908257,
        "median": 54.70395,
        "std": 74.86799752698546,
        "skew": 5.899812333485469,
        "kurtosis": 45.73871141090729
      },
      "synth_moments": {
        "mean": 61.40908331236788,
        "median": 50.54363118703089,
        "std": 43.27754659093091,
        "skew": 2.3296457900021337,
        "kurtosis": 8.882989826625662
      },
      "KS_stat": 0.07339449541284404,
      "KS_p": 0.9325712647984811,
      "Wasserstein": 8.253703510748593,
      "JSD": 0.03644340562311593,
      "overlap_area": 0.970367686232922
    },
    "40K": {
      "real_moments": {
        "mean": 625.4423234862386,
        "median": 666.06,
        "std": 325.77620030216633,
        "skew": -0.18433595382893606,
        "kurtosis": -1.210803726194395
      },
      "synth_moments": {
        "mean": 638.1065128235188,
        "median": 669.1003772271366,
        "std": 314.3911817381936,
        "skew": -0.2161217973664941,
        "kurtosis": -1.1640114824042103
      },
      "KS_stat": 0.07339449541284404,
      "KS_p": 0.9325712647984811,
      "Wasserstein": 25.00383811457995,
      "JSD": 0.02743337537258174,
      "overlap_area": 0.9652895447529775
    },
    "Raeq": {
      "real_moments": {
        "mean": 220.80948743119262,
        "median": 193.66001,
        "std": 141.24695669027093,
        "skew": 4.496849695288913,
        "kurtosis": 29.952848462778505
      },
      "synth_moments": {
        "mean": 211.44174789639027,
        "median": 200.07003145814463,
        "std": 89.88377365651579,
        "skew": 1.5079140649180145,
        "kurtosis": 5.113428010310967
      },
      "KS_stat": 0.05504587155963303,
      "KS_p": 0.9967758992890015,
      "Wasserstein": 15.395604218352604,
      "JSD": 0.03677893017357495,
      "overlap_area": 0.9613424770496797
    },
    "Theq": {
      "real_moments": {
        "mean": 155.1863267889908,
        "median": 136.56014,
        "std": 98.90341948182714,
        "skew": 4.479289412980269,
        "kurtosis": 29.79276992766934
      },
      "synth_moments": {
        "mean": 146.55130379276218,
        "median": 139.53748534838525,
        "std": 63.68409598926681,
        "skew": 1.2933687262066378,
        "kurtosis": 3.745588030723299
      },
      "KS_stat": 0.08256880733944955,
      "KS_p": 0.8537177036275024,
      "Wasserstein": 11.327703958915677,
      "JSD": 0.02945313604621109,
      "overlap_area": 0.9588067571942314
    },
    "Keq": {
      "real_moments": {
        "mean": 2651.9736386238537,
        "median": 2228.3676,
        "std": 1811.0429350912407,
        "skew": 5.008102937890224,
        "kurtosis": 33.882309184918405
      },
      "synth_moments": {
        "mean": 2445.556039529651,
        "median": 2214.5031221935446,
        "std": 1090.8734474701641,
        "skew": 2.389751876787789,
        "kurtosis": 9.33846293649432
      },
      "KS_stat": 0.08256880733944955,
      "KS_p": 0.8537177036275024,
      "Wasserstein": 229.7171110251632,
      "JSD": 0.06418120093356659,
      "overlap_area": 0.9617411931945689
    },
    "IG": {
      "real_moments": {
        "mean": 0.7999194495412842,
        "median": 0.72877,
        "std": 0.4950253455180348,
        "skew": 4.324005521258932,
        "kurtosis": 28.49755443867455
      },
      "synth_moments": {
        "mean": 0.7728976179864856,
        "median": 0.7332568406909713,
        "std": 0.3268741541307765,
        "skew": 1.4917922961277372,
        "kurtosis": 4.6934192301960636
      },
      "KS_stat": 0.06422018348623854,
      "KS_p": 0.9791203051957483,
      "Wasserstein": 0.04911573435344682,
      "JSD": 0.02843514043456109,
      "overlap_area": 0.9705047112616015
    },
    "IA": {
      "real_moments": {
        "mean": 0.3748992660550459,
        "median": 0.35718,
        "std": 0.22028081674815472,
        "skew": 1.583885893541485,
        "kurtosis": 4.364752856144418
      },
      "synth_moments": {
        "mean": 0.37745000093194014,
        "median": 0.3745843882474087,
        "std": 0.18409527808676954,
        "skew": 0.9669669396751982,
        "kurtosis": 2.3657564136937097
      },
      "KS_stat": 0.08256880733944955,
      "KS_p": 0.8537177036275024,
      "Wasserstein": 0.02642251355007631,
      "JSD": 0.07045896668502602,
      "overlap_area": 0.9398043628323186
    },
    "IB": {
      "real_moments": {
        "mean": 0.7059155963302752,
        "median": 0.63475,
        "std": 0.42144292108674913,
        "skew": 4.011764769362035,
        "kurtosis": 25.03382413044252
      },
      "synth_moments": {
        "mean": 0.6852246564055301,
        "median": 0.6282005118455053,
        "std": 0.2891786605307203,
        "skew": 1.5040993469747068,
        "kurtosis": 4.756368940024125
      },
      "KS_stat": 0.05504587155963303,
      "KS_p": 0.9967758992890015,
      "Wasserstein": 0.04160882156171393,
      "JSD": 0.034665018665542904,
      "overlap_area": 0.9686043569850055
    }
  },
  "corr_similarity": {
    "corrcoef": 0.7208343245664739,
    "frob": 1.9767374925431056,
    "macd": 0.16218958707136394
  },
  "pca_overlap": {
    "overlap_frac": 0.9908256880733946,
    "pca": "PCA(n_components=3)",
    "explained_variance": "[0.72551628 0.1136392  0.10086732]"
  },
  "MMD2": -0.006710291256869505,
  "SlicedWasserstein": 64.039823430835,
  "EnergyDistance": 12.608401236693453,
  "gmm_coverage_frac": 0.6666666666666666,
  "knn_coverage": {
    "median_kth": 179.83225266363837,
    "mean_kth": 410.95196487178254,
    "iqr_kth": 139.7227756442477
  }
}