{
  "univariate": {
    "226Ra": {
      "real_moments": {
        "mean": 74.97977183486238,
        "median": 71.4369,
        "std": 44.05617270021668,
        "skew": 1.5838924892056216,
        "kurtosis": 4.364795720944686
      },
      "synth_moments": {
        "mean": 74.50240420778617,
        "median": 74.64916610956298,
        "std": 40.03458741439967,
        "skew": 0.9931096367693907,
        "kurtosis": 1.779057691811393
      },
      "KS_stat": 0.06422018348623854,
      "KS_p": 0.9791203051957483,
      "Wasserstein": 3.599701467570813,
      "JSD": 0.07436428940096669,
      "overlap_area": 0.9658354199119257
    },
    "232Th": {
      "real_moments": {
        "mean": 68.3011589908257,
        "median": 54.70395,
        "std": 74.86799752698546,
        "skew": 5.899812333485469,
        "kurtosis": 45.73871141090729
      },
      "synth_moments": {
        "mean": 62.55263988120453,
        "median": 49.14921164727203,
        "std": 43.68579910703291,
        "skew": 1.9196880070199358,
        "kurtosis": 5.140533033502095
      },
      "KS_stat": 0.09174311926605505,
      "KS_p": 0.7511370048916558,
      "Wasserstein": 8.49182676150945,
      "JSD": 0.06319317984897568,
      "overlap_area": 0.972279332546151
    },
    "40K": {
      "real_moments": {
        "mean": 625.4423234862386,
        "median": 666.06,
        "std": 325.77620030216633,
        "skew": -0.18433595382893606,
        "kurtosis": -1.210803726194395
      },
      "synth_moments": {
        "mean": 632.0638717560206,
        "median": 720.8026829144476,
        "std": 323.2023438864444,
        "skew": -0.351135507244026,
        "kurtosis": -1.1699145091742515
      },
      "KS_stat": 0.10091743119266056,
      "KS_p": 0.6379083904221879,
      "Wasserstein": 26.17578855419137,
      "JSD": 0.012545550039531622,
      "overlap_area": 0.9458500062581162
    },
    "Raeq": {
      "real_moments": {
        "mean": 220.80948743119262,
        "median": 193.66001,
        "std": 141.24695669027093,
        "skew": 4.496849695288913,
        "kurtosis": 29.952848462778505
      },
      "synth_moments": {
        "mean": 221.6622490231187,
        "median": 198.69830860549376,
        "std": 141.20232536463374,
        "skew": 4.050713667308598,
        "kurtosis": 24.57319972098999
      },
      "KS_stat": 0.07339449541284404,
      "KS_p": 0.9325712647984811,
      "Wasserstein": 11.253213079666025,
      "JSD": 0.059623759869260204,
      "overlap_area": 0.9380849528448113
    },
    "Theq": {
      "real_moments": {
        "mean": 155.1863267889908,
        "median": 136.56014,
        "std": 98.90341948182714,
        "skew": 4.479289412980269,
        "kurtosis": 29.79276992766934
      },
      "synth_moments": {
        "mean": 157.14322387570067,
        "median": 145.7113367304056,
        "std": 98.88551901949442,
        "skew": 4.005261535719741,
        "kurtosis": 24.187232304720517
      },
      "KS_stat": 0.08256880733944955,
      "KS_p": 0.8537177036275024,
      "Wasserstein": 8.437792863798421,
      "JSD": 0.06343381906930681,
      "overlap_area": 0.9320737254726602
    },
    "Keq": {
      "real_moments": {
        "mean": 2651.9736386238537,
        "median": 2228.3676,
        "std": 1811.0429350912407,
        "skew": 5.008102937890224,
        "kurtosis": 33.882309184918405
      },
      "synth_moments": {
        "mean": 2552.064806808875,
        "median": 2301.223264048366,
        "std": 1538.7137626180477,
        "skew": 4.879537318150914,
        "kurtosis": 35.037772531172834
      },
      "KS_stat": 0.08256880733944955,
      "KS_p": 0.8537177036275024,
      "Wasserstein": 164.02945684068752,
      "JSD": 0.05184909837091346,
      "overlap_area": 0.9481041968165294
    },
    "IG": {
      "real_moments": {
        "mean": 0.7999194495412842,
        "median": 0.72877,
        "std": 0.4950253455180348,
        "skew": 4.324005521258932,
        "kurtosis": 28.49755443867455
      },
      "synth_moments": {
        "mean": 0.8031885603685225,
        "median": 0.7522943714125464,
        "std": 0.48247169004015084,
        "skew": 3.9658754004533234,
        "kurtosis": 24.805080329054597
      },
      "KS_stat": 0.08256880733944955,
      "KS_p": 0.8537177036275024,
      "Wasserstein": 0.042483050556682084,
      "JSD": 0.053609434661511975,
      "overlap_area": 0.9351892170438705
    },
    "IA": {
      "real_moments": {
        "mean": 0.3748992660550459,
        "median": 0.35718,
        "std": 0.22028081674815472,
        "skew": 1.583885893541485,
        "kurtosis": 4.364752856144418
      },
      "synth_moments": {
        "mean": 0.37118219371581707,
        "median": 0.3632692486452739,
        "std": 0.22144625800336856,
        "skew": 1.5784422092282233,
        "kurtosis": 4.441642950785212
      },
      "KS_stat": 0.045871559633027525,
      "KS_p": 0.9998685304465402,
      "Wasserstein": 0.010386020861262273,
      "JSD": 0.02458850754197514,
      "overlap_area": 0.9828139439743604
    },
    "IB": {
      "real_moments": {
        "mean": 0.7059155963302752,
        "median": 0.63475,
        "std": 0.42144292108674913,
        "skew": 4.011764769362035,
        "kurtosis": 25.03382413044252
      },
      "synth_moments": {
        "mean": 0.7245981754094764,
        "median": 0.6921406383171537,
        "std": 0.4108986903060331,
        "skew": 3.6163027106727514,
        "kurtosis": 21.09582216457069
      },
      "KS_stat": 0.11009174311926606,
      "KS_p": 0.525558691909033,
      "Wasserstein": 0.04246641180368018,
      "JSD": 0.05891393208761127,
      "overlap_area": 0.9155854806328779
    }
  },
  "corr_similarity": {
    "corrcoef": 0.7125095627564223,
    "frob": 2.1724029119705075,
    "macd": 0.16927798938286703
  },
  "pca_overlap": {
    "overlap_frac": 0.9724770642201835,
    "pca": "PCA(n_components=3)",
    "explained_variance": "[0.71117852 0.11582892 0.09998654]"
  },
  "MMD2": -0.004807987313336204,
  "SlicedWasserstein": 48.25949227921561,
  "EnergyDistance": 10.686259601247684,
  "gmm_coverage_frac": 0.6666666666666666,
  "knn_coverage": {
    "median_kth": 204.67501550445436,
    "mean_kth": 403.8038473459176,
    "iqr_kth": 145.6526111511176
  }
}