{
  "univariate": {
    "226Ra": {
      "real_moments": {
        "mean": 74.97977183486238,
        "median": 71.4369,
        "std": 44.05617270021668,
        "skew": 1.5838924892056216,
        "kurtosis": 4.364795720944686
      },
      "synth_moments": {
        "mean": 77.03357386781452,
        "median": 72.41520982369799,
        "std": 49.382503021285665,
        "skew": 1.4523196759268413,
        "kurtosis": 3.214496671642487
      },
      "KS_stat": 0.08256880733944955,
      "KS_p": 0.8537177036275024,
      "Wasserstein": 4.861051045085289,
      "JSD": 0.040085564652246414,
      "overlap_area": 0.9455040718906658
    },
    "232Th": {
      "real_moments": {
        "mean": 68.3011589908257,
        "median": 54.70395,
        "std": 74.86799752698546,
        "skew": 5.899812333485469,
        "kurtosis": 45.73871141090729
      },
      "synth_moments": {
        "mean": 72.90756836389396,
        "median": 47.970590201324974,
        "std": 87.60981733509419,
        "skew": 4.376934250832069,
        "kurtosis": 22.20778066650184
      },
      "KS_stat": 0.07339449541284404,
      "KS_p": 0.9325712647984811,
      "Wasserstein": 8.033909058918422,
      "JSD": 0.05435509901465751,
      "overlap_area": 0.966618996106769
    },
    "40K": {
      "real_moments": {
        "mean": 625.4423234862386,
        "median": 666.06,
        "std": 325.77620030216633,
        "skew": -0.18433595382893606,
        "kurtosis": -1.210803726194395
      },
      "synth_moments": {
        "mean": 633.7332710932976,
        "median": 687.5933797590509,
        "std": 318.6397453551374,
        "skew": -0.27593550699187674,
        "kurtosis": -1.1737111970950824
      },
      "KS_stat": 0.07339449541284404,
      "KS_p": 0.9325712647984811,
      "Wasserstein": 22.707963294249424,
      "JSD": 0.021978954289221416,
      "overlap_area": 0.9600613711740913
    },
    "Raeq": {
      "real_moments": {
        "mean": 220.80948743119262,
        "median": 193.66001,
        "std": 141.24695669027093,
        "skew": 4.496849695288913,
        "kurtosis": 29.952848462778505
      },
      "synth_moments": {
        "mean": 224.64941804392544,
        "median": 184.53564880473405,
        "std": 160.74333446989291,
        "skew": 3.3940688819789417,
        "kurtosis": 15.255130416666034
      },
      "KS_stat": 0.07339449541284404,
      "KS_p": 0.9325712647984811,
      "Wasserstein": 18.02470321686716,
      "JSD": 0.04409847710863769,
      "overlap_area": 0.93403007959674
    },
    "Theq": {
      "real_moments": {
        "mean": 155.1863267889908,
        "median": 136.56014,
        "std": 98.90341948182714,
        "skew": 4.479289412980269,
        "kurtosis": 29.79276992766934
      },
      "synth_moments": {
        "mean": 159.349861372614,
        "median": 131.77910955489045,
        "std": 112.88324034419588,
        "skew": 3.340838809253936,
        "kurtosis": 14.915855173677482
      },
      "KS_stat": 0.08256880733944955,
      "KS_p": 0.8537177036275024,
      "Wasserstein": 12.998906154541741,
      "JSD": 0.04668216475532062,
      "overlap_area": 0.931632539730923
    },
    "Keq": {
      "real_moments": {
        "mean": 2651.9736386238537,
        "median": 2228.3676,
        "std": 1811.0429350912407,
        "skew": 5.008102937890224,
        "kurtosis": 33.882309184918405
      },
      "synth_moments": {
        "mean": 2746.0118611214934,
        "median": 2223.335042318522,
        "std": 2063.9052358526546,
        "skew": 3.833076803865574,
        "kurtosis": 17.850057637766078
      },
      "KS_stat": 0.06422018348623854,
      "KS_p": 0.9791203051957483,
      "Wasserstein": 205.9300045698039,
      "JSD": 0.08449063609085457,
      "overlap_area": 0.9487102766067911
    },
    "IG": {
      "real_moments": {
        "mean": 0.7999194495412842,
        "median": 0.72877,
        "std": 0.4950253455180348,
        "skew": 4.324005521258932,
        "kurtosis": 28.49755443867455
      },
      "synth_moments": {
        "mean": 0.8185765079758257,
        "median": 0.67727946202,
        "std": 0.5616052286871984,
        "skew": 3.195883599293015,
        "kurtosis": 13.943309620686943
      },
      "KS_stat": 0.08256880733944955,
      "KS_p": 0.8537177036275024,
      "Wasserstein": 0.06635820552062932,
      "JSD": 0.04713107355166729,
      "overlap_area": 0.9296905724175347
    },
    "IA": {
      "real_moments": {
        "mean": 0.3748992660550459,
        "median": 0.35718,
        "std": 0.22028081674815472,
        "skew": 1.583885893541485,
        "kurtosis": 4.364752856144418
      },
      "synth_moments": {
        "mean": 0.3835677296027436,
        "median": 0.356869976848,
        "std": 0.24741025781882486,
        "skew": 1.4398724021032834,
        "kurtosis": 3.153536631376987
      },
      "KS_stat": 0.08256880733944955,
      "KS_p": 0.8537177036275024,
      "Wasserstein": 0.02486881689031781,
      "JSD": 0.03636775641691294,
      "overlap_area": 0.941737476783295
    },
    "IB": {
      "real_moments": {
        "mean": 0.7059155963302752,
        "median": 0.63475,
        "std": 0.42144292108674913,
        "skew": 4.011764769362035,
        "kurtosis": 25.03382413044252
      },
      "synth_moments": {
        "mean": 0.7300799745273375,
        "median": 0.6175025941928,
        "std": 0.48730417982438123,
        "skew": 3.0575625581744648,
        "kurtosis": 12.805861158526774
      },
      "KS_stat": 0.10091743119266056,
      "KS_p": 0.6379083904221879,
      "Wasserstein": 0.058560728798926626,
      "JSD": 0.050027123885631984,
      "overlap_area": 0.9264376283831999
    }
  },
  "corr_similarity": {
    "corrcoef": 0.9901900706897767,
    "frob": 0.5762351433826465,
    "macd": 0.04371821355956831
  },
  "pca_overlap": {
    "overlap_frac": 0.963302752293578,
    "pca": "PCA(n_components=3)",
    "explained_variance": "[0.8068044  0.12085334 0.07016421]"
  },
  "MMD2": -0.005276848346503771,
  "SlicedWasserstein": 55.312954784111696,
  "EnergyDistance": 9.706367110623205,
  "gmm_coverage_frac": 0.6666666666666666,
  "knn_coverage": {
    "median_kth": 181.42280326157774,
    "mean_kth": 373.3014153141828,
    "iqr_kth": 122.53912947293472
  }
}