{
  "univariate": {
    "226Ra": {
      "real_moments": {
        "mean": 74.97977183486238,
        "median": 71.4369,
        "std": 44.05617270021668,
        "skew": 1.5838924892056216,
        "kurtosis": 4.364795720944686
      },
      "synth_moments": {
        "mean": 75.98525496397701,
        "median": 73.00203142548143,
        "std": 45.19734352280246,
        "skew": 1.6393800565292254,
        "kurtosis": 4.464137551503487
      },
      "KS_stat": 0.06422018348623854,
      "KS_p": 0.9791203051957483,
      "Wasserstein": 4.171722648415491,
      "JSD": 0.0523275340210025,
      "overlap_area": 0.949728006036995
    },
    "232Th": {
      "real_moments": {
        "mean": 68.3011589908257,
        "median": 54.70395,
        "std": 74.86799752698546,
        "skew": 5.899812333485469,
        "kurtosis": 45.73871141090729
      },
      "synth_moments": {
        "mean": 66.87556230587217,
        "median": 48.10643450747999,
        "std": 61.6539587649746,
        "skew": 3.692321442763826,
        "kurtosis": 16.048949582272012
      },
      "KS_stat": 0.10091743119266056,
      "KS_p": 0.6379083904221879,
      "Wasserstein": 10.0333371782698,
      "JSD": 0.08273341112649685,
      "overlap_area": 0.947420756196985
    },
    "40K": {
      "real_moments": {
        "mean": 625.4423234862386,
        "median": 666.06,
        "std": 325.77620030216633,
        "skew": -0.18433595382893606,
        "kurtosis": -1.210803726194395
      },
      "synth_moments": {
        "mean": 636.2507243929987,
        "median": 690.0486450024916,
        "std": 316.2571371891954,
        "skew": -0.26904238183179346,
        "kurtosis": -1.1244357427966558
      },
      "KS_stat": 0.05504587155963303,
      "KS_p": 0.9967758992890015,
      "Wasserstein": 24.403885264618815,
      "JSD": 0.011082985974209732,
      "overlap_area": 0.9700864142041844
    },
    "Raeq": {
      "real_moments": {
        "mean": 220.80948743119262,
        "median": 193.66001,
        "std": 141.24695669027093,
        "skew": 4.496849695288913,
        "kurtosis": 29.952848462778505
      },
      "synth_moments": {
        "mean": 220.00625814459178,
        "median": 192.74373824863,
        "std": 126.85017580817583,
        "skew": 3.3596672598818067,
        "kurtosis": 14.538043051786023
      },
      "KS_stat": 0.07339449541284404,
      "KS_p": 0.9325712647984811,
      "Wasserstein": 15.151342431261218,
      "JSD": 0.04504592961014049,
      "overlap_area": 0.9444135225809237
    },
    "Theq": {
      "real_moments": {
        "mean": 155.1863267889908,
        "median": 136.56014,
        "std": 98.90341948182714,
        "skew": 4.479289412980269,
        "kurtosis": 29.79276992766934
      },
      "synth_moments": {
        "mean": 153.9052707338229,
        "median": 133.88076930656248,
        "std": 88.9137589180134,
        "skew": 3.1781356949818487,
        "kurtosis": 13.346998517341326
      },
      "KS_stat": 0.05504587155963303,
      "KS_p": 0.9967758992890015,
      "Wasserstein": 10.255708499809423,
      "JSD": 0.03922535913138392,
      "overlap_area": 0.9556932570237787
    },
    "Keq": {
      "real_moments": {
        "mean": 2651.9736386238537,
        "median": 2228.3676,
        "std": 1811.0429350912407,
        "skew": 5.008102937890224,
        "kurtosis": 33.882309184918405
      },
      "synth_moments": {
        "mean": 2634.2032984771768,
        "median": 2244.1559957284107,
        "std": 1663.7140585438551,
        "skew": 3.9733258758299406,
        "kurtosis": 18.44073057356409
      },
      "KS_stat": 0.09174311926605505,
      "KS_p": 0.7511370048916558,
      "Wasserstein": 192.15841239316376,
      "JSD": 0.10345332592173198,
      "overlap_area": 0.9517665679135354
    },
    "IG": {
      "real_moments": {
        "mean": 0.7999194495412842,
        "median": 0.72877,
        "std": 0.4950253455180348,
        "skew": 4.324005521258932,
        "kurtosis": 28.49755443867455
      },
      "synth_moments": {
        "mean": 0.7967070154401815,
        "median": 0.7123295514419998,
        "std": 0.4412368733391271,
        "skew": 3.0047416408800327,
        "kurtosis": 12.336646758333673
      },
      "KS_stat": 0.09174311926605505,
      "KS_p": 0.7511370048916558,
      "Wasserstein": 0.05317143528662927,
      "JSD": 0.04176449973202424,
      "overlap_area": 0.9494367837761893
    },
    "IA": {
      "real_moments": {
        "mean": 0.3748992660550459,
        "median": 0.35718,
        "std": 0.22028081674815472,
        "skew": 1.583885893541485,
        "kurtosis": 4.364752856144418
      },
      "synth_moments": {
        "mean": 0.3784846831556697,
        "median": 0.361590379864,
        "std": 0.2246526375318795,
        "skew": 1.665090677272199,
        "kurtosis": 4.606193315409448
      },
      "KS_stat": 0.06422018348623854,
      "KS_p": 0.9791203051957483,
      "Wasserstein": 0.02037770656331001,
      "JSD": 0.04407948962966694,
      "overlap_area": 0.9489012382438304
    },
    "IB": {
      "real_moments": {
        "mean": 0.7059155963302752,
        "median": 0.63475,
        "std": 0.42144292108674913,
        "skew": 4.011764769362035,
        "kurtosis": 25.03382413044252
      },
      "synth_moments": {
        "mean": 0.709848308199346,
        "median": 0.6363849599747998,
        "std": 0.3942198658637684,
        "skew": 3.0661747011841056,
        "kurtosis": 12.727926107963757
      },
      "KS_stat": 0.07339449541284404,
      "KS_p": 0.9325712647984811,
      "Wasserstein": 0.040573174590914585,
      "JSD": 0.04834940732590304,
      "overlap_area": 0.955573315873228
    }
  },
  "corr_similarity": {
    "corrcoef": 0.9931779667007412,
    "frob": 0.3679644363427416,
    "macd": 0.026645188528588274
  },
  "pca_overlap": {
    "overlap_frac": 0.9724770642201835,
    "pca": "PCA(n_components=3)",
    "explained_variance": "[0.79456433 0.12549852 0.07692964]"
  },
  "MMD2": -0.0056188249389423905,
  "SlicedWasserstein": 55.06963637655481,
  "EnergyDistance": 8.79651498582166,
  "gmm_coverage_frac": 0.6666666666666666,
  "knn_coverage": {
    "median_kth": 182.17304297580986,
    "mean_kth": 415.42676326635666,
    "iqr_kth": 150.0475622644366
  }
}