{
  "univariate": {
    "226Ra": {
      "real_moments": {
        "mean": 74.97977183486238,
        "median": 71.4369,
        "std": 44.05617270021668,
        "skew": 1.5838924892056216,
        "kurtosis": 4.364795720944686
      },
      "synth_moments": {
        "mean": 76.24696130274354,
        "median": 80.3426341333458,
        "std": 43.20604760482425,
        "skew": 1.279044381828291,
        "kurtosis": 3.088951192267748
      },
      "KS_stat": 0.08256880733944955,
      "KS_p": 0.8537177036275024,
      "Wasserstein": 3.544387230810743,
      "JSD": 0.042495306649826176,
      "overlap_area": 0.9522163630949122
    },
    "232Th": {
      "real_moments": {
        "mean": 68.3011589908257,
        "median": 54.70395,
        "std": 74.86799752698546,
        "skew": 5.899812333485469,
        "kurtosis": 45.73871141090729
      },
      "synth_moments": {
        "mean": 64.01867722535553,
        "median": 51.65833578552989,
        "std": 51.095804575400265,
        "skew": 3.096265927361039,
        "kurtosis": 13.1331301451787
      },
      "KS_stat": 0.09174311926605505,
      "KS_p": 0.7511370048916558,
      "Wasserstein": 7.302857443340978,
      "JSD": 0.04239544822866205,
      "overlap_area": 0.9546125696777827
    },
    "40K": {
      "real_moments": {
        "mean": 625.4423234862386,
        "median": 666.06,
        "std": 325.77620030216633,
        "skew": -0.18433595382893606,
        "kurtosis": -1.210803726194395
      },
      "synth_moments": {
        "mean": 618.7879668467242,
        "median": 647.4598647865955,
        "std": 323.43313749577743,
        "skew": -0.13760179154428134,
        "kurtosis": -1.25205404047572
      },
      "KS_stat": 0.045871559633027525,
      "KS_p": 0.9998685304465402,
      "Wasserstein": 17.58591470740619,
      "JSD": 0.013038485821150967,
      "overlap_area": 0.9839387529053572
    },
    "Raeq": {
      "real_moments": {
        "mean": 220.80948743119262,
        "median": 193.66001,
        "std": 141.24695669027093,
        "skew": 4.496849695288913,
        "kurtosis": 29.952848462778505
      },
      "synth_moments": {
        "mean": 214.35155249794886,
        "median": 189.2115074063049,
        "std": 113.21073715114856,
        "skew": 2.3816764251423015,
        "kurtosis": 8.740724675252789
      },
      "KS_stat": 0.05504587155963303,
      "KS_p": 0.9967758992890015,
      "Wasserstein": 11.36986829701881,
      "JSD": 0.04792577174804736,
      "overlap_area": 0.9709828700307436
    },
    "Theq": {
      "real_moments": {
        "mean": 155.1863267889908,
        "median": 136.56014,
        "std": 98.90341948182714,
        "skew": 4.479289412980269,
        "kurtosis": 29.79276992766934
      },
      "synth_moments": {
        "mean": 151.92379115454563,
        "median": 131.91357759042563,
        "std": 78.51896203072727,
        "skew": 2.1661640151516433,
        "kurtosis": 7.48097070397122
      },
      "KS_stat": 0.06422018348623854,
      "KS_p": 0.9791203051957483,
      "Wasserstein": 7.554411803803968,
      "JSD": 0.03795475006497503,
      "overlap_area": 0.9756520157001777
    },
    "Keq": {
      "real_moments": {
        "mean": 2651.9736386238537,
        "median": 2228.3676,
        "std": 1811.0429350912407,
        "skew": 5.008102937890224,
        "kurtosis": 33.882309184918405
      },
      "synth_moments": {
        "mean": 2558.814691670046,
        "median": 2159.564110710951,
        "std": 1414.9757963647935,
        "skew": 2.923572767356305,
        "kurtosis": 11.19140403125747
      },
      "KS_stat": 0.11926605504587157,
      "KS_p": 0.4218388405059881,
      "Wasserstein": 159.60381990111657,
      "JSD": 0.06988280980438849,
      "overlap_area": 0.9694450486693303
    },
    "IG": {
      "real_moments": {
        "mean": 0.7999194495412842,
        "median": 0.72877,
        "std": 0.4950253455180348,
        "skew": 4.324005521258932,
        "kurtosis": 28.49755443867455
      },
      "synth_moments": {
        "mean": 0.7931232119312727,
        "median": 0.7145770736539864,
        "std": 0.4181931731356451,
        "skew": 2.4653457343484626,
        "kurtosis": 9.252967476078412
      },
      "KS_stat": 0.08256880733944955,
      "KS_p": 0.8537177036275024,
      "Wasserstein": 0.03911532614538131,
      "JSD": 0.040810475329587675,
      "overlap_area": 0.971807620647676
    },
    "IA": {
      "real_moments": {
        "mean": 0.3748992660550459,
        "median": 0.35718,
        "std": 0.22028081674815472,
        "skew": 1.583885893541485,
        "kurtosis": 4.364752856144418
      },
      "synth_moments": {
        "mean": 0.384261984682162,
        "median": 0.3998555230706014,
        "std": 0.21912591057890993,
        "skew": 1.4407756025145204,
        "kurtosis": 3.8296608709109714
      },
      "KS_stat": 0.07339449541284404,
      "KS_p": 0.9325712647984811,
      "Wasserstein": 0.017052941450848683,
      "JSD": 0.04310401546274903,
      "overlap_area": 0.9573763722456092
    },
    "IB": {
      "real_moments": {
        "mean": 0.7059155963302752,
        "median": 0.63475,
        "std": 0.42144292108674913,
        "skew": 4.011764769362035,
        "kurtosis": 25.03382413044252
      },
      "synth_moments": {
        "mean": 0.697326595719626,
        "median": 0.600744367879746,
        "std": 0.3669077036872892,
        "skew": 2.4521808662524127,
        "kurtosis": 9.22843636337417
      },
      "KS_stat": 0.06422018348623854,
      "KS_p": 0.9791203051957483,
      "Wasserstein": 0.03296612403480932,
      "JSD": 0.051467471403043946,
      "overlap_area": 0.969644499248208
    }
  },
  "corr_similarity": {
    "corrcoef": 0.8512285462306084,
    "frob": 1.4953165329948912,
    "macd": 0.11650189256997426
  },
  "pca_overlap": {
    "overlap_frac": 0.9724770642201835,
    "pca": "PCA(n_components=3)",
    "explained_variance": "[0.74451764 0.11262725 0.09312841]"
  },
  "MMD2": -0.007437222180880498,
  "SlicedWasserstein": 44.32366472680866,
  "EnergyDistance": 8.279240988254287,
  "gmm_coverage_frac": 0.6666666666666666,
  "knn_coverage": {
    "median_kth": 190.60717832250967,
    "mean_kth": 395.4960695675059,
    "iqr_kth": 135.05742348491776
  }
}