{
  "univariate": {
    "226Ra": {
      "real_moments": {
        "mean": 74.97977183486238,
        "median": 71.4369,
        "std": 44.05617270021668,
        "skew": 1.5838924892056216,
        "kurtosis": 4.364795720944686
      },
      "synth_moments": {
        "mean": 73.49646646864132,
        "median": 67.75061571562848,
        "std": 40.36116664814362,
        "skew": 1.0313077587819903,
        "kurtosis": 1.6041932707317201
      },
      "KS_stat": 0.06422018348623854,
      "KS_p": 0.9791203051957483,
      "Wasserstein": 3.994347023865511,
      "JSD": 0.04123827410084484,
      "overlap_area": 0.9440427174014687
    },
    "232Th": {
      "real_moments": {
        "mean": 68.3011589908257,
        "median": 54.70395,
        "std": 74.86799752698546,
        "skew": 5.899812333485469,
        "kurtosis": 45.73871141090729
      },
      "synth_moments": {
        "mean": 63.269939134607164,
        "median": 56.67091326634499,
        "std": 38.41935106911747,
        "skew": 1.8393340574117376,
        "kurtosis": 5.685823688512302
      },
      "KS_stat": 0.11009174311926606,
      "KS_p": 0.525558691909033,
      "Wasserstein": 11.59516575043447,
      "JSD": 0.07463340409478278,
      "overlap_area": 0.9085708641808851
    },
    "40K": {
      "real_moments": {
        "mean": 625.4423234862386,
        "median": 666.06,
        "std": 325.77620030216633,
        "skew": -0.18433595382893606,
        "kurtosis": -1.210803726194395
      },
      "synth_moments": {
        "mean": 622.8833255523053,
        "median": 641.792655869915,
        "std": 343.86515706022647,
        "skew": -0.181542318287416,
        "kurtosis": -1.292304644294871
      },
      "KS_stat": 0.09174311926605505,
      "KS_p": 0.7511370048916558,
      "Wasserstein": 27.937055001493487,
      "JSD": 0.020296153271507626,
      "overlap_area": 0.9617403203999805
    },
    "Raeq": {
      "real_moments": {
        "mean": 220.80948743119262,
        "median": 193.66001,
        "std": 141.24695669027093,
        "skew": 4.496849695288913,
        "kurtosis": 29.952848462778505
      },
      "synth_moments": {
        "mean": 219.16854342210704,
        "median": 211.99969156988357,
        "std": 107.22580078960483,
        "skew": 1.1508513908474334,
        "kurtosis": 2.4581455155299112
      },
      "KS_stat": 0.12844036697247707,
      "KS_p": 0.3308699616789528,
      "Wasserstein": 21.814258900110694,
      "JSD": 0.05648845410852525,
      "overlap_area": 0.9222159001337301
    },
    "Theq": {
      "real_moments": {
        "mean": 155.1863267889908,
        "median": 136.56014,
        "std": 98.90341948182714,
        "skew": 4.479289412980269,
        "kurtosis": 29.79276992766934
      },
      "synth_moments": {
        "mean": 152.82022958363987,
        "median": 146.14994951190943,
        "std": 70.61696804380273,
        "skew": 1.165385043918756,
        "kurtosis": 2.958761798854753
      },
      "KS_stat": 0.11926605504587157,
      "KS_p": 0.4218388405059881,
      "Wasserstein": 13.449119078817736,
      "JSD": 0.035283540502774144,
      "overlap_area": 0.9321873050995879
    },
    "Keq": {
      "real_moments": {
        "mean": 2651.9736386238537,
        "median": 2228.3676,
        "std": 1811.0429350912407,
        "skew": 5.008102937890224,
        "kurtosis": 33.882309184918405
      },
      "synth_moments": {
        "mean": 2632.6030535128816,
        "median": 2502.471991946929,
        "std": 1161.151750321213,
        "skew": 1.4095630240845278,
        "kurtosis": 4.132414794776525
      },
      "KS_stat": 0.1743119266055046,
      "KS_p": 0.07277246622099681,
      "Wasserstein": 356.06682803005555,
      "JSD": 0.07694089335671511,
      "overlap_area": 0.8721493511915948
    },
    "IG": {
      "real_moments": {
        "mean": 0.7999194495412842,
        "median": 0.72877,
        "std": 0.4950253455180348,
        "skew": 4.324005521258932,
        "kurtosis": 28.49755443867455
      },
      "synth_moments": {
        "mean": 0.7809210289913805,
        "median": 0.7921998989607999,
        "std": 0.35609798427974054,
        "skew": 0.8565402535610627,
        "kurtosis": 1.6621108509376636
      },
      "KS_stat": 0.11009174311926606,
      "KS_p": 0.525558691909033,
      "Wasserstein": 0.06909691121345235,
      "JSD": 0.052283922754935,
      "overlap_area": 0.9233925942219485
    },
    "IA": {
      "real_moments": {
        "mean": 0.3748992660550459,
        "median": 0.35718,
        "std": 0.22028081674815472,
        "skew": 1.583885893541485,
        "kurtosis": 4.364752856144418
      },
      "synth_moments": {
        "mean": 0.3747908047246282,
        "median": 0.333417589564,
        "std": 0.20591797149286392,
        "skew": 0.9276006994182826,
        "kurtosis": 1.2818922618024056
      },
      "KS_stat": 0.07339449541284404,
      "KS_p": 0.9325712647984811,
      "Wasserstein": 0.02591992378526093,
      "JSD": 0.0632950546732163,
      "overlap_area": 0.9298852321448119
    },
    "IB": {
      "real_moments": {
        "mean": 0.7059155963302752,
        "median": 0.63475,
        "std": 0.42144292108674913,
        "skew": 4.011764769362035,
        "kurtosis": 25.03382413044252
      },
      "synth_moments": {
        "mean": 0.6939817568421999,
        "median": 0.6441051207489998,
        "std": 0.3231016001749883,
        "skew": 1.0091169708183143,
        "kurtosis": 2.1756252265422518
      },
      "KS_stat": 0.10091743119266056,
      "KS_p": 0.6379083904221879,
      "Wasserstein": 0.06274433969586962,
      "JSD": 0.0676955631665445,
      "overlap_area": 0.9277058533728291
    }
  },
  "corr_similarity": {
    "corrcoef": 0.9820245933886185,
    "frob": 0.8299433745834446,
    "macd": 0.075557255750022
  },
  "pca_overlap": {
    "overlap_frac": 0.981651376146789,
    "pca": "PCA(n_components=3)",
    "explained_variance": "[0.7788268  0.12438067 0.07973842]"
  },
  "MMD2": 0.0110885862092589,
  "SlicedWasserstein": 87.29151612389973,
  "EnergyDistance": 39.996697209534204,
  "gmm_coverage_frac": 0.6666666666666666,
  "knn_coverage": {
    "median_kth": 232.4527868862084,
    "mean_kth": 425.11443484762225,
    "iqr_kth": 155.37843911461727
  }
}