{
  "univariate": {
    "226Ra": {
      "real_moments": {
        "mean": 74.97977183486238,
        "median": 71.4369,
        "std": 44.05617270021668,
        "skew": 1.5838924892056216,
        "kurtosis": 4.364795720944686
      },
      "synth_moments": {
        "mean": 75.99159239247841,
        "median": 77.32665141368327,
        "std": 40.24969334587528,
        "skew": 0.9094806432727042,
        "kurtosis": 1.7036762594708348
      },
      "KS_stat": 0.09174311926605505,
      "KS_p": 0.7511370048916558,
      "Wasserstein": 4.409101204132625,
      "JSD": 0.05607931138290651,
      "overlap_area": 0.9519130044310873
    },
    "232Th": {
      "real_moments": {
        "mean": 68.3011589908257,
        "median": 54.70395,
        "std": 74.86799752698546,
        "skew": 5.899812333485469,
        "kurtosis": 45.73871141090729
      },
      "synth_moments": {
        "mean": 61.73872008643344,
        "median": 50.25589559609992,
        "std": 41.20389167747778,
        "skew": 1.8643321117255727,
        "kurtosis": 5.373478564800905
      },
      "KS_stat": 0.08256880733944955,
      "KS_p": 0.8537177036275024,
      "Wasserstein": 8.827376950311871,
      "JSD": 0.061382081906160006,
      "overlap_area": 0.9742488095298483
    },
    "40K": {
      "real_moments": {
        "mean": 625.4423234862386,
        "median": 666.06,
        "std": 325.77620030216633,
        "skew": -0.18433595382893606,
        "kurtosis": -1.210803726194395
      },
      "synth_moments": {
        "mean": 633.0423963088604,
        "median": 727.6048557712339,
        "std": 318.4263096374191,
        "skew": -0.3128598921672118,
        "kurtosis": -1.2063420000838585
      },
      "KS_stat": 0.08256880733944955,
      "KS_p": 0.8537177036275024,
      "Wasserstein": 25.419374129417665,
      "JSD": 0.01302210777130007,
      "overlap_area": 0.960252945001112
    },
    "Raeq": {
      "real_moments": {
        "mean": 220.80948743119262,
        "median": 193.66001,
        "std": 141.24695669027093,
        "skew": 4.496849695288913,
        "kurtosis": 29.952848462778505
      },
      "synth_moments": {
        "mean": 219.93285670492415,
        "median": 212.66875456173813,
        "std": 133.6883909384975,
        "skew": 4.286526622837576,
        "kurtosis": 29.143036316803098
      },
      "KS_stat": 0.08256880733944955,
      "KS_p": 0.8537177036275024,
      "Wasserstein": 11.865895863568394,
      "JSD": 0.04265943258171816,
      "overlap_area": 0.9371709112240402
    },
    "Theq": {
      "real_moments": {
        "mean": 155.1863267889908,
        "median": 136.56014,
        "std": 98.90341948182714,
        "skew": 4.479289412980269,
        "kurtosis": 29.79276992766934
      },
      "synth_moments": {
        "mean": 155.21131382061913,
        "median": 149.7033848021973,
        "std": 95.0467315658017,
        "skew": 4.223994106582698,
        "kurtosis": 28.180524313889098
      },
      "KS_stat": 0.08256880733944955,
      "KS_p": 0.8537177036275024,
      "Wasserstein": 7.943350627665092,
      "JSD": 0.03879343511542846,
      "overlap_area": 0.9401728803682242
    },
    "Keq": {
      "real_moments": {
        "mean": 2651.9736386238537,
        "median": 2228.3676,
        "std": 1811.0429350912407,
        "skew": 5.008102937890224,
        "kurtosis": 33.882309184918405
      },
      "synth_moments": {
        "mean": 2547.591955301005,
        "median": 2345.0853609278915,
        "std": 1587.1812580410644,
        "skew": 5.430002478809745,
        "kurtosis": 41.66812359167424
      },
      "KS_stat": 0.11009174311926606,
      "KS_p": 0.525558691909033,
      "Wasserstein": 178.51443504251853,
      "JSD": 0.08043122437747238,
      "overlap_area": 0.9435389956495723
    },
    "IG": {
      "real_moments": {
        "mean": 0.7999194495412842,
        "median": 0.72877,
        "std": 0.4950253455180348,
        "skew": 4.324005521258932,
        "kurtosis": 28.49755443867455
      },
      "synth_moments": {
        "mean": 0.8033986756313973,
        "median": 0.7830000160144261,
        "std": 0.48393092113603325,
        "skew": 4.036011916744033,
        "kurtosis": 26.326283140895693
      },
      "KS_stat": 0.10091743119266056,
      "KS_p": 0.6379083904221879,
      "Wasserstein": 0.03742536212054524,
      "JSD": 0.03266636726202965,
      "overlap_area": 0.9449064829521779
    },
    "IA": {
      "real_moments": {
        "mean": 0.3748992660550459,
        "median": 0.35718,
        "std": 0.22028081674815472,
        "skew": 1.583885893541485,
        "kurtosis": 4.364752856144418
      },
      "synth_moments": {
        "mean": 0.385425141327591,
        "median": 0.382331831000804,
        "std": 0.22253830211617048,
        "skew": 1.4731207639414414,
        "kurtosis": 3.819784322263617
      },
      "KS_stat": 0.06422018348623854,
      "KS_p": 0.9791203051957483,
      "Wasserstein": 0.0156614249306371,
      "JSD": 0.03616662502997927,
      "overlap_area": 0.9577819788515235
    },
    "IB": {
      "real_moments": {
        "mean": 0.7059155963302752,
        "median": 0.63475,
        "std": 0.42144292108674913,
        "skew": 4.011764769362035,
        "kurtosis": 25.03382413044252
      },
      "synth_moments": {
        "mean": 0.7125000949875793,
        "median": 0.6891961499475263,
        "std": 0.40373143426722496,
        "skew": 3.706159282352879,
        "kurtosis": 23.730904840135004
      },
      "KS_stat": 0.09174311926605505,
      "KS_p": 0.7511370048916558,
      "Wasserstein": 0.03821031374460395,
      "JSD": 0.07246148155961776,
      "overlap_area": 0.9327021166676228
    }
  },
  "corr_similarity": {
    "corrcoef": 0.7552146538625284,
    "frob": 1.8960184902497796,
    "macd": 0.15095441912080051
  },
  "pca_overlap": {
    "overlap_frac": 0.9724770642201835,
    "pca": "PCA(n_components=3)",
    "explained_variance": "[0.72015124 0.11186145 0.09738932]"
  },
  "MMD2": -0.0037846745982255126,
  "SlicedWasserstein": 48.91581752646057,
  "EnergyDistance": 11.338888080677634,
  "gmm_coverage_frac": 0.6666666666666666,
  "knn_coverage": {
    "median_kth": 192.2735445031505,
    "mean_kth": 407.6331133497898,
    "iqr_kth": 180.91972649897104
  }
}