{
  "univariate": {
    "226Ra": {
      "real_moments": {
        "mean": 74.97977183486238,
        "median": 71.4369,
        "std": 44.05617270021668,
        "skew": 1.5838924892056216,
        "kurtosis": 4.364795720944686
      },
      "synth_moments": {
        "mean": 73.53600913065621,
        "median": 73.7171129610908,
        "std": 37.45193276997476,
        "skew": 1.4408523013863652,
        "kurtosis": 4.4401800184842015
      },
      "KS_stat": 0.09174311926605505,
      "KS_p": 0.7511370048916558,
      "Wasserstein": 4.35070381088901,
      "JSD": 0.016676655453153104,
      "overlap_area": 0.9652310998413327
    },
    "232Th": {
      "real_moments": {
        "mean": 68.3011589908257,
        "median": 54.70395,
        "std": 74.86799752698546,
        "skew": 5.899812333485469,
        "kurtosis": 45.73871141090729
      },
      "synth_moments": {
        "mean": 65.73260132847632,
        "median": 58.53143224094542,
        "std": 45.97489893820935,
        "skew": 2.605690693685768,
        "kurtosis": 11.634053621886848
      },
      "KS_stat": 0.09174311926605505,
      "KS_p": 0.7511370048916558,
      "Wasserstein": 8.727558639656934,
      "JSD": 0.050369315955210624,
      "overlap_area": 0.9335600704359658
    },
    "40K": {
      "real_moments": {
        "mean": 625.4423234862386,
        "median": 666.06,
        "std": 325.77620030216633,
        "skew": -0.18433595382893606,
        "kurtosis": -1.210803726194395
      },
      "synth_moments": {
        "mean": 615.8462581366688,
        "median": 613.2823359868619,
        "std": 321.8212730492933,
        "skew": -0.12480861796458072,
        "kurtosis": -1.2376007014466037
      },
      "KS_stat": 0.06422018348623854,
      "KS_p": 0.9791203051957483,
      "Wasserstein": 22.156888323988877,
      "JSD": 0.020376019975787675,
      "overlap_area": 0.9699583102716127
    },
    "Raeq": {
      "real_moments": {
        "mean": 220.80948743119262,
        "median": 193.66001,
        "std": 141.24695669027093,
        "skew": 4.496849695288913,
        "kurtosis": 29.952848462778505
      },
      "synth_moments": {
        "mean": 213.66610877064306,
        "median": 201.63576007426173,
        "std": 98.54366850714203,
        "skew": 2.493101236494652,
        "kurtosis": 11.562123682270283
      },
      "KS_stat": 0.06422018348623854,
      "KS_p": 0.9791203051957483,
      "Wasserstein": 14.279479444887208,
      "JSD": 0.039212415270403145,
      "overlap_area": 0.9474308785669913
    },
    "Theq": {
      "real_moments": {
        "mean": 155.1863267889908,
        "median": 136.56014,
        "std": 98.90341948182714,
        "skew": 4.479289412980269,
        "kurtosis": 29.79276992766934
      },
      "synth_moments": {
        "mean": 151.15943504923857,
        "median": 145.2573764015916,
        "std": 69.09473610390016,
        "skew": 2.3821230432990474,
        "kurtosis": 10.80574768597085
      },
      "KS_stat": 0.07339449541284404,
      "KS_p": 0.9325712647984811,
      "Wasserstein": 9.81753632399064,
      "JSD": 0.0332769848717047,
      "overlap_area": 0.9454630291174928
    },
    "Keq": {
      "real_moments": {
        "mean": 2651.9736386238537,
        "median": 2228.3676,
        "std": 1811.0429350912407,
        "skew": 5.008102937890224,
        "kurtosis": 33.882309184918405
      },
      "synth_moments": {
        "mean": 2570.1633398560502,
        "median": 2463.2481301998355,
        "std": 1221.5768241180779,
        "skew": 3.6097511913092055,
        "kurtosis": 19.51184652800842
      },
      "KS_stat": 0.10091743119266056,
      "KS_p": 0.6379083904221879,
      "Wasserstein": 231.67060916547595,
      "JSD": 0.0752641970614921,
      "overlap_area": 0.9224624190322945
    },
    "IG": {
      "real_moments": {
        "mean": 0.7999194495412842,
        "median": 0.72877,
        "std": 0.4950253455180348,
        "skew": 4.324005521258932,
        "kurtosis": 28.49755443867455
      },
      "synth_moments": {
        "mean": 0.7936179783309706,
        "median": 0.7487099119100001,
        "std": 0.37622180070142397,
        "skew": 2.760267532205536,
        "kurtosis": 13.904046403678336
      },
      "KS_stat": 0.08256880733944955,
      "KS_p": 0.8537177036275024,
      "Wasserstein": 0.04671591014239814,
      "JSD": 0.034826553448809305,
      "overlap_area": 0.9406158146427599
    },
    "IA": {
      "real_moments": {
        "mean": 0.3748992660550459,
        "median": 0.35718,
        "std": 0.22028081674815472,
        "skew": 1.583885893541485,
        "kurtosis": 4.364752856144418
      },
      "synth_moments": {
        "mean": 0.3702869387552549,
        "median": 0.37078668716,
        "std": 0.19152259262320306,
        "skew": 1.5289592471972724,
        "kurtosis": 4.817267730030698
      },
      "KS_stat": 0.08256880733944955,
      "KS_p": 0.8537177036275024,
      "Wasserstein": 0.02017714133002936,
      "JSD": 0.03627843336472743,
      "overlap_area": 0.9657868431265838
    },
    "IB": {
      "real_moments": {
        "mean": 0.7059155963302752,
        "median": 0.63475,
        "std": 0.42144292108674913,
        "skew": 4.011764769362035,
        "kurtosis": 25.03382413044252
      },
      "synth_moments": {
        "mean": 0.6980812516644176,
        "median": 0.6548426885445,
        "std": 0.3277570578848904,
        "skew": 2.7626840558645918,
        "kurtosis": 13.850362418303494
      },
      "KS_stat": 0.06422018348623854,
      "KS_p": 0.9791203051957483,
      "Wasserstein": 0.036031681761628395,
      "JSD": 0.029961612681884495,
      "overlap_area": 0.948024606713493
    }
  },
  "corr_similarity": {
    "corrcoef": 0.7878219406497694,
    "frob": 1.72217637269601,
    "macd": 0.1354225910203643
  },
  "pca_overlap": {
    "overlap_frac": 0.9908256880733946,
    "pca": "PCA(n_components=3)",
    "explained_variance": "[0.73253571 0.10968063 0.09819896]"
  },
  "MMD2": 0.00026387069928945905,
  "SlicedWasserstein": 62.443725162149356,
  "EnergyDistance": 16.682456114526076,
  "gmm_coverage_frac": 0.6666666666666666,
  "knn_coverage": {
    "median_kth": 186.56619501418604,
    "mean_kth": 424.87046167319266,
    "iqr_kth": 143.44385485906832
  }
}