{
  "univariate": {
    "226Ra": {
      "real_moments": {
        "mean": 74.97977183486238,
        "median": 71.4369,
        "std": 44.05617270021668,
        "skew": 1.5838924892056216,
        "kurtosis": 4.364795720944686
      },
      "synth_moments": {
        "mean": 73.07228119953338,
        "median": 69.23864485858873,
        "std": 44.76459296382679,
        "skew": 1.6966998811248528,
        "kurtosis": 4.920967014151343
      },
      "KS_stat": 0.06422018348623854,
      "KS_p": 0.9791203051957483,
      "Wasserstein": 3.1991690766391865,
      "JSD": 0.05472249784369968,
      "overlap_area": 0.9698989787602844
    },
    "232Th": {
      "real_moments": {
        "mean": 68.3011589908257,
        "median": 54.70395,
        "std": 74.86799752698546,
        "skew": 5.899812333485469,
        "kurtosis": 45.73871141090729
      },
      "synth_moments": {
        "mean": 69.86817935739799,
        "median": 48.11804886381748,
        "std": 83.83210556665472,
        "skew": 5.086784454793528,
        "kurtosis": 30.664373064979884
      },
      "KS_stat": 0.07339449541284404,
      "KS_p": 0.9325712647984811,
      "Wasserstein": 6.062638832532793,
      "JSD": 0.03444682166728524,
      "overlap_area": 0.9651763275740952
    },
    "40K": {
      "real_moments": {
        "mean": 625.4423234862386,
        "median": 666.06,
        "std": 325.77620030216633,
        "skew": -0.18433595382893606,
        "kurtosis": -1.210803726194395
      },
      "synth_moments": {
        "mean": 624.1659920490849,
        "median": 671.4037309833941,
        "std": 313.59622828350876,
        "skew": -0.20990951470546335,
        "kurtosis": -1.196538276893224
      },
      "KS_stat": 0.07339449541284404,
      "KS_p": 0.9325712647984811,
      "Wasserstein": 22.068147568449206,
      "JSD": 0.012481390988916551,
      "overlap_area": 0.9667133747478145
    },
    "Raeq": {
      "real_moments": {
        "mean": 220.80948743119262,
        "median": 193.66001,
        "std": 141.24695669027093,
        "skew": 4.496849695288913,
        "kurtosis": 29.952848462778505
      },
      "synth_moments": {
        "mean": 217.1616925852343,
        "median": 183.7356066513101,
        "std": 151.6488494837816,
        "skew": 4.040238371640795,
        "kurtosis": 21.927551443339187
      },
      "KS_stat": 0.09174311926605505,
      "KS_p": 0.7511370048916558,
      "Wasserstein": 12.181246972591476,
      "JSD": 0.045496908257335975,
      "overlap_area": 0.9522625260391245
    },
    "Theq": {
      "real_moments": {
        "mean": 155.1863267889908,
        "median": 136.56014,
        "std": 98.90341948182714,
        "skew": 4.479289412980269,
        "kurtosis": 29.79276992766934
      },
      "synth_moments": {
        "mean": 153.18132017571313,
        "median": 129.59174160312796,
        "std": 105.98875937135512,
        "skew": 4.007724937111391,
        "kurtosis": 21.729384070185382
      },
      "KS_stat": 0.10091743119266056,
      "KS_p": 0.6379083904221879,
      "Wasserstein": 8.054185593750727,
      "JSD": 0.044293635387991206,
      "overlap_area": 0.9548323821024928
    },
    "Keq": {
      "real_moments": {
        "mean": 2651.9736386238537,
        "median": 2228.3676,
        "std": 1811.0429350912407,
        "skew": 5.008102937890224,
        "kurtosis": 33.882309184918405
      },
      "synth_moments": {
        "mean": 2671.1107290619716,
        "median": 2199.954763938161,
        "std": 1966.1432159483502,
        "skew": 4.4089120486097775,
        "kurtosis": 24.255561798833472
      },
      "KS_stat": 0.07339449541284404,
      "KS_p": 0.9325712647984811,
      "Wasserstein": 135.47120612019717,
      "JSD": 0.057797432897448625,
      "overlap_area": 0.9551494510475221
    },
    "IG": {
      "real_moments": {
        "mean": 0.7999194495412842,
        "median": 0.72877,
        "std": 0.4950253455180348,
        "skew": 4.324005521258932,
        "kurtosis": 28.49755443867455
      },
      "synth_moments": {
        "mean": 0.7931829803759238,
        "median": 0.67185760986,
        "std": 0.5297339918872146,
        "skew": 3.772223077088784,
        "kurtosis": 19.922634243770883
      },
      "KS_stat": 0.10091743119266056,
      "KS_p": 0.6379083904221879,
      "Wasserstein": 0.03993404284101751,
      "JSD": 0.02988950646210579,
      "overlap_area": 0.9549720636767771
    },
    "IA": {
      "real_moments": {
        "mean": 0.3748992660550459,
        "median": 0.35718,
        "std": 0.22028081674815472,
        "skew": 1.583885893541485,
        "kurtosis": 4.364752856144418
      },
      "synth_moments": {
        "mean": 0.36285643094061726,
        "median": 0.338068786896,
        "std": 0.22202653648352796,
        "skew": 1.7338464904939592,
        "kurtosis": 5.143003281856441
      },
      "KS_stat": 0.06422018348623854,
      "KS_p": 0.9791203051957483,
      "Wasserstein": 0.017466074003059814,
      "JSD": 0.05663422498912743,
      "overlap_area": 0.9648883225849081
    },
    "IB": {
      "real_moments": {
        "mean": 0.7059155963302752,
        "median": 0.63475,
        "std": 0.42144292108674913,
        "skew": 4.011764769362035,
        "kurtosis": 25.03382413044252
      },
      "synth_moments": {
        "mean": 0.7021563578334674,
        "median": 0.6108788767021999,
        "std": 0.4567190494744669,
        "skew": 3.5937876050091164,
        "kurtosis": 18.24472480390159
      },
      "KS_stat": 0.09174311926605505,
      "KS_p": 0.7511370048916558,
      "Wasserstein": 0.03428683336942534,
      "JSD": 0.033673439240707155,
      "overlap_area": 0.9527373088812714
    }
  },
  "corr_similarity": {
    "corrcoef": 0.9937862098160449,
    "frob": 0.4376979302949093,
    "macd": 0.03275167360287888
  },
  "pca_overlap": {
    "overlap_frac": 0.9724770642201835,
    "pca": "PCA(n_components=3)",
    "explained_variance": "[0.80088554 0.12393219 0.07309228]"
  },
  "MMD2": -0.0064403125709269204,
  "SlicedWasserstein": 38.532909732229484,
  "EnergyDistance": 6.568289822037968,
  "gmm_coverage_frac": 0.6666666666666666,
  "knn_coverage": {
    "median_kth": 191.3490031844388,
    "mean_kth": 375.3140750377159,
    "iqr_kth": 147.23112088331774
  }
}