{
  "univariate": {
    "226Ra": {
      "real_moments": {
        "mean": 74.97977183486238,
        "median": 71.4369,
        "std": 44.05617270021668,
        "skew": 1.5838924892056216,
        "kurtosis": 4.364795720944686
      },
      "synth_moments": {
        "mean": 74.30051288933043,
        "median": 74.16948038536808,
        "std": 40.59868564504837,
        "skew": 1.3463169592169335,
        "kurtosis": 3.2105375139278465
      },
      "KS_stat": 0.07339449541284404,
      "KS_p": 0.9325712647984811,
      "Wasserstein": 3.813613992787313,
      "JSD": 0.08484426198601802,
      "overlap_area": 0.9566489463934074
    },
    "232Th": {
      "real_moments": {
        "mean": 68.3011589908257,
        "median": 54.70395,
        "std": 74.86799752698546,
        "skew": 5.899812333485469,
        "kurtosis": 45.73871141090729
      },
      "synth_moments": {
        "mean": 65.37576771776088,
        "median": 49.3406109120286,
        "std": 60.15653531335284,
        "skew": 3.6767031218196164,
        "kurtosis": 17.001124331149448
      },
      "KS_stat": 0.10091743119266056,
      "KS_p": 0.6379083904221879,
      "Wasserstein": 9.692137131091624,
      "JSD": 0.10618521700261974,
      "overlap_area": 0.9352467663758478
    },
    "40K": {
      "real_moments": {
        "mean": 625.4423234862386,
        "median": 666.06,
        "std": 325.77620030216633,
        "skew": -0.18433595382893606,
        "kurtosis": -1.210803726194395
      },
      "synth_moments": {
        "mean": 603.0026929612878,
        "median": 617.0482297714915,
        "std": 325.4024604831494,
        "skew": -0.1448725421014619,
        "kurtosis": -1.3056479132778864
      },
      "KS_stat": 0.06422018348623854,
      "KS_p": 0.9791203051957483,
      "Wasserstein": 27.991937343444842,
      "JSD": 0.021485915113435693,
      "overlap_area": 0.9743183784123443
    },
    "Raeq": {
      "real_moments": {
        "mean": 220.80948743119262,
        "median": 193.66001,
        "std": 141.24695669027093,
        "skew": 4.496849695288913,
        "kurtosis": 29.952848462778505
      },
      "synth_moments": {
        "mean": 212.77414149453801,
        "median": 179.08361013063188,
        "std": 118.00838588807989,
        "skew": 2.7271520684916353,
        "kurtosis": 10.327733803244028
      },
      "KS_stat": 0.09174311926605505,
      "KS_p": 0.7511370048916558,
      "Wasserstein": 16.345027889528055,
      "JSD": 0.05536767031022415,
      "overlap_area": 0.9507039234449193
    },
    "Theq": {
      "real_moments": {
        "mean": 155.1863267889908,
        "median": 136.56014,
        "std": 98.90341948182714,
        "skew": 4.479289412980269,
        "kurtosis": 29.79276992766934
      },
      "synth_moments": {
        "mean": 149.02503016430975,
        "median": 125.21297376900245,
        "std": 82.37223895394332,
        "skew": 2.76836296775094,
        "kurtosis": 10.661824367187457
      },
      "KS_stat": 0.09174311926605505,
      "KS_p": 0.7511370048916558,
      "Wasserstein": 11.315693619089947,
      "JSD": 0.07147519938993581,
      "overlap_area": 0.945324248643342
    },
    "Keq": {
      "real_moments": {
        "mean": 2651.9736386238537,
        "median": 2228.3676,
        "std": 1811.0429350912407,
        "skew": 5.008102937890224,
        "kurtosis": 33.882309184918405
      },
      "synth_moments": {
        "mean": 2515.3754727977393,
        "median": 2161.0032598723387,
        "std": 1539.413413066874,
        "skew": 3.6025551195270986,
        "kurtosis": 15.422530773540426
      },
      "KS_stat": 0.10091743119266056,
      "KS_p": 0.6379083904221879,
      "Wasserstein": 246.7963283374209,
      "JSD": 0.08077013873967459,
      "overlap_area": 0.9344564328275
    },
    "IG": {
      "real_moments": {
        "mean": 0.7999194495412842,
        "median": 0.72877,
        "std": 0.4950253455180348,
        "skew": 4.324005521258932,
        "kurtosis": 28.49755443867455
      },
      "synth_moments": {
        "mean": 0.7730820869726971,
        "median": 0.6563012150891335,
        "std": 0.4356811425810043,
        "skew": 3.0634387134295067,
        "kurtosis": 12.770840897378429
      },
      "KS_stat": 0.10091743119266056,
      "KS_p": 0.6379083904221879,
      "Wasserstein": 0.062048311789551655,
      "JSD": 0.06528274759088931,
      "overlap_area": 0.9379073686632068
    },
    "IA": {
      "real_moments": {
        "mean": 0.3748992660550459,
        "median": 0.35718,
        "std": 0.22028081674815472,
        "skew": 1.583885893541485,
        "kurtosis": 4.364752856144418
      },
      "synth_moments": {
        "mean": 0.37595012245590836,
        "median": 0.3831204791609712,
        "std": 0.21445847664638792,
        "skew": 1.599511730914712,
        "kurtosis": 4.129706074993234
      },
      "KS_stat": 0.11009174311926606,
      "KS_p": 0.525558691909033,
      "Wasserstein": 0.018436608039955758,
      "JSD": 0.053037411193447986,
      "overlap_area": 0.9573344373994052
    },
    "IB": {
      "real_moments": {
        "mean": 0.7059155963302752,
        "median": 0.63475,
        "std": 0.42144292108674913,
        "skew": 4.011764769362035,
        "kurtosis": 25.03382413044252
      },
      "synth_moments": {
        "mean": 0.6936384973824725,
        "median": 0.592767694067337,
        "std": 0.38709854972930646,
        "skew": 2.9506841316731616,
        "kurtosis": 11.944057560050075
      },
      "KS_stat": 0.09174311926605505,
      "KS_p": 0.7511370048916558,
      "Wasserstein": 0.04719230476880809,
      "JSD": 0.05777442866310568,
      "overlap_area": 0.947757572237673
    }
  },
  "corr_similarity": {
    "corrcoef": 0.8490714241655899,
    "frob": 1.503238631290818,
    "macd": 0.1099394887486719
  },
  "pca_overlap": {
    "overlap_frac": 0.963302752293578,
    "pca": "PCA(n_components=3)",
    "explained_variance": "[0.7422968  0.11324325 0.08913289]"
  },
  "MMD2": -0.0029340564096154154,
  "SlicedWasserstein": 66.43545776557663,
  "EnergyDistance": 17.402705539429462,
  "gmm_coverage_frac": 0.6666666666666666,
  "knn_coverage": {
    "median_kth": 181.6274231285778,
    "mean_kth": 436.0757620281222,
    "iqr_kth": 160.04630717410123
  }
}