{
  "univariate": {
    "226Ra": {
      "real_moments": {
        "mean": 74.97977183486238,
        "median": 71.4369,
        "std": 44.05617270021668,
        "skew": 1.5838924892056216,
        "kurtosis": 4.364795720944686
      },
      "synth_moments": {
        "mean": 75.21788111867825,
        "median": 74.29095029237094,
        "std": 45.63049328825303,
        "skew": 1.6940307576506086,
        "kurtosis": 4.429790096250689
      },
      "KS_stat": 0.10091743119266056,
      "KS_p": 0.6379083904221879,
      "Wasserstein": 3.8845520249025056,
      "JSD": 0.05487554686005554,
      "overlap_area": 0.956421135437656
    },
    "232Th": {
      "real_moments": {
        "mean": 68.3011589908257,
        "median": 54.70395,
        "std": 74.86799752698546,
        "skew": 5.899812333485469,
        "kurtosis": 45.73871141090729
      },
      "synth_moments": {
        "mean": 66.02441148434536,
        "median": 52.01029038307495,
        "std": 62.296368220860955,
        "skew": 3.768293217788685,
        "kurtosis": 18.000514643195423
      },
      "KS_stat": 0.10091743119266056,
      "KS_p": 0.6379083904221879,
      "Wasserstein": 7.71717883677088,
      "JSD": 0.039848750005661626,
      "overlap_area": 0.960823939132744
    },
    "40K": {
      "real_moments": {
        "mean": 625.4423234862386,
        "median": 666.06,
        "std": 325.77620030216633,
        "skew": -0.18433595382893606,
        "kurtosis": -1.210803726194395
      },
      "synth_moments": {
        "mean": 625.7110151025072,
        "median": 671.3473000816995,
        "std": 316.67696540457115,
        "skew": -0.21682009343143688,
        "kurtosis": -1.132897976665677
      },
      "KS_stat": 0.06422018348623854,
      "KS_p": 0.9791203051957483,
      "Wasserstein": 24.10926976765694,
      "JSD": 0.02995671902288906,
      "overlap_area": 0.9596789662338793
    },
    "Raeq": {
      "real_moments": {
        "mean": 220.80948743119262,
        "median": 193.66001,
        "std": 141.24695669027093,
        "skew": 4.496849695288913,
        "kurtosis": 29.952848462778505
      },
      "synth_moments": {
        "mean": 216.5289458465112,
        "median": 191.32942176952,
        "std": 128.62691263997937,
        "skew": 3.2525942147338944,
        "kurtosis": 14.656974155624663
      },
      "KS_stat": 0.09174311926605505,
      "KS_p": 0.7511370048916558,
      "Wasserstein": 13.788671450590213,
      "JSD": 0.06476857974254954,
      "overlap_area": 0.9634532944535532
    },
    "Theq": {
      "real_moments": {
        "mean": 155.1863267889908,
        "median": 136.56014,
        "std": 98.90341948182714,
        "skew": 4.479289412980269,
        "kurtosis": 29.79276992766934
      },
      "synth_moments": {
        "mean": 151.16271888197073,
        "median": 135.0297460139247,
        "std": 89.4708077095573,
        "skew": 3.1388139914101516,
        "kurtosis": 13.929325429357977
      },
      "KS_stat": 0.08256880733944955,
      "KS_p": 0.8537177036275024,
      "Wasserstein": 9.751986545167096,
      "JSD": 0.038920058942854246,
      "overlap_area": 0.9600474235414107
    },
    "Keq": {
      "real_moments": {
        "mean": 2651.9736386238537,
        "median": 2228.3676,
        "std": 1811.0429350912407,
        "skew": 5.008102937890224,
        "kurtosis": 33.882309184918405
      },
      "synth_moments": {
        "mean": 2595.8892814715446,
        "median": 2239.802817146326,
        "std": 1660.4115094475835,
        "skew": 3.857081828269529,
        "kurtosis": 18.418964247570347
      },
      "KS_stat": 0.06422018348623854,
      "KS_p": 0.9791203051957483,
      "Wasserstein": 165.78709970556162,
      "JSD": 0.06835086164906556,
      "overlap_area": 0.9586318418657758
    },
    "IG": {
      "real_moments": {
        "mean": 0.7999194495412842,
        "median": 0.72877,
        "std": 0.4950253455180348,
        "skew": 4.324005521258932,
        "kurtosis": 28.49755443867455
      },
      "synth_moments": {
        "mean": 0.7814936903842125,
        "median": 0.7156718379379999,
        "std": 0.446320566558077,
        "skew": 2.894781072202758,
        "kurtosis": 12.424001335670235
      },
      "KS_stat": 0.11926605504587157,
      "KS_p": 0.4218388405059881,
      "Wasserstein": 0.05322675592337921,
      "JSD": 0.04450175408934713,
      "overlap_area": 0.9585787862311994
    },
    "IA": {
      "real_moments": {
        "mean": 0.3748992660550459,
        "median": 0.35718,
        "std": 0.22028081674815472,
        "skew": 1.583885893541485,
        "kurtosis": 4.364752856144418
      },
      "synth_moments": {
        "mean": 0.37576388223926677,
        "median": 0.3736888005280001,
        "std": 0.22682126624750945,
        "skew": 1.7074445319729015,
        "kurtosis": 4.519498109810519
      },
      "KS_stat": 0.11009174311926606,
      "KS_p": 0.525558691909033,
      "Wasserstein": 0.019445191105920735,
      "JSD": 0.06195453644687243,
      "overlap_area": 0.9574767087713616
    },
    "IB": {
      "real_moments": {
        "mean": 0.7059155963302752,
        "median": 0.63475,
        "std": 0.42144292108674913,
        "skew": 4.011764769362035,
        "kurtosis": 25.03382413044252
      },
      "synth_moments": {
        "mean": 0.6973301357530834,
        "median": 0.6246714182187998,
        "std": 0.39668648691600605,
        "skew": 2.928710668404046,
        "kurtosis": 12.466670396672672
      },
      "KS_stat": 0.07339449541284404,
      "KS_p": 0.9325712647984811,
      "Wasserstein": 0.041980611522648606,
      "JSD": 0.05090360386823865,
      "overlap_area": 0.9616095470765178
    }
  },
  "corr_similarity": {
    "corrcoef": 0.996711590170938,
    "frob": 0.40619441506152504,
    "macd": 0.03240529585838644
  },
  "pca_overlap": {
    "overlap_frac": 0.9724770642201835,
    "pca": "PCA(n_components=3)",
    "explained_variance": "[0.79598887 0.1252436  0.07604768]"
  },
  "MMD2": -0.006723848970497492,
  "SlicedWasserstein": 50.421211894550645,
  "EnergyDistance": 7.947514445559136,
  "gmm_coverage_frac": 0.6666666666666666,
  "knn_coverage": {
    "median_kth": 193.6245372020387,
    "mean_kth": 405.28967733301204,
    "iqr_kth": 112.36122995560996
  }
}