{
  "univariate": {
    "226Ra": {
      "real_moments": {
        "mean": 74.97977183486238,
        "median": 71.4369,
        "std": 44.05617270021668,
        "skew": 1.5838924892056216,
        "kurtosis": 4.364795720944686
      },
      "synth_moments": {
        "mean": 73.71655207151107,
        "median": 72.52255471316694,
        "std": 39.1353515233064,
        "skew": 1.0807407742892818,
        "kurtosis": 2.4165343229571468
      },
      "KS_stat": 0.07339449541284404,
      "KS_p": 0.9325712647984811,
      "Wasserstein": 3.681418492469728,
      "JSD": 0.04990102918808879,
      "overlap_area": 0.9666998538001298
    },
    "232Th": {
      "real_moments": {
        "mean": 68.3011589908257,
        "median": 54.70395,
        "std": 74.86799752698546,
        "skew": 5.899812333485469,
        "kurtosis": 45.73871141090729
      },
      "synth_moments": {
        "mean": 63.51132085672956,
        "median": 54.39116702972841,
        "std": 41.04931816151861,
        "skew": 1.7662217594698957,
        "kurtosis": 4.465913490055936
      },
      "KS_stat": 0.08256880733944955,
      "KS_p": 0.8537177036275024,
      "Wasserstein": 9.264812632011022,
      "JSD": 0.05345979817993266,
      "overlap_area": 0.9431520428199691
    },
    "40K": {
      "real_moments": {
        "mean": 625.4423234862386,
        "median": 666.06,
        "std": 325.77620030216633,
        "skew": -0.18433595382893606,
        "kurtosis": -1.210803726194395
      },
      "synth_moments": {
        "mean": 631.2566958458513,
        "median": 696.7759113029632,
        "std": 307.131070763624,
        "skew": -0.2325499273374918,
        "kurtosis": -1.1528149265607608
      },
      "KS_stat": 0.08256880733944955,
      "KS_p": 0.8537177036275024,
      "Wasserstein": 25.903988591337185,
      "JSD": 0.012084523636703603,
      "overlap_area": 0.9601803347550213
    },
    "Raeq": {
      "real_moments": {
        "mean": 220.80948743119262,
        "median": 193.66001,
        "std": 141.24695669027093,
        "skew": 4.496849695288913,
        "kurtosis": 29.952848462778505
      },
      "synth_moments": {
        "mean": 222.6999079690701,
        "median": 191.62477617379028,
        "std": 142.3213985617136,
        "skew": 4.392879764155315,
        "kurtosis": 27.24731361022054
      },
      "KS_stat": 0.07339449541284404,
      "KS_p": 0.9325712647984811,
      "Wasserstein": 9.101237682102614,
      "JSD": 0.03472083517005582,
      "overlap_area": 0.9608594200368948
    },
    "Theq": {
      "real_moments": {
        "mean": 155.1863267889908,
        "median": 136.56014,
        "std": 98.90341948182714,
        "skew": 4.479289412980269,
        "kurtosis": 29.79276992766934
      },
      "synth_moments": {
        "mean": 154.73659490746854,
        "median": 136.42882964500552,
        "std": 96.2807950482241,
        "skew": 4.464654715345088,
        "kurtosis": 29.080824630708847
      },
      "KS_stat": 0.06422018348623854,
      "KS_p": 0.9791203051957483,
      "Wasserstein": 5.941836860621875,
      "JSD": 0.026926435727327575,
      "overlap_area": 0.9656681929973758
    },
    "Keq": {
      "real_moments": {
        "mean": 2651.9736386238537,
        "median": 2228.3676,
        "std": 1811.0429350912407,
        "skew": 5.008102937890224,
        "kurtosis": 33.882309184918405
      },
      "synth_moments": {
        "mean": 2544.7423656793244,
        "median": 2265.312290005146,
        "std": 1671.2096060586084,
        "skew": 5.5802908980035175,
        "kurtosis": 39.716950587721676
      },
      "KS_stat": 0.07339449541284404,
      "KS_p": 0.9325712647984811,
      "Wasserstein": 142.10063997000566,
      "JSD": 0.06923558474980832,
      "overlap_area": 0.9511078790572239
    },
    "IG": {
      "real_moments": {
        "mean": 0.7999194495412842,
        "median": 0.72877,
        "std": 0.4950253455180348,
        "skew": 4.324005521258932,
        "kurtosis": 28.49755443867455
      },
      "synth_moments": {
        "mean": 0.8014581576574761,
        "median": 0.7625497479127571,
        "std": 0.47528059116151117,
        "skew": 4.107573174491414,
        "kurtosis": 26.28755369516561
      },
      "KS_stat": 0.09174311926605505,
      "KS_p": 0.7511370048916558,
      "Wasserstein": 0.0353577169861221,
      "JSD": 0.047053643486234864,
      "overlap_area": 0.9534212650797854
    },
    "IA": {
      "real_moments": {
        "mean": 0.3748992660550459,
        "median": 0.35718,
        "std": 0.22028081674815472,
        "skew": 1.583885893541485,
        "kurtosis": 4.364752856144418
      },
      "synth_moments": {
        "mean": 0.36823865797790123,
        "median": 0.3810899386675759,
        "std": 0.20610975805503873,
        "skew": 1.5343147915131214,
        "kurtosis": 4.942092181196434
      },
      "KS_stat": 0.07339449541284404,
      "KS_p": 0.9325712647984811,
      "Wasserstein": 0.018685419345876496,
      "JSD": 0.037329300955544466,
      "overlap_area": 0.9410689297822836
    },
    "IB": {
      "real_moments": {
        "mean": 0.7059155963302752,
        "median": 0.63475,
        "std": 0.42144292108674913,
        "skew": 4.011764769362035,
        "kurtosis": 25.03382413044252
      },
      "synth_moments": {
        "mean": 0.7048192892270734,
        "median": 0.634045265143869,
        "std": 0.40635062583007264,
        "skew": 4.040266717553166,
        "kurtosis": 24.874520570221332
      },
      "KS_stat": 0.06422018348623854,
      "KS_p": 0.9791203051957483,
      "Wasserstein": 0.02372143339330843,
      "JSD": 0.038321776396438564,
      "overlap_area": 0.9676480350246323
    }
  },
  "corr_similarity": {
    "corrcoef": 0.8173249889396312,
    "frob": 1.6644576511456508,
    "macd": 0.12908533575676362
  },
  "pca_overlap": {
    "overlap_frac": 0.981651376146789,
    "pca": "PCA(n_components=3)",
    "explained_variance": "[0.72030945 0.11129218 0.09695847]"
  },
  "MMD2": -0.0035395210992046344,
  "SlicedWasserstein": 45.34762506711012,
  "EnergyDistance": 13.914938656468848,
  "gmm_coverage_frac": 0.6666666666666666,
  "knn_coverage": {
    "median_kth": 187.18352983514185,
    "mean_kth": 435.92613502837435,
    "iqr_kth": 165.83500748091754
  }
}