{
  "univariate": {
    "226Ra": {
      "real_moments": {
        "mean": 74.97977183486238,
        "median": 71.4369,
        "std": 44.05617270021668,
        "skew": 1.5838924892056216,
        "kurtosis": 4.364795720944686
      },
      "synth_moments": {
        "mean": 74.97846349579258,
        "median": 73.45659813640007,
        "std": 38.21224077317045,
        "skew": 0.8106895190343509,
        "kurtosis": 0.9388984087237198
      },
      "KS_stat": 0.06422018348623854,
      "KS_p": 0.9791203051957483,
      "Wasserstein": 4.635557577116788,
      "JSD": 0.05651449929061013,
      "overlap_area": 0.9381450619584459
    },
    "232Th": {
      "real_moments": {
        "mean": 68.3011589908257,
        "median": 54.70395,
        "std": 74.86799752698546,
        "skew": 5.899812333485469,
        "kurtosis": 45.73871141090729
      },
      "synth_moments": {
        "mean": 64.60096731598819,
        "median": 60.79842846112497,
        "std": 37.25511637881864,
        "skew": 1.2315670466903792,
        "kurtosis": 2.0463819077032435
      },
      "KS_stat": 0.14678899082568808,
      "KS_p": 0.1912990232276764,
      "Wasserstein": 11.17757898368456,
      "JSD": 0.0782111508056226,
      "overlap_area": 0.9194015721508139
    },
    "40K": {
      "real_moments": {
        "mean": 625.4423234862386,
        "median": 666.06,
        "std": 325.77620030216633,
        "skew": -0.18433595382893606,
        "kurtosis": -1.210803726194395
      },
      "synth_moments": {
        "mean": 631.979231676821,
        "median": 665.2230377792606,
        "std": 313.06550956099846,
        "skew": -0.2620357802771436,
        "kurtosis": -1.2062776060608216
      },
      "KS_stat": 0.06422018348623854,
      "KS_p": 0.9791203051957483,
      "Wasserstein": 22.240685619844744,
      "JSD": 0.025396471137820443,
      "overlap_area": 0.9710197958969059
    },
    "Raeq": {
      "real_moments": {
        "mean": 220.80948743119262,
        "median": 193.66001,
        "std": 141.24695669027093,
        "skew": 4.496849695288913,
        "kurtosis": 29.952848462778505
      },
      "synth_moments": {
        "mean": 218.62233774135933,
        "median": 206.8563373659575,
        "std": 81.6957851815537,
        "skew": 0.6557961593402747,
        "kurtosis": 1.9902773729881416
      },
      "KS_stat": 0.1651376146788991,
      "KS_p": 0.10235367370749972,
      "Wasserstein": 24.418334269664545,
      "JSD": 0.06034570931944766,
      "overlap_area": 0.8905782974173669
    },
    "Theq": {
      "real_moments": {
        "mean": 155.1863267889908,
        "median": 136.56014,
        "std": 98.90341948182714,
        "skew": 4.479289412980269,
        "kurtosis": 29.79276992766934
      },
      "synth_moments": {
        "mean": 153.25829345018656,
        "median": 147.17433892164146,
        "std": 59.28009854379807,
        "skew": 0.768669697117268,
        "kurtosis": 2.455677098120427
      },
      "KS_stat": 0.13761467889908258,
      "KS_p": 0.25410351783769675,
      "Wasserstein": 16.02815093417435,
      "JSD": 0.0601602978752747,
      "overlap_area": 0.9011424622326035
    },
    "Keq": {
      "real_moments": {
        "mean": 2651.9736386238537,
        "median": 2228.3676,
        "std": 1811.0429350912407,
        "skew": 5.008102937890224,
        "kurtosis": 33.882309184918405
      },
      "synth_moments": {
        "mean": 2565.1056116569143,
        "median": 2377.724249580124,
        "std": 993.961081197708,
        "skew": 1.436455948120803,
        "kurtosis": 4.434276371755704
      },
      "KS_stat": 0.1651376146788991,
      "KS_p": 0.10235367370749972,
      "Wasserstein": 291.10801793085744,
      "JSD": 0.09239215086924962,
      "overlap_area": 0.9060187620135148
    },
    "IG": {
      "real_moments": {
        "mean": 0.7999194495412842,
        "median": 0.72877,
        "std": 0.4950253455180348,
        "skew": 4.324005521258932,
        "kurtosis": 28.49755443867455
      },
      "synth_moments": {
        "mean": 0.797681683604699,
        "median": 0.7826886504792,
        "std": 0.30204148517291834,
        "skew": 0.595429003687242,
        "kurtosis": 1.7236831275881404
      },
      "KS_stat": 0.14678899082568808,
      "KS_p": 0.1912990232276764,
      "Wasserstein": 0.08467828757131181,
      "JSD": 0.05855787476213844,
      "overlap_area": 0.8956578822020435
    },
    "IA": {
      "real_moments": {
        "mean": 0.3748992660550459,
        "median": 0.35718,
        "std": 0.22028081674815472,
        "skew": 1.583885893541485,
        "kurtosis": 4.364752856144418
      },
      "synth_moments": {
        "mean": 0.37404365167229703,
        "median": 0.3709809544,
        "std": 0.19034862741513864,
        "skew": 0.7847525898907923,
        "kurtosis": 0.8574718938645725
      },
      "KS_stat": 0.06422018348623854,
      "KS_p": 0.9791203051957483,
      "Wasserstein": 0.022956135441691523,
      "JSD": 0.05589220723265046,
      "overlap_area": 0.938086133671503
    },
    "IB": {
      "real_moments": {
        "mean": 0.7059155963302752,
        "median": 0.63475,
        "std": 0.42144292108674913,
        "skew": 4.011764769362035,
        "kurtosis": 25.03382413044252
      },
      "synth_moments": {
        "mean": 0.700773930958187,
        "median": 0.6750496235269999,
        "std": 0.26264899332946534,
        "skew": 0.5670924538412134,
        "kurtosis": 1.6113774857054821
      },
      "KS_stat": 0.12844036697247707,
      "KS_p": 0.3308699616789528,
      "Wasserstein": 0.07031006335467692,
      "JSD": 0.07435554717967885,
      "overlap_area": 0.8998300694231054
    }
  },
  "corr_similarity": {
    "corrcoef": 0.9139038330406223,
    "frob": 1.1524311777252412,
    "macd": 0.0908459572254301
  },
  "pca_overlap": {
    "overlap_frac": 0.981651376146789,
    "pca": "PCA(n_components=3)",
    "explained_variance": "[0.77304429 0.13255793 0.09116731]"
  },
  "MMD2": 0.002720204897127765,
  "SlicedWasserstein": 77.25991542407466,
  "EnergyDistance": 22.750512071931098,
  "gmm_coverage_frac": 0.6666666666666666,
  "knn_coverage": {
    "median_kth": 181.426237869655,
    "mean_kth": 391.3061815471626,
    "iqr_kth": 193.55783428940077
  }
}