{
  "univariate": {
    "226Ra": {
      "real_moments": {
        "mean": 74.97977183486238,
        "median": 71.4369,
        "std": 44.05617270021668,
        "skew": 1.5838924892056216,
        "kurtosis": 4.364795720944686
      },
      "synth_moments": {
        "mean": 73.691318801872,
        "median": 76.13107218724228,
        "std": 35.10486414193491,
        "skew": 0.6033663868359258,
        "kurtosis": 0.3668561238405621
      },
      "KS_stat": 0.10091743119266056,
      "KS_p": 0.6379083904221879,
      "Wasserstein": 6.070522352095232,
      "JSD": 0.04035265700452541,
      "overlap_area": 0.929450651691867
    },
    "232Th": {
      "real_moments": {
        "mean": 68.3011589908257,
        "median": 54.70395,
        "std": 74.86799752698546,
        "skew": 5.899812333485469,
        "kurtosis": 45.73871141090729
      },
      "synth_moments": {
        "mean": 62.260449375568435,
        "median": 56.36410951661527,
        "std": 36.92934652872687,
        "skew": 1.319647864294541,
        "kurtosis": 2.375772842558648
      },
      "KS_stat": 0.07339449541284404,
      "KS_p": 0.9325712647984811,
      "Wasserstein": 10.348784074283948,
      "JSD": 0.03764229264458234,
      "overlap_area": 0.9370780302513829
    },
    "40K": {
      "real_moments": {
        "mean": 625.4423234862386,
        "median": 666.06,
        "std": 325.77620030216633,
        "skew": -0.18433595382893606,
        "kurtosis": -1.210803726194395
      },
      "synth_moments": {
        "mean": 630.0899888722995,
        "median": 685.4780202258715,
        "std": 300.067936137793,
        "skew": -0.3540674643999446,
        "kurtosis": -1.0656013628625491
      },
      "KS_stat": 0.07339449541284404,
      "KS_p": 0.9325712647984811,
      "Wasserstein": 31.84997282356082,
      "JSD": 0.03882357988243347,
      "overlap_area": 0.9448962092735201
    },
    "Raeq": {
      "real_moments": {
        "mean": 220.80948743119262,
        "median": 193.66001,
        "std": 141.24695669027093,
        "skew": 4.496849695288913,
        "kurtosis": 29.952848462778505
      },
      "synth_moments": {
        "mean": 214.01965027515934,
        "median": 203.6768703101525,
        "std": 82.47438659529723,
        "skew": 0.650758499661956,
        "kurtosis": 0.3417204798143332
      },
      "KS_stat": 0.07339449541284404,
      "KS_p": 0.9325712647984811,
      "Wasserstein": 20.44948276106376,
      "JSD": 0.038096246233436826,
      "overlap_area": 0.951985837466894
    },
    "Theq": {
      "real_moments": {
        "mean": 155.1863267889908,
        "median": 136.56014,
        "std": 98.90341948182714,
        "skew": 4.479289412980269,
        "kurtosis": 29.79276992766934
      },
      "synth_moments": {
        "mean": 148.94922986217287,
        "median": 144.42890174758645,
        "std": 56.424170805995374,
        "skew": 0.49758068916411835,
        "kurtosis": -0.06920406009543045
      },
      "KS_stat": 0.08256880733944955,
      "KS_p": 0.8537177036275024,
      "Wasserstein": 14.948586814513709,
      "JSD": 0.03012809180725933,
      "overlap_area": 0.9483229264890563
    },
    "Keq": {
      "real_moments": {
        "mean": 2651.9736386238537,
        "median": 2228.3676,
        "std": 1811.0429350912407,
        "skew": 5.008102937890224,
        "kurtosis": 33.882309184918405
      },
      "synth_moments": {
        "mean": 2553.817329964738,
        "median": 2366.549212407586,
        "std": 938.2013994540952,
        "skew": 1.0532447190007832,
        "kurtosis": 1.1145227183392725
      },
      "KS_stat": 0.10091743119266056,
      "KS_p": 0.6379083904221879,
      "Wasserstein": 285.5773413545838,
      "JSD": 0.06461485823603806,
      "overlap_area": 0.9330033215343063
    },
    "IG": {
      "real_moments": {
        "mean": 0.7999194495412842,
        "median": 0.72877,
        "std": 0.4950253455180348,
        "skew": 4.324005521258932,
        "kurtosis": 28.49755443867455
      },
      "synth_moments": {
        "mean": 0.7692671142697303,
        "median": 0.729797412556,
        "std": 0.28976391976160093,
        "skew": 0.5552469636365378,
        "kurtosis": 0.11270089644135073
      },
      "KS_stat": 0.09174311926605505,
      "KS_p": 0.7511370048916558,
      "Wasserstein": 0.07050118223371184,
      "JSD": 0.024092582495150554,
      "overlap_area": 0.9528024370682989
    },
    "IA": {
      "real_moments": {
        "mean": 0.3748992660550459,
        "median": 0.35718,
        "std": 0.22028081674815472,
        "skew": 1.583885893541485,
        "kurtosis": 4.364752856144418
      },
      "synth_moments": {
        "mean": 0.36915828902543046,
        "median": 0.3744035940696,
        "std": 0.17903066344906754,
        "skew": 0.6491039021361805,
        "kurtosis": 0.597326518198908
      },
      "KS_stat": 0.09174311926605505,
      "KS_p": 0.7511370048916558,
      "Wasserstein": 0.028449835409374676,
      "JSD": 0.03663503323453246,
      "overlap_area": 0.9314788192285235
    },
    "IB": {
      "real_moments": {
        "mean": 0.7059155963302752,
        "median": 0.63475,
        "std": 0.42144292108674913,
        "skew": 4.011764769362035,
        "kurtosis": 25.03382413044252
      },
      "synth_moments": {
        "mean": 0.6848729011298119,
        "median": 0.657469112628,
        "std": 0.2578159076173103,
        "skew": 0.6499026302356685,
        "kurtosis": 0.33547755176846117
      },
      "KS_stat": 0.09174311926605505,
      "KS_p": 0.7511370048916558,
      "Wasserstein": 0.05901840347414028,
      "JSD": 0.03910761726976447,
      "overlap_area": 0.9581996667782912
    }
  },
  "corr_similarity": {
    "corrcoef": 0.6908728249729355,
    "frob": 2.084586176742514,
    "macd": 0.17194800144072456
  },
  "pca_overlap": {
    "overlap_frac": 1.0,
    "pca": "PCA(n_components=3)",
    "explained_variance": "[0.72257716 0.1125183  0.10479061]"
  },
  "MMD2": -0.002006191541970459,
  "SlicedWasserstein": 79.1393031597712,
  "EnergyDistance": 17.66982256966162,
  "gmm_coverage_frac": 0.6666666666666666,
  "knn_coverage": {
    "median_kth": 201.18889663735644,
    "mean_kth": 399.4965739254429,
    "iqr_kth": 149.6085286293028
  }
}