{
  "univariate": {
    "226Ra": {
      "real_moments": {
        "mean": 74.97977183486238,
        "median": 71.4369,
        "std": 44.05617270021668,
        "skew": 1.5838924892056216,
        "kurtosis": 4.364795720944686
      },
      "synth_moments": {
        "mean": 76.67403783892951,
        "median": 77.27315713461002,
        "std": 44.860489254162424,
        "skew": 1.5001372435120317,
        "kurtosis": 3.9341488394931927
      },
      "KS_stat": 0.08256880733944955,
      "KS_p": 0.8537177036275024,
      "Wasserstein": 3.473645208000343,
      "JSD": 0.03197820736440543,
      "overlap_area": 0.9533584860996794
    },
    "232Th": {
      "real_moments": {
        "mean": 68.3011589908257,
        "median": 54.70395,
        "std": 74.86799752698546,
        "skew": 5.899812333485469,
        "kurtosis": 45.73871141090729
      },
      "synth_moments": {
        "mean": 67.25475267462369,
        "median": 54.35348944396631,
        "std": 65.07652723641742,
        "skew": 4.707177942681877,
        "kurtosis": 31.286415061725904
      },
      "KS_stat": 0.045871559633027525,
      "KS_p": 0.9998685304465402,
      "Wasserstein": 4.432117540275595,
      "JSD": 0.06772625486830812,
      "overlap_area": 0.9676973225829237
    },
    "40K": {
      "real_moments": {
        "mean": 625.4423234862386,
        "median": 666.06,
        "std": 325.77620030216633,
        "skew": -0.18433595382893606,
        "kurtosis": -1.210803726194395
      },
      "synth_moments": {
        "mean": 604.2168789802553,
        "median": 658.9944053235613,
        "std": 337.6894291542377,
        "skew": -0.14848694489050218,
        "kurtosis": -1.4102798919452333
      },
      "KS_stat": 0.08256880733944955,
      "KS_p": 0.8537177036275024,
      "Wasserstein": 29.872510439192656,
      "JSD": 0.01297068463376884,
      "overlap_area": 0.9513853963523892
    },
    "Raeq": {
      "real_moments": {
        "mean": 220.80948743119262,
        "median": 193.66001,
        "std": 141.24695669027093,
        "skew": 4.496849695288913,
        "kurtosis": 29.952848462778505
      },
      "synth_moments": {
        "mean": 220.65159922575182,
        "median": 183.80419486739,
        "std": 133.31028391806123,
        "skew": 3.3891190943447222,
        "kurtosis": 17.67605773585589
      },
      "KS_stat": 0.06422018348623854,
      "KS_p": 0.9791203051957483,
      "Wasserstein": 9.687686328461663,
      "JSD": 0.04420378833346551,
      "overlap_area": 0.9689739938802521
    },
    "Theq": {
      "real_moments": {
        "mean": 155.1863267889908,
        "median": 136.56014,
        "std": 98.90341948182714,
        "skew": 4.479289412980269,
        "kurtosis": 29.79276992766934
      },
      "synth_moments": {
        "mean": 154.2546023481632,
        "median": 128.69812333858275,
        "std": 92.74866816850307,
        "skew": 3.4173983529709915,
        "kurtosis": 17.975099785027773
      },
      "KS_stat": 0.07339449541284404,
      "KS_p": 0.9325712647984811,
      "Wasserstein": 6.984326904283313,
      "JSD": 0.04987775425907791,
      "overlap_area": 0.9659078073189269
    },
    "Keq": {
      "real_moments": {
        "mean": 2651.9736386238537,
        "median": 2228.3676,
        "std": 1811.0429350912407,
        "skew": 5.008102937890224,
        "kurtosis": 33.882309184918405
      },
      "synth_moments": {
        "mean": 2645.8710424565443,
        "median": 2330.6321467550506,
        "std": 1662.668225877322,
        "skew": 4.082834327280277,
        "kurtosis": 22.38180216502518
      },
      "KS_stat": 0.07339449541284404,
      "KS_p": 0.9325712647984811,
      "Wasserstein": 130.46173956490063,
      "JSD": 0.09444620954122976,
      "overlap_area": 0.9562176038261261
    },
    "IG": {
      "real_moments": {
        "mean": 0.7999194495412842,
        "median": 0.72877,
        "std": 0.4950253455180348,
        "skew": 4.324005521258932,
        "kurtosis": 28.49755443867455
      },
      "synth_moments": {
        "mean": 0.8025355537791282,
        "median": 0.6901457936387999,
        "std": 0.4868953789496072,
        "skew": 3.4848735650304516,
        "kurtosis": 18.695949754565486
      },
      "KS_stat": 0.05504587155963303,
      "KS_p": 0.9967758992890015,
      "Wasserstein": 0.033514966686144745,
      "JSD": 0.0393888098449279,
      "overlap_area": 0.9711190593959987
    },
    "IA": {
      "real_moments": {
        "mean": 0.3748992660550459,
        "median": 0.35718,
        "std": 0.22028081674815472,
        "skew": 1.583885893541485,
        "kurtosis": 4.364752856144418
      },
      "synth_moments": {
        "mean": 0.3859887485447442,
        "median": 0.3852344549328,
        "std": 0.2259932859710838,
        "skew": 1.5803951869145818,
        "kurtosis": 4.246609897492456
      },
      "KS_stat": 0.08256880733944955,
      "KS_p": 0.8537177036275024,
      "Wasserstein": 0.017624138575901654,
      "JSD": 0.04389858616466623,
      "overlap_area": 0.9541346035524578
    },
    "IB": {
      "real_moments": {
        "mean": 0.7059155963302752,
        "median": 0.63475,
        "std": 0.42144292108674913,
        "skew": 4.011764769362035,
        "kurtosis": 25.03382413044252
      },
      "synth_moments": {
        "mean": 0.7124314318445812,
        "median": 0.6079407750979999,
        "std": 0.42245688533774145,
        "skew": 3.285620810647293,
        "kurtosis": 16.538216623525393
      },
      "KS_stat": 0.05504587155963303,
      "KS_p": 0.9967758992890015,
      "Wasserstein": 0.029317156018878427,
      "JSD": 0.04491228206304763,
      "overlap_area": 0.9710811398109523
    }
  },
  "corr_similarity": {
    "corrcoef": 0.8617102292057243,
    "frob": 1.4567956495003656,
    "macd": 0.10740876797963551
  },
  "pca_overlap": {
    "overlap_frac": 0.963302752293578,
    "pca": "PCA(n_components=3)",
    "explained_variance": "[0.74814685 0.1128671  0.08694959]"
  },
  "MMD2": -0.006435625837487136,
  "SlicedWasserstein": 38.124372983803,
  "EnergyDistance": 6.291777733158369,
  "gmm_coverage_frac": 0.6666666666666666,
  "knn_coverage": {
    "median_kth": 175.2698697091174,
    "mean_kth": 395.44137080892204,
    "iqr_kth": 200.5017972847723
  }
}