{
  "univariate": {
    "226Ra": {
      "real_moments": {
        "mean": 74.97977183486238,
        "median": 71.4369,
        "std": 44.05617270021668,
        "skew": 1.5838924892056216,
        "kurtosis": 4.364795720944686
      },
      "synth_moments": {
        "mean": 77.65753106478003,
        "median": 71.89732528213898,
        "std": 45.56417185141202,
        "skew": 1.114497965656437,
        "kurtosis": 1.3097797536084421
      },
      "KS_stat": 0.07339449541284404,
      "KS_p": 0.9325712647984811,
      "Wasserstein": 5.495705909748573,
      "JSD": 0.048054026661208574,
      "overlap_area": 0.9436049222707176
    },
    "232Th": {
      "real_moments": {
        "mean": 68.3011589908257,
        "median": 54.70395,
        "std": 74.86799752698546,
        "skew": 5.899812333485469,
        "kurtosis": 45.73871141090729
      },
      "synth_moments": {
        "mean": 66.5330958726976,
        "median": 60.09435395430746,
        "std": 42.148450574500124,
        "skew": 1.4264513125504992,
        "kurtosis": 2.1829174925684525
      },
      "KS_stat": 0.13761467889908258,
      "KS_p": 0.25410351783769675,
      "Wasserstein": 10.163487394952787,
      "JSD": 0.057787855462568885,
      "overlap_area": 0.9232967604776892
    },
    "40K": {
      "real_moments": {
        "mean": 625.4423234862386,
        "median": 666.06,
        "std": 325.77620030216633,
        "skew": -0.18433595382893606,
        "kurtosis": -1.210803726194395
      },
      "synth_moments": {
        "mean": 628.2035746262125,
        "median": 646.114460867084,
        "std": 310.87761307506486,
        "skew": -0.23700097727543876,
        "kurtosis": -1.1328742883031215
      },
      "KS_stat": 0.05504587155963303,
      "KS_p": 0.9967758992890015,
      "Wasserstein": 20.756554531014018,
      "JSD": 0.012181543686424955,
      "overlap_area": 0.9700549092632811
    },
    "Raeq": {
      "real_moments": {
        "mean": 220.80948743119262,
        "median": 193.66001,
        "std": 141.24695669027093,
        "skew": 4.496849695288913,
        "kurtosis": 29.952848462778505
      },
      "synth_moments": {
        "mean": 220.17636202315634,
        "median": 204.64622857449504,
        "std": 97.61022013829029,
        "skew": 0.9841856016244181,
        "kurtosis": 1.5812803535220974
      },
      "KS_stat": 0.11009174311926606,
      "KS_p": 0.525558691909033,
      "Wasserstein": 19.24165952591589,
      "JSD": 0.07310150306850596,
      "overlap_area": 0.9301009804365732
    },
    "Theq": {
      "real_moments": {
        "mean": 155.1863267889908,
        "median": 136.56014,
        "std": 98.90341948182714,
        "skew": 4.479289412980269,
        "kurtosis": 29.79276992766934
      },
      "synth_moments": {
        "mean": 155.2285607458311,
        "median": 146.1112445998728,
        "std": 69.54578231333831,
        "skew": 1.0137583939226709,
        "kurtosis": 1.7646141778180322
      },
      "KS_stat": 0.09174311926605505,
      "KS_p": 0.7511370048916558,
      "Wasserstein": 13.515396619029206,
      "JSD": 0.05102948818068896,
      "overlap_area": 0.9325851537441311
    },
    "Keq": {
      "real_moments": {
        "mean": 2651.9736386238537,
        "median": 2228.3676,
        "std": 1811.0429350912407,
        "skew": 5.008102937890224,
        "kurtosis": 33.882309184918405
      },
      "synth_moments": {
        "mean": 2650.3159821382746,
        "median": 2464.809013031891,
        "std": 1247.059815596351,
        "skew": 1.7955191500832068,
        "kurtosis": 4.422671172401351
      },
      "KS_stat": 0.12844036697247707,
      "KS_p": 0.3308699616789528,
      "Wasserstein": 252.44365300984254,
      "JSD": 0.116666455730627,
      "overlap_area": 0.915669996967845
    },
    "IG": {
      "real_moments": {
        "mean": 0.7999194495412842,
        "median": 0.72877,
        "std": 0.4950253455180348,
        "skew": 4.324005521258932,
        "kurtosis": 28.49755443867455
      },
      "synth_moments": {
        "mean": 0.7996259494236807,
        "median": 0.7660415579059999,
        "std": 0.3532445747154993,
        "skew": 0.9231375466424641,
        "kurtosis": 1.5370938570325743
      },
      "KS_stat": 0.10091743119266056,
      "KS_p": 0.6379083904221879,
      "Wasserstein": 0.06863676757151178,
      "JSD": 0.07232560921395155,
      "overlap_area": 0.9296349260292383
    },
    "IA": {
      "real_moments": {
        "mean": 0.3748992660550459,
        "median": 0.35718,
        "std": 0.22028081674815472,
        "skew": 1.583885893541485,
        "kurtosis": 4.364752856144418
      },
      "synth_moments": {
        "mean": 0.3871824108335374,
        "median": 0.3592252069248,
        "std": 0.22637342988946427,
        "skew": 1.086230784376399,
        "kurtosis": 1.2176236922640093
      },
      "KS_stat": 0.07339449541284404,
      "KS_p": 0.9325712647984811,
      "Wasserstein": 0.02698968554151532,
      "JSD": 0.046128874976841136,
      "overlap_area": 0.9436740779439623
    },
    "IB": {
      "real_moments": {
        "mean": 0.7059155963302752,
        "median": 0.63475,
        "std": 0.42144292108674913,
        "skew": 4.011764769362035,
        "kurtosis": 25.03382413044252
      },
      "synth_moments": {
        "mean": 0.7148102885797439,
        "median": 0.6684886902642,
        "std": 0.31660612945608607,
        "skew": 1.0195292120306318,
        "kurtosis": 1.7841120285794032
      },
      "KS_stat": 0.10091743119266056,
      "KS_p": 0.6379083904221879,
      "Wasserstein": 0.062226532373863094,
      "JSD": 0.07633785615950121,
      "overlap_area": 0.9263672902792907
    }
  },
  "corr_similarity": {
    "corrcoef": 0.9898257412715491,
    "frob": 0.6526012670544755,
    "macd": 0.052604554065621006
  },
  "pca_overlap": {
    "overlap_frac": 0.9541284403669725,
    "pca": "PCA(n_components=3)",
    "explained_variance": "[0.7884783  0.12745392 0.0808143 ]"
  },
  "MMD2": -0.00033191794375397876,
  "SlicedWasserstein": 67.26916477662114,
  "EnergyDistance": 17.845893931792943,
  "gmm_coverage_frac": 0.6666666666666666,
  "knn_coverage": {
    "median_kth": 183.90309828991607,
    "mean_kth": 383.9874178723181,
    "iqr_kth": 160.87543010702754
  }
}