{
  "univariate": {
    "226Ra": {
      "real_moments": {
        "mean": 74.97977183486238,
        "median": 71.4369,
        "std": 44.05617270021668,
        "skew": 1.5838924892056216,
        "kurtosis": 4.364795720944686
      },
      "synth_moments": {
        "mean": 75.38458634634537,
        "median": 77.5001164596616,
        "std": 44.69282377842169,
        "skew": 1.4092043308253779,
        "kurtosis": 3.3971664270402675
      },
      "KS_stat": 0.06422018348623854,
      "KS_p": 0.9791203051957483,
      "Wasserstein": 3.059539856782271,
      "JSD": 0.038308172268422605,
      "overlap_area": 0.9693733171792122
    },
    "232Th": {
      "real_moments": {
        "mean": 68.3011589908257,
        "median": 54.70395,
        "std": 74.86799752698546,
        "skew": 5.899812333485469,
        "kurtosis": 45.73871141090729
      },
      "synth_moments": {
        "mean": 63.34651579427415,
        "median": 50.91530327935956,
        "std": 53.30711829657711,
        "skew": 3.421486594768494,
        "kurtosis": 15.97336882497289
      },
      "KS_stat": 0.07339449541284404,
      "KS_p": 0.9325712647984811,
      "Wasserstein": 7.063243592860898,
      "JSD": 0.07603864616008096,
      "overlap_area": 0.954264396070424
    },
    "40K": {
      "real_moments": {
        "mean": 625.4423234862386,
        "median": 666.06,
        "std": 325.77620030216633,
        "skew": -0.18433595382893606,
        "kurtosis": -1.210803726194395
      },
      "synth_moments": {
        "mean": 610.4701837916525,
        "median": 624.6679910570141,
        "std": 312.6276857895161,
        "skew": -0.11425803009789139,
        "kurtosis": -1.1961168302791745
      },
      "KS_stat": 0.08256880733944955,
      "KS_p": 0.8537177036275024,
      "Wasserstein": 26.74027752392169,
      "JSD": 0.05668900613067687,
      "overlap_area": 0.963521615881846
    },
    "Raeq": {
      "real_moments": {
        "mean": 220.80948743119262,
        "median": 193.66001,
        "std": 141.24695669027093,
        "skew": 4.496849695288913,
        "kurtosis": 29.952848462778505
      },
      "synth_moments": {
        "mean": 214.5574295703024,
        "median": 187.0942390619511,
        "std": 116.76739280987188,
        "skew": 2.6901965455923906,
        "kurtosis": 10.940773382723133
      },
      "KS_stat": 0.07339449541284404,
      "KS_p": 0.9325712647984811,
      "Wasserstein": 10.846973340017993,
      "JSD": 0.037338167684518024,
      "overlap_area": 0.9618977972866298
    },
    "Theq": {
      "real_moments": {
        "mean": 155.1863267889908,
        "median": 136.56014,
        "std": 98.90341948182714,
        "skew": 4.479289412980269,
        "kurtosis": 29.79276992766934
      },
      "synth_moments": {
        "mean": 152.38085578706557,
        "median": 130.60182314431304,
        "std": 82.11408219748664,
        "skew": 2.6184170734876706,
        "kurtosis": 10.37407781260274
      },
      "KS_stat": 0.05504587155963303,
      "KS_p": 0.9967758992890015,
      "Wasserstein": 7.526114165650789,
      "JSD": 0.04319157429910615,
      "overlap_area": 0.9663679829504322
    },
    "Keq": {
      "real_moments": {
        "mean": 2651.9736386238537,
        "median": 2228.3676,
        "std": 1811.0429350912407,
        "skew": 5.008102937890224,
        "kurtosis": 33.882309184918405
      },
      "synth_moments": {
        "mean": 2522.2580839364196,
        "median": 2159.582209406852,
        "std": 1419.4577023412153,
        "skew": 3.4333444180799657,
        "kurtosis": 15.674684029256426
      },
      "KS_stat": 0.09174311926605505,
      "KS_p": 0.7511370048916558,
      "Wasserstein": 170.19727170314658,
      "JSD": 0.04858365442538777,
      "overlap_area": 0.9572420614635472
    },
    "IG": {
      "real_moments": {
        "mean": 0.7999194495412842,
        "median": 0.72877,
        "std": 0.4950253455180348,
        "skew": 4.324005521258932,
        "kurtosis": 28.49755443867455
      },
      "synth_moments": {
        "mean": 0.7929084547272471,
        "median": 0.693259821898512,
        "std": 0.4392605830798596,
        "skew": 2.8647191143680497,
        "kurtosis": 12.210464432839903
      },
      "KS_stat": 0.07339449541284404,
      "KS_p": 0.9325712647984811,
      "Wasserstein": 0.04235036859427647,
      "JSD": 0.046368497715978244,
      "overlap_area": 0.9547759306925298
    },
    "IA": {
      "real_moments": {
        "mean": 0.3748992660550459,
        "median": 0.35718,
        "std": 0.22028081674815472,
        "skew": 1.583885893541485,
        "kurtosis": 4.364752856144418
      },
      "synth_moments": {
        "mean": 0.3825714605826864,
        "median": 0.3868200201834296,
        "std": 0.22601415859851728,
        "skew": 1.5823013387328222,
        "kurtosis": 4.081741519190052
      },
      "KS_stat": 0.06422018348623854,
      "KS_p": 0.9791203051957483,
      "Wasserstein": 0.016332692521787148,
      "JSD": 0.04628417925596959,
      "overlap_area": 0.9747370979353037
    },
    "IB": {
      "real_moments": {
        "mean": 0.7059155963302752,
        "median": 0.63475,
        "std": 0.42144292108674913,
        "skew": 4.011764769362035,
        "kurtosis": 25.03382413044252
      },
      "synth_moments": {
        "mean": 0.703956480525172,
        "median": 0.6015201971755211,
        "std": 0.39070717706211866,
        "skew": 2.936275376974165,
        "kurtosis": 12.549066707812079
      },
      "KS_stat": 0.05504587155963303,
      "KS_p": 0.9967758992890015,
      "Wasserstein": 0.0349061065148306,
      "JSD": 0.04879922688293229,
      "overlap_area": 0.9565565059045678
    }
  },
  "corr_similarity": {
    "corrcoef": 0.8598138331183957,
    "frob": 1.4648998161356768,
    "macd": 0.11153418545050682
  },
  "pca_overlap": {
    "overlap_frac": 0.981651376146789,
    "pca": "PCA(n_components=3)",
    "explained_variance": "[0.74599749 0.11367059 0.09096496]"
  },
  "MMD2": -0.005618188119858036,
  "SlicedWasserstein": 48.45124631944953,
  "EnergyDistance": 10.181600035366046,
  "gmm_coverage_frac": 0.6666666666666666,
  "knn_coverage": {
    "median_kth": 183.6542176963793,
    "mean_kth": 400.42671900387774,
    "iqr_kth": 141.87744942068576
  }
}