{
  "univariate": {
    "226Ra": {
      "real_moments": {
        "mean": 74.97977183486238,
        "median": 71.4369,
        "std": 44.05617270021668,
        "skew": 1.5838924892056216,
        "kurtosis": 4.364795720944686
      },
      "synth_moments": {
        "mean": 73.02005011432307,
        "median": 65.80921634824247,
        "std": 39.38762249471663,
        "skew": 1.0473398157730915,
        "kurtosis": 2.0576227549073165
      },
      "KS_stat": 0.09174311926605505,
      "KS_p": 0.7511370048916558,
      "Wasserstein": 5.656399448091851,
      "JSD": 0.06226466848238523,
      "overlap_area": 0.9181751947913226
    },
    "232Th": {
      "real_moments": {
        "mean": 68.3011589908257,
        "median": 54.70395,
        "std": 74.86799752698546,
        "skew": 5.899812333485469,
        "kurtosis": 45.73871141090729
      },
      "synth_moments": {
        "mean": 62.72496966989064,
        "median": 47.13877267972751,
        "std": 49.56646275874401,
        "skew": 3.22337961876756,
        "kurtosis": 14.962981461674243
      },
      "KS_stat": 0.11009174311926606,
      "KS_p": 0.525558691909033,
      "Wasserstein": 9.232080672547712,
      "JSD": 0.07652367772999791,
      "overlap_area": 0.9413447371032279
    },
    "40K": {
      "real_moments": {
        "mean": 625.4423234862386,
        "median": 666.06,
        "std": 325.77620030216633,
        "skew": -0.18433595382893606,
        "kurtosis": -1.210803726194395
      },
      "synth_moments": {
        "mean": 623.5199821963682,
        "median": 627.3306192563946,
        "std": 325.4320053083854,
        "skew": -0.09052344929332039,
        "kurtosis": -1.1356298449606996
      },
      "KS_stat": 0.07339449541284404,
      "KS_p": 0.9325712647984811,
      "Wasserstein": 28.638924176367034,
      "JSD": 0.011583384873294744,
      "overlap_area": 0.942796761916315
    },
    "Raeq": {
      "real_moments": {
        "mean": 220.80948743119262,
        "median": 193.66001,
        "std": 141.24695669027093,
        "skew": 4.496849695288913,
        "kurtosis": 29.952848462778505
      },
      "synth_moments": {
        "mean": 234.47122302314943,
        "median": 201.61991073446544,
        "std": 177.2615940344395,
        "skew": 4.003650176803872,
        "kurtosis": 19.035208734387233
      },
      "KS_stat": 0.06422018348623854,
      "KS_p": 0.9791203051957483,
      "Wasserstein": 16.896241434439673,
      "JSD": 0.03883813550476614,
      "overlap_area": 0.9574696147441986
    },
    "Theq": {
      "real_moments": {
        "mean": 155.1863267889908,
        "median": 136.56014,
        "std": 98.90341948182714,
        "skew": 4.479289412980269,
        "kurtosis": 29.79276992766934
      },
      "synth_moments": {
        "mean": 164.28560244985817,
        "median": 137.8436397812467,
        "std": 119.8975707522635,
        "skew": 4.018305964165527,
        "kurtosis": 20.648165622559763
      },
      "KS_stat": 0.06422018348623854,
      "KS_p": 0.9791203051957483,
      "Wasserstein": 10.26397574200746,
      "JSD": 0.014361544218233581,
      "overlap_area": 0.9622405589897288
    },
    "Keq": {
      "real_moments": {
        "mean": 2651.9736386238537,
        "median": 2228.3676,
        "std": 1811.0429350912407,
        "skew": 5.008102937890224,
        "kurtosis": 33.882309184918405
      },
      "synth_moments": {
        "mean": 2651.956335025856,
        "median": 2328.482248380929,
        "std": 1828.4233196565858,
        "skew": 5.179041232855512,
        "kurtosis": 33.11653264405082
      },
      "KS_stat": 0.07339449541284404,
      "KS_p": 0.9325712647984811,
      "Wasserstein": 141.72835298930383,
      "JSD": 0.04426989728434747,
      "overlap_area": 0.9401801958048424
    },
    "IG": {
      "real_moments": {
        "mean": 0.7999194495412842,
        "median": 0.72877,
        "std": 0.4950253455180348,
        "skew": 4.324005521258932,
        "kurtosis": 28.49755443867455
      },
      "synth_moments": {
        "mean": 0.8141072817210074,
        "median": 0.7472121389062244,
        "std": 0.49775805397567174,
        "skew": 3.614824359937117,
        "kurtosis": 21.681802255975505
      },
      "KS_stat": 0.05504587155963303,
      "KS_p": 0.9967758992890015,
      "Wasserstein": 0.03104642580044895,
      "JSD": 0.029275035958400662,
      "overlap_area": 0.958002712998054
    },
    "IA": {
      "real_moments": {
        "mean": 0.3748992660550459,
        "median": 0.35718,
        "std": 0.22028081674815472,
        "skew": 1.583885893541485,
        "kurtosis": 4.364752856144418
      },
      "synth_moments": {
        "mean": 0.3712299496228947,
        "median": 0.3642679034852633,
        "std": 0.2166846024654231,
        "skew": 1.5224262430534412,
        "kurtosis": 4.799862166894824
      },
      "KS_stat": 0.05504587155963303,
      "KS_p": 0.9967758992890015,
      "Wasserstein": 0.012452802277947934,
      "JSD": 0.022993878587357013,
      "overlap_area": 0.9708992444705016
    },
    "IB": {
      "real_moments": {
        "mean": 0.7059155963302752,
        "median": 0.63475,
        "std": 0.42144292108674913,
        "skew": 4.011764769362035,
        "kurtosis": 25.03382413044252
      },
      "synth_moments": {
        "mean": 0.7439749501886928,
        "median": 0.6298910062827858,
        "std": 0.5038986745600266,
        "skew": 3.754342091570901,
        "kurtosis": 18.9447046434525
      },
      "KS_stat": 0.07339449541284404,
      "KS_p": 0.9325712647984811,
      "Wasserstein": 0.04369542158655119,
      "JSD": 0.02370190418880288,
      "overlap_area": 0.9605246940783164
    }
  },
  "corr_similarity": {
    "corrcoef": 0.8336481428832262,
    "frob": 1.5459020441573532,
    "macd": 0.1351514203041793
  },
  "pca_overlap": {
    "overlap_frac": 0.9724770642201835,
    "pca": "PCA(n_components=3)",
    "explained_variance": "[0.71029081 0.10956605 0.09447881]"
  },
  "MMD2": -0.0027261885988489887,
  "SlicedWasserstein": 46.792264950912696,
  "EnergyDistance": 13.198373974718834,
  "gmm_coverage_frac": 0.6666666666666666,
  "knn_coverage": {
    "median_kth": 193.66395217342014,
    "mean_kth": 450.64467423139337,
    "iqr_kth": 263.0585543552221
  }
}