{
  "univariate": {
    "226Ra": {
      "real_moments": {
        "mean": 74.97977183486238,
        "median": 71.4369,
        "std": 44.05617270021668,
        "skew": 1.5838924892056216,
        "kurtosis": 4.364795720944686
      },
      "synth_moments": {
        "mean": 74.12121699021381,
        "median": 73.02570760889725,
        "std": 35.91839623236975,
        "skew": 0.6452774535073267,
        "kurtosis": 0.4857977693461737
      },
      "KS_stat": 0.09174311926605505,
      "KS_p": 0.7511370048916558,
      "Wasserstein": 4.992574920393864,
      "JSD": 0.031007292781774963,
      "overlap_area": 0.9490990615977914
    },
    "232Th": {
      "real_moments": {
        "mean": 68.3011589908257,
        "median": 54.70395,
        "std": 74.86799752698546,
        "skew": 5.899812333485469,
        "kurtosis": 45.73871141090729
      },
      "synth_moments": {
        "mean": 63.79184207442585,
        "median": 48.84754346769982,
        "std": 47.73416330770483,
        "skew": 1.93792794641299,
        "kurtosis": 4.576647281581995
      },
      "KS_stat": 0.11009174311926606,
      "KS_p": 0.525558691909033,
      "Wasserstein": 8.022745977656426,
      "JSD": 0.03843898570437167,
      "overlap_area": 0.9595036571415638
    },
    "40K": {
      "real_moments": {
        "mean": 625.4423234862386,
        "median": 666.06,
        "std": 325.77620030216633,
        "skew": -0.18433595382893606,
        "kurtosis": -1.210803726194395
      },
      "synth_moments": {
        "mean": 607.7845070946987,
        "median": 666.1452580574137,
        "std": 314.3540499787006,
        "skew": -0.05222565860657297,
        "kurtosis": -1.1510779119848995
      },
      "KS_stat": 0.11009174311926606,
      "KS_p": 0.525558691909033,
      "Wasserstein": 27.722874823343773,
      "JSD": 0.018988199680408456,
      "overlap_area": 0.946807068905033
    },
    "Raeq": {
      "real_moments": {
        "mean": 220.80948743119262,
        "median": 193.66001,
        "std": 141.24695669027093,
        "skew": 4.496849695288913,
        "kurtosis": 29.952848462778505
      },
      "synth_moments": {
        "mean": 209.65997029422485,
        "median": 188.3921788992039,
        "std": 93.24874326661522,
        "skew": 1.0423407330104388,
        "kurtosis": 1.3552233102499374
      },
      "KS_stat": 0.06422018348623854,
      "KS_p": 0.9791203051957483,
      "Wasserstein": 14.844789617347272,
      "JSD": 0.03140556247689939,
      "overlap_area": 0.9682268160546462
    },
    "Theq": {
      "real_moments": {
        "mean": 155.1863267889908,
        "median": 136.56014,
        "std": 98.90341948182714,
        "skew": 4.479289412980269,
        "kurtosis": 29.79276992766934
      },
      "synth_moments": {
        "mean": 144.98133574439456,
        "median": 129.09992071473656,
        "std": 63.461214352552794,
        "skew": 1.0406187559602937,
        "kurtosis": 1.2976261330866965
      },
      "KS_stat": 0.06422018348623854,
      "KS_p": 0.9791203051957483,
      "Wasserstein": 11.486627709796844,
      "JSD": 0.027899958704420195,
      "overlap_area": 0.9597378820241977
    },
    "Keq": {
      "real_moments": {
        "mean": 2651.9736386238537,
        "median": 2228.3676,
        "std": 1811.0429350912407,
        "skew": 5.008102937890224,
        "kurtosis": 33.882309184918405
      },
      "synth_moments": {
        "mean": 2509.03942415033,
        "median": 2190.279331114996,
        "std": 1151.08177992575,
        "skew": 1.6082589487344836,
        "kurtosis": 3.2062627116766773
      },
      "KS_stat": 0.06422018348623854,
      "KS_p": 0.9791203051957483,
      "Wasserstein": 203.0221409560595,
      "JSD": 0.06934028042520456,
      "overlap_area": 0.9457192383258815
    },
    "IG": {
      "real_moments": {
        "mean": 0.7999194495412842,
        "median": 0.72877,
        "std": 0.4950253455180348,
        "skew": 4.324005521258932,
        "kurtosis": 28.49755443867455
      },
      "synth_moments": {
        "mean": 0.7899529602412019,
        "median": 0.7080852577979999,
        "std": 0.3481252312987292,
        "skew": 1.1018770573939198,
        "kurtosis": 1.7942856472121953
      },
      "KS_stat": 0.09174311926605505,
      "KS_p": 0.7511370048916558,
      "Wasserstein": 0.05603440843848981,
      "JSD": 0.04095191555389962,
      "overlap_area": 0.9587942361046567
    },
    "IA": {
      "real_moments": {
        "mean": 0.3748992660550459,
        "median": 0.35718,
        "std": 0.22028081674815472,
        "skew": 1.583885893541485,
        "kurtosis": 4.364752856144418
      },
      "synth_moments": {
        "mean": 0.3745842223549718,
        "median": 0.381767279256,
        "std": 0.18244250212106064,
        "skew": 0.6069559123485718,
        "kurtosis": 0.44952195136607687
      },
      "KS_stat": 0.08256880733944955,
      "KS_p": 0.8537177036275024,
      "Wasserstein": 0.027239020252351545,
      "JSD": 0.03981141416415794,
      "overlap_area": 0.9543999089795876
    },
    "IB": {
      "real_moments": {
        "mean": 0.7059155963302752,
        "median": 0.63475,
        "std": 0.42144292108674913,
        "skew": 4.011764769362035,
        "kurtosis": 25.03382413044252
      },
      "synth_moments": {
        "mean": 0.6926320721814064,
        "median": 0.6323521580632001,
        "std": 0.3048723910028352,
        "skew": 0.9889918351084027,
        "kurtosis": 1.3790825363526364
      },
      "KS_stat": 0.07339449541284404,
      "KS_p": 0.9325712647984811,
      "Wasserstein": 0.04660147804455496,
      "JSD": 0.03014488320741867,
      "overlap_area": 0.9567529869355469
    }
  },
  "corr_similarity": {
    "corrcoef": 0.8126995710738889,
    "frob": 1.6529571471038444,
    "macd": 0.1224487223144532
  },
  "pca_overlap": {
    "overlap_frac": 0.9724770642201835,
    "pca": "PCA(n_components=3)",
    "explained_variance": "[0.72819568 0.11308868 0.10011028]"
  },
  "MMD2": -0.0063827836221102,
  "SlicedWasserstein": 63.10734231685488,
  "EnergyDistance": 13.074434529930159,
  "gmm_coverage_frac": 0.6666666666666666,
  "knn_coverage": {
    "median_kth": 200.30369992186016,
    "mean_kth": 396.08556475158673,
    "iqr_kth": 108.10825160277736
  }
}