{
  "univariate": {
    "226Ra": {
      "real_moments": {
        "mean": 74.97977183486238,
        "median": 71.4369,
        "std": 44.05617270021668,
        "skew": 1.5838924892056216,
        "kurtosis": 4.364795720944686
      },
      "synth_moments": {
        "mean": 74.16968041273327,
        "median": 77.63338680823739,
        "std": 42.532946752666064,
        "skew": 1.7039117063716738,
        "kurtosis": 4.726103445047483
      },
      "KS_stat": 0.10091743119266056,
      "KS_p": 0.6379083904221879,
      "Wasserstein": 3.88444415800538,
      "JSD": 0.03942351479857717,
      "overlap_area": 0.9551687172823076
    },
    "232Th": {
      "real_moments": {
        "mean": 68.3011589908257,
        "median": 54.70395,
        "std": 74.86799752698546,
        "skew": 5.899812333485469,
        "kurtosis": 45.73871141090729
      },
      "synth_moments": {
        "mean": 66.44895163007273,
        "median": 50.374882639401925,
        "std": 56.808743110630886,
        "skew": 3.414323303615767,
        "kurtosis": 17.314276872330908
      },
      "KS_stat": 0.09174311926605505,
      "KS_p": 0.7511370048916558,
      "Wasserstein": 5.888038391284356,
      "JSD": 0.060929316315657955,
      "overlap_area": 0.9633137198508875
    },
    "40K": {
      "real_moments": {
        "mean": 625.4423234862386,
        "median": 666.06,
        "std": 325.77620030216633,
        "skew": -0.18433595382893606,
        "kurtosis": -1.210803726194395
      },
      "synth_moments": {
        "mean": 638.7231434084044,
        "median": 676.4008043346029,
        "std": 313.4140012389824,
        "skew": -0.31931182138058706,
        "kurtosis": -1.0700614207827752
      },
      "KS_stat": 0.10091743119266056,
      "KS_p": 0.6379083904221879,
      "Wasserstein": 29.14849746232334,
      "JSD": 0.03108051444544229,
      "overlap_area": 0.9496408630261308
    },
    "Raeq": {
      "real_moments": {
        "mean": 220.80948743119262,
        "median": 193.66001,
        "std": 141.24695669027093,
        "skew": 4.496849695288913,
        "kurtosis": 29.952848462778505
      },
      "synth_moments": {
        "mean": 219.82261270428566,
        "median": 196.0226502020863,
        "std": 119.83822825713429,
        "skew": 3.1691596185153155,
        "kurtosis": 15.758137298603835
      },
      "KS_stat": 0.08256880733944955,
      "KS_p": 0.8537177036275024,
      "Wasserstein": 9.568633540135211,
      "JSD": 0.021510995486138988,
      "overlap_area": 0.9615624844773645
    },
    "Theq": {
      "real_moments": {
        "mean": 155.1863267889908,
        "median": 136.56014,
        "std": 98.90341948182714,
        "skew": 4.479289412980269,
        "kurtosis": 29.79276992766934
      },
      "synth_moments": {
        "mean": 155.872831600266,
        "median": 137.06830604013155,
        "std": 83.57330808899012,
        "skew": 2.9867250114592054,
        "kurtosis": 14.238567980010579
      },
      "KS_stat": 0.08256880733944955,
      "KS_p": 0.8537177036275024,
      "Wasserstein": 6.944549837725887,
      "JSD": 0.028597120237194525,
      "overlap_area": 0.962410771716379
    },
    "Keq": {
      "real_moments": {
        "mean": 2651.9736386238537,
        "median": 2228.3676,
        "std": 1811.0429350912407,
        "skew": 5.008102937890224,
        "kurtosis": 33.882309184918405
      },
      "synth_moments": {
        "mean": 2667.738986904091,
        "median": 2219.513226529151,
        "std": 1509.89044907348,
        "skew": 3.3454666725037887,
        "kurtosis": 16.429535118325102
      },
      "KS_stat": 0.10091743119266056,
      "KS_p": 0.6379083904221879,
      "Wasserstein": 174.5978364158504,
      "JSD": 0.09510938141824316,
      "overlap_area": 0.9437452029526657
    },
    "IG": {
      "real_moments": {
        "mean": 0.7999194495412842,
        "median": 0.72877,
        "std": 0.4950253455180348,
        "skew": 4.324005521258932,
        "kurtosis": 28.49755443867455
      },
      "synth_moments": {
        "mean": 0.802330926031841,
        "median": 0.7202626588245925,
        "std": 0.4389969954056416,
        "skew": 3.2097383451707127,
        "kurtosis": 16.162623336400927
      },
      "KS_stat": 0.08256880733944955,
      "KS_p": 0.8537177036275024,
      "Wasserstein": 0.0314308604793901,
      "JSD": 0.029877783897886586,
      "overlap_area": 0.968844435166556
    },
    "IA": {
      "real_moments": {
        "mean": 0.3748992660550459,
        "median": 0.35718,
        "std": 0.22028081674815472,
        "skew": 1.583885893541485,
        "kurtosis": 4.364752856144418
      },
      "synth_moments": {
        "mean": 0.37400360141490374,
        "median": 0.3940725779348387,
        "std": 0.22164299624614492,
        "skew": 1.8229287940226493,
        "kurtosis": 4.986416578330323
      },
      "KS_stat": 0.10091743119266056,
      "KS_p": 0.6379083904221879,
      "Wasserstein": 0.02098066158776294,
      "JSD": 0.04069576441070635,
      "overlap_area": 0.9529895212008033
    },
    "IB": {
      "real_moments": {
        "mean": 0.7059155963302752,
        "median": 0.63475,
        "std": 0.42144292108674913,
        "skew": 4.011764769362035,
        "kurtosis": 25.03382413044252
      },
      "synth_moments": {
        "mean": 0.7067591029193634,
        "median": 0.6281692969839879,
        "std": 0.38268163308204717,
        "skew": 3.20216859770431,
        "kurtosis": 16.036395283902817
      },
      "KS_stat": 0.06422018348623854,
      "KS_p": 0.9791203051957483,
      "Wasserstein": 0.025049019497324274,
      "JSD": 0.033749761308015686,
      "overlap_area": 0.9712031484831176
    }
  },
  "corr_similarity": {
    "corrcoef": 0.8476774214206252,
    "frob": 1.5567111378222853,
    "macd": 0.10878771313146846
  },
  "pca_overlap": {
    "overlap_frac": 0.981651376146789,
    "pca": "PCA(n_components=3)",
    "explained_variance": "[0.73855241 0.11578886 0.09021674]"
  },
  "MMD2": -0.004613373062024806,
  "SlicedWasserstein": 49.150684180731005,
  "EnergyDistance": 13.177079370796719,
  "gmm_coverage_frac": 0.6666666666666666,
  "knn_coverage": {
    "median_kth": 193.02129020105826,
    "mean_kth": 394.88494812633803,
    "iqr_kth": 168.3651525831596
  }
}