{
  "univariate": {
    "226Ra": {
      "real_moments": {
        "mean": 74.97977183486238,
        "median": 71.4369,
        "std": 44.05617270021668,
        "skew": 1.5838924892056216,
        "kurtosis": 4.364795720944686
      },
      "synth_moments": {
        "mean": 71.62954470367795,
        "median": 70.96542014575148,
        "std": 35.56577323202009,
        "skew": 1.3093604882481884,
        "kurtosis": 4.23948117934408
      },
      "KS_stat": 0.08256880733944955,
      "KS_p": 0.8537177036275024,
      "Wasserstein": 5.699425282344178,
      "JSD": 0.02875632910949785,
      "overlap_area": 0.9429420142165003
    },
    "232Th": {
      "real_moments": {
        "mean": 68.3011589908257,
        "median": 54.70395,
        "std": 74.86799752698546,
        "skew": 5.899812333485469,
        "kurtosis": 45.73871141090729
      },
      "synth_moments": {
        "mean": 61.407935396819234,
        "median": 47.89548985207499,
        "std": 42.961622391847975,
        "skew": 2.471792546237362,
        "kurtosis": 9.819345486640142
      },
      "KS_stat": 0.14678899082568808,
      "KS_p": 0.1912990232276764,
      "Wasserstein": 10.591273922458722,
      "JSD": 0.1306173648078931,
      "overlap_area": 0.9405788801022006
    },
    "40K": {
      "real_moments": {
        "mean": 625.4423234862386,
        "median": 666.06,
        "std": 325.77620030216633,
        "skew": -0.18433595382893606,
        "kurtosis": -1.210803726194395
      },
      "synth_moments": {
        "mean": 636.7446064517617,
        "median": 674.0690951964872,
        "std": 308.7072021264529,
        "skew": -0.26019767834224106,
        "kurtosis": -1.1346210556649854
      },
      "KS_stat": 0.07339449541284404,
      "KS_p": 0.9325712647984811,
      "Wasserstein": 28.45731546889379,
      "JSD": 0.022717103227297385,
      "overlap_area": 0.9617298461239561
    },
    "Raeq": {
      "real_moments": {
        "mean": 220.80948743119262,
        "median": 193.66001,
        "std": 141.24695669027093,
        "skew": 4.496849695288913,
        "kurtosis": 29.952848462778505
      },
      "synth_moments": {
        "mean": 209.90412871074932,
        "median": 188.14242383446003,
        "std": 93.46277703374989,
        "skew": 2.0771875533316164,
        "kurtosis": 7.8940224321614885
      },
      "KS_stat": 0.12844036697247707,
      "KS_p": 0.3308699616789528,
      "Wasserstein": 20.417187700701437,
      "JSD": 0.06607419166740466,
      "overlap_area": 0.9297369200466212
    },
    "Theq": {
      "real_moments": {
        "mean": 155.1863267889908,
        "median": 136.56014,
        "std": 98.90341948182714,
        "skew": 4.479289412980269,
        "kurtosis": 29.79276992766934
      },
      "synth_moments": {
        "mean": 146.00227450155126,
        "median": 130.22573217128047,
        "std": 65.44840691301535,
        "skew": 2.149135850219571,
        "kurtosis": 8.52142230435784
      },
      "KS_stat": 0.11926605504587157,
      "KS_p": 0.4218388405059881,
      "Wasserstein": 14.511239484596551,
      "JSD": 0.056074229621512775,
      "overlap_area": 0.9299029136959174
    },
    "Keq": {
      "real_moments": {
        "mean": 2651.9736386238537,
        "median": 2228.3676,
        "std": 1811.0429350912407,
        "skew": 5.008102937890224,
        "kurtosis": 33.882309184918405
      },
      "synth_moments": {
        "mean": 2557.188566637956,
        "median": 2253.9570423323544,
        "std": 1202.615281820227,
        "skew": 2.9785961617210526,
        "kurtosis": 13.797716358434524
      },
      "KS_stat": 0.12844036697247707,
      "KS_p": 0.3308699616789528,
      "Wasserstein": 192.74735794202638,
      "JSD": 0.08196926295387179,
      "overlap_area": 0.9540017294644039
    },
    "IG": {
      "real_moments": {
        "mean": 0.7999194495412842,
        "median": 0.72877,
        "std": 0.4950253455180348,
        "skew": 4.324005521258932,
        "kurtosis": 28.49755443867455
      },
      "synth_moments": {
        "mean": 0.761544700665224,
        "median": 0.6831522508725999,
        "std": 0.33788342727053705,
        "skew": 1.9956898902749243,
        "kurtosis": 7.3994904874582
      },
      "KS_stat": 0.11009174311926606,
      "KS_p": 0.525558691909033,
      "Wasserstein": 0.07040320350501825,
      "JSD": 0.07907184488212482,
      "overlap_area": 0.9255891903849882
    },
    "IA": {
      "real_moments": {
        "mean": 0.3748992660550459,
        "median": 0.35718,
        "std": 0.22028081674815472,
        "skew": 1.583885893541485,
        "kurtosis": 4.364752856144418
      },
      "synth_moments": {
        "mean": 0.3582524597673725,
        "median": 0.35276735012,
        "std": 0.17723889726109296,
        "skew": 1.35841199512427,
        "kurtosis": 4.431406574879242
      },
      "KS_stat": 0.09174311926605505,
      "KS_p": 0.7511370048916558,
      "Wasserstein": 0.02903939780266788,
      "JSD": 0.02863441290054754,
      "overlap_area": 0.940040922816971
    },
    "IB": {
      "real_moments": {
        "mean": 0.7059155963302752,
        "median": 0.63475,
        "std": 0.42144292108674913,
        "skew": 4.011764769362035,
        "kurtosis": 25.03382413044252
      },
      "synth_moments": {
        "mean": 0.6734677610314742,
        "median": 0.6007376478169998,
        "std": 0.29454583914069865,
        "skew": 1.9661971925289483,
        "kurtosis": 7.206950416760604
      },
      "KS_stat": 0.11926605504587157,
      "KS_p": 0.4218388405059881,
      "Wasserstein": 0.060371541412450366,
      "JSD": 0.07011918229862774,
      "overlap_area": 0.9253414992298347
    }
  },
  "corr_similarity": {
    "corrcoef": 0.9916479762554105,
    "frob": 0.6553008170266666,
    "macd": 0.04280971879808466
  },
  "pca_overlap": {
    "overlap_frac": 0.9908256880733946,
    "pca": "PCA(n_components=3)",
    "explained_variance": "[0.78911729 0.1283293  0.07924912]"
  },
  "MMD2": -0.00566574896779759,
  "SlicedWasserstein": 59.73564311383486,
  "EnergyDistance": 12.50170457795366,
  "gmm_coverage_frac": 0.6666666666666666,
  "knn_coverage": {
    "median_kth": 194.488293054747,
    "mean_kth": 415.47081578549006,
    "iqr_kth": 132.34233832095202
  }
}