{
  "univariate": {
    "226Ra": {
      "real_moments": {
        "mean": 74.97977183486238,
        "median": 71.4369,
        "std": 44.05617270021668,
        "skew": 1.5838924892056216,
        "kurtosis": 4.364795720944686
      },
      "synth_moments": {
        "mean": 73.60519756979092,
        "median": 69.85668803876123,
        "std": 40.593310917941416,
        "skew": 1.1002510043557217,
        "kurtosis": 2.065079169231578
      },
      "KS_stat": 0.09174311926605505,
      "KS_p": 0.7511370048916558,
      "Wasserstein": 4.121557029935261,
      "JSD": 0.047344744843731836,
      "overlap_area": 0.9378397033653519
    },
    "232Th": {
      "real_moments": {
        "mean": 68.3011589908257,
        "median": 54.70395,
        "std": 74.86799752698546,
        "skew": 5.899812333485469,
        "kurtosis": 45.73871141090729
      },
      "synth_moments": {
        "mean": 60.505959124351506,
        "median": 52.79734282622122,
        "std": 41.15177481373022,
        "skew": 1.9426056397692155,
        "kurtosis": 5.26503841852381
      },
      "KS_stat": 0.07339449541284404,
      "KS_p": 0.9325712647984811,
      "Wasserstein": 8.793059828144113,
      "JSD": 0.061081191052078446,
      "overlap_area": 0.9602594601307535
    },
    "40K": {
      "real_moments": {
        "mean": 625.4423234862386,
        "median": 666.06,
        "std": 325.77620030216633,
        "skew": -0.18433595382893606,
        "kurtosis": -1.210803726194395
      },
      "synth_moments": {
        "mean": 635.6847499374896,
        "median": 671.1599151609119,
        "std": 324.28662203457213,
        "skew": -0.15918905593864102,
        "kurtosis": -1.2217932635298252
      },
      "KS_stat": 0.06422018348623854,
      "KS_p": 0.9791203051957483,
      "Wasserstein": 24.886526493761988,
      "JSD": 0.02990000759599813,
      "overlap_area": 0.9650081633939757
    },
    "Raeq": {
      "real_moments": {
        "mean": 220.80948743119262,
        "median": 193.66001,
        "std": 141.24695669027093,
        "skew": 4.496849695288913,
        "kurtosis": 29.952848462778505
      },
      "synth_moments": {
        "mean": 222.19068261529887,
        "median": 190.04475671700675,
        "std": 144.95716803816993,
        "skew": 3.9837873568791142,
        "kurtosis": 22.699843123651185
      },
      "KS_stat": 0.07339449541284404,
      "KS_p": 0.9325712647984811,
      "Wasserstein": 9.691113123167092,
      "JSD": 0.04025193343980409,
      "overlap_area": 0.9688652747090971
    },
    "Theq": {
      "real_moments": {
        "mean": 155.1863267889908,
        "median": 136.56014,
        "std": 98.90341948182714,
        "skew": 4.479289412980269,
        "kurtosis": 29.79276992766934
      },
      "synth_moments": {
        "mean": 154.40123785652702,
        "median": 133.17076684700783,
        "std": 98.05592746149387,
        "skew": 4.096570146977005,
        "kurtosis": 24.606030640548894
      },
      "KS_stat": 0.07339449541284404,
      "KS_p": 0.9325712647984811,
      "Wasserstein": 6.246330202259689,
      "JSD": 0.024347755909069492,
      "overlap_area": 0.9709724653736209
    },
    "Keq": {
      "real_moments": {
        "mean": 2651.9736386238537,
        "median": 2228.3676,
        "std": 1811.0429350912407,
        "skew": 5.008102937890224,
        "kurtosis": 33.882309184918405
      },
      "synth_moments": {
        "mean": 2569.1874587735842,
        "median": 2221.60450169008,
        "std": 1705.2693893302342,
        "skew": 4.999985607294985,
        "kurtosis": 32.72893778096006
      },
      "KS_stat": 0.07339449541284404,
      "KS_p": 0.9325712647984811,
      "Wasserstein": 109.56141392719859,
      "JSD": 0.04795375330423765,
      "overlap_area": 0.9626374920814893
    },
    "IG": {
      "real_moments": {
        "mean": 0.7999194495412842,
        "median": 0.72877,
        "std": 0.4950253455180348,
        "skew": 4.324005521258932,
        "kurtosis": 28.49755443867455
      },
      "synth_moments": {
        "mean": 0.7840181720391443,
        "median": 0.7012225656888277,
        "std": 0.47191139813522137,
        "skew": 4.063844662968284,
        "kurtosis": 25.507459145483732
      },
      "KS_stat": 0.06422018348623854,
      "KS_p": 0.9791203051957483,
      "Wasserstein": 0.028977425841000937,
      "JSD": 0.029703881373324394,
      "overlap_area": 0.9685553931772632
    },
    "IA": {
      "real_moments": {
        "mean": 0.3748992660550459,
        "median": 0.35718,
        "std": 0.22028081674815472,
        "skew": 1.583885893541485,
        "kurtosis": 4.364752856144418
      },
      "synth_moments": {
        "mean": 0.37460161872594305,
        "median": 0.3475778276217307,
        "std": 0.22557662163542444,
        "skew": 1.6942612573726568,
        "kurtosis": 4.703523597609992
      },
      "KS_stat": 0.06422018348623854,
      "KS_p": 0.9791203051957483,
      "Wasserstein": 0.00918076046336183,
      "JSD": 0.012234810531988487,
      "overlap_area": 0.9743354294342252
    },
    "IB": {
      "real_moments": {
        "mean": 0.7059155963302752,
        "median": 0.63475,
        "std": 0.42144292108674913,
        "skew": 4.011764769362035,
        "kurtosis": 25.03382413044252
      },
      "synth_moments": {
        "mean": 0.6969325372825909,
        "median": 0.6307479164484842,
        "std": 0.4132694365921862,
        "skew": 3.7920597433684304,
        "kurtosis": 21.902884377678134
      },
      "KS_stat": 0.05504587155963303,
      "KS_p": 0.9967758992890015,
      "Wasserstein": 0.026077708339734943,
      "JSD": 0.04117572520321204,
      "overlap_area": 0.9665155511993134
    }
  },
  "corr_similarity": {
    "corrcoef": 0.8322027544950832,
    "frob": 1.5624273602452396,
    "macd": 0.11595757880815002
  },
  "pca_overlap": {
    "overlap_frac": 0.9724770642201835,
    "pca": "PCA(n_components=3)",
    "explained_variance": "[0.72743842 0.11210095 0.09465711]"
  },
  "MMD2": -0.006362351792109644,
  "SlicedWasserstein": 33.60646362020065,
  "EnergyDistance": 7.611514376595096,
  "gmm_coverage_frac": 0.6666666666666666,
  "knn_coverage": {
    "median_kth": 178.76901914313368,
    "mean_kth": 391.08601226504186,
    "iqr_kth": 148.09382327036843
  }
}