{
  "univariate": {
    "226Ra": {
      "real_moments": {
        "mean": 74.97977183486238,
        "median": 71.4369,
        "std": 44.05617270021668,
        "skew": 1.5838924892056216,
        "kurtosis": 4.364795720944686
      },
      "synth_moments": {
        "mean": 76.09411783814578,
        "median": 73.48447706605779,
        "std": 46.749098634133375,
        "skew": 1.679874711326345,
        "kurtosis": 4.2515709960646175
      },
      "KS_stat": 0.06422018348623854,
      "KS_p": 0.9791203051957483,
      "Wasserstein": 3.833942987165746,
      "JSD": 0.046116368774148264,
      "overlap_area": 0.9663215513184946
    },
    "232Th": {
      "real_moments": {
        "mean": 68.3011589908257,
        "median": 54.70395,
        "std": 74.86799752698546,
        "skew": 5.899812333485469,
        "kurtosis": 45.73871141090729
      },
      "synth_moments": {
        "mean": 70.79026511478327,
        "median": 49.34096199276748,
        "std": 77.0557630048329,
        "skew": 4.399528311852807,
        "kurtosis": 23.45470324077432
      },
      "KS_stat": 0.10091743119266056,
      "KS_p": 0.6379083904221879,
      "Wasserstein": 7.737082033447019,
      "JSD": 0.05688505300491982,
      "overlap_area": 0.9656999359717705
    },
    "40K": {
      "real_moments": {
        "mean": 625.4423234862386,
        "median": 666.06,
        "std": 325.77620030216633,
        "skew": -0.18433595382893606,
        "kurtosis": -1.210803726194395
      },
      "synth_moments": {
        "mean": 633.5698892833391,
        "median": 670.8247440965856,
        "std": 312.5828270347294,
        "skew": -0.2465041194177996,
        "kurtosis": -1.0810799726366394
      },
      "KS_stat": 0.07339449541284404,
      "KS_p": 0.9325712647984811,
      "Wasserstein": 24.207636645303403,
      "JSD": 0.013508974336960446,
      "overlap_area": 0.956205588687908
    },
    "Raeq": {
      "real_moments": {
        "mean": 220.80948743119262,
        "median": 193.66001,
        "std": 141.24695669027093,
        "skew": 4.496849695288913,
        "kurtosis": 29.952848462778505
      },
      "synth_moments": {
        "mean": 222.92446396464726,
        "median": 185.923419730004,
        "std": 145.08456386759485,
        "skew": 3.6519702305598507,
        "kurtosis": 17.228666814452588
      },
      "KS_stat": 0.08256880733944955,
      "KS_p": 0.8537177036275024,
      "Wasserstein": 13.285683937117184,
      "JSD": 0.051306587691909475,
      "overlap_area": 0.9647990584922327
    },
    "Theq": {
      "real_moments": {
        "mean": 155.1863267889908,
        "median": 136.56014,
        "std": 98.90341948182714,
        "skew": 4.479289412980269,
        "kurtosis": 29.79276992766934
      },
      "synth_moments": {
        "mean": 156.73833033187913,
        "median": 130.80895883103128,
        "std": 101.22802741255187,
        "skew": 3.5868277925100216,
        "kurtosis": 16.841618848926377
      },
      "KS_stat": 0.08256880733944955,
      "KS_p": 0.8537177036275024,
      "Wasserstein": 9.177485961161029,
      "JSD": 0.03001737474130274,
      "overlap_area": 0.966824888182157
    },
    "Keq": {
      "real_moments": {
        "mean": 2651.9736386238537,
        "median": 2228.3676,
        "std": 1811.0429350912407,
        "skew": 5.008102937890224,
        "kurtosis": 33.882309184918405
      },
      "synth_moments": {
        "mean": 2715.073435273348,
        "median": 2178.640935382748,
        "std": 1848.7956892115649,
        "skew": 3.9178771030648045,
        "kurtosis": 18.7237180344884
      },
      "KS_stat": 0.08256880733944955,
      "KS_p": 0.8537177036275024,
      "Wasserstein": 149.120714087545,
      "JSD": 0.06374433255901357,
      "overlap_area": 0.975137922451414
    },
    "IG": {
      "real_moments": {
        "mean": 0.7999194495412842,
        "median": 0.72877,
        "std": 0.4950253455180348,
        "skew": 4.324005521258932,
        "kurtosis": 28.49755443867455
      },
      "synth_moments": {
        "mean": 0.8085915835346863,
        "median": 0.6826510193672,
        "std": 0.5015577944485132,
        "skew": 3.4038877427197267,
        "kurtosis": 15.620619854859097
      },
      "KS_stat": 0.07339449541284404,
      "KS_p": 0.9325712647984811,
      "Wasserstein": 0.04965197124052109,
      "JSD": 0.039688851391759525,
      "overlap_area": 0.9681768414070839
    },
    "IA": {
      "real_moments": {
        "mean": 0.3748992660550459,
        "median": 0.35718,
        "std": 0.22028081674815472,
        "skew": 1.583885893541485,
        "kurtosis": 4.364752856144418
      },
      "synth_moments": {
        "mean": 0.3802261137436519,
        "median": 0.367828265384,
        "std": 0.23413212203957684,
        "skew": 1.6812167511767986,
        "kurtosis": 4.260599990022993
      },
      "KS_stat": 0.06422018348623854,
      "KS_p": 0.9791203051957483,
      "Wasserstein": 0.0188078970993509,
      "JSD": 0.03530150598409852,
      "overlap_area": 0.9673127314988322
    },
    "IB": {
      "real_moments": {
        "mean": 0.7059155963302752,
        "median": 0.63475,
        "std": 0.42144292108674913,
        "skew": 4.011764769362035,
        "kurtosis": 25.03382413044252
      },
      "synth_moments": {
        "mean": 0.7138394511765696,
        "median": 0.6034826499089999,
        "std": 0.43143090159812825,
        "skew": 3.232033536090133,
        "kurtosis": 14.276731372239649
      },
      "KS_stat": 0.07339449541284404,
      "KS_p": 0.9325712647984811,
      "Wasserstein": 0.041209021234239404,
      "JSD": 0.02869730962860776,
      "overlap_area": 0.9643351032459887
    }
  },
  "corr_similarity": {
    "corrcoef": 0.9915277221399311,
    "frob": 0.40673659463141254,
    "macd": 0.02998299159116159
  },
  "pca_overlap": {
    "overlap_frac": 0.9541284403669725,
    "pca": "PCA(n_components=3)",
    "explained_variance": "[0.79753745 0.12644738 0.07369553]"
  },
  "MMD2": -0.007844162692034917,
  "SlicedWasserstein": 45.78962699530542,
  "EnergyDistance": 6.620235048812674,
  "gmm_coverage_frac": 0.6666666666666666,
  "knn_coverage": {
    "median_kth": 179.97348868554522,
    "mean_kth": 389.27648430902576,
    "iqr_kth": 205.84617330826796
  }
}