{
  "univariate": {
    "226Ra": {
      "real_moments": {
        "mean": 74.97977183486238,
        "median": 71.4369,
        "std": 44.05617270021668,
        "skew": 1.5838924892056216,
        "kurtosis": 4.364795720944686
      },
      "synth_moments": {
        "mean": 73.8404223989602,
        "median": 74.18297266782552,
        "std": 43.05284451329749,
        "skew": 1.4980855450409725,
        "kurtosis": 3.560534025088752
      },
      "KS_stat": 0.07339449541284404,
      "KS_p": 0.9325712647984811,
      "Wasserstein": 3.1275130506285205,
      "JSD": 0.033049530127179254,
      "overlap_area": 0.9631012627645829
    },
    "232Th": {
      "real_moments": {
        "mean": 68.3011589908257,
        "median": 54.70395,
        "std": 74.86799752698546,
        "skew": 5.899812333485469,
        "kurtosis": 45.73871141090729
      },
      "synth_moments": {
        "mean": 67.0461796349353,
        "median": 51.46558655564529,
        "std": 54.82491660247784,
        "skew": 2.9397372236316,
        "kurtosis": 13.302537289300567
      },
      "KS_stat": 0.08256880733944955,
      "KS_p": 0.8537177036275024,
      "Wasserstein": 6.460919155886119,
      "JSD": 0.06427757390517744,
      "overlap_area": 0.9685855745638772
    },
    "40K": {
      "real_moments": {
        "mean": 625.4423234862386,
        "median": 666.06,
        "std": 325.77620030216633,
        "skew": -0.18433595382893606,
        "kurtosis": -1.210803726194395
      },
      "synth_moments": {
        "mean": 653.4910631654571,
        "median": 687.0501432817393,
        "std": 298.38892675998574,
        "skew": -0.4697667790857731,
        "kurtosis": -0.9903282784953
      },
      "KS_stat": 0.10091743119266056,
      "KS_p": 0.6379083904221879,
      "Wasserstein": 44.82995828472163,
      "JSD": 0.03794135083298533,
      "overlap_area": 0.9252769031914917
    },
    "Raeq": {
      "real_moments": {
        "mean": 220.80948743119262,
        "median": 193.66001,
        "std": 141.24695669027093,
        "skew": 4.496849695288913,
        "kurtosis": 29.952848462778505
      },
      "synth_moments": {
        "mean": 220.63140754233768,
        "median": 203.8519274045132,
        "std": 115.49403011333115,
        "skew": 2.282743140203486,
        "kurtosis": 8.683044178428856
      },
      "KS_stat": 0.06422018348623854,
      "KS_p": 0.9791203051957483,
      "Wasserstein": 13.594587650548814,
      "JSD": 0.04765829802158851,
      "overlap_area": 0.9538402050902738
    },
    "Theq": {
      "real_moments": {
        "mean": 155.1863267889908,
        "median": 136.56014,
        "std": 98.90341948182714,
        "skew": 4.479289412980269,
        "kurtosis": 29.79276992766934
      },
      "synth_moments": {
        "mean": 155.4945394700366,
        "median": 141.6676152745759,
        "std": 81.49455894029434,
        "skew": 2.2643947615428845,
        "kurtosis": 8.538649484132153
      },
      "KS_stat": 0.05504587155963303,
      "KS_p": 0.9967758992890015,
      "Wasserstein": 9.473427619381928,
      "JSD": 0.04630087548337945,
      "overlap_area": 0.9543389438113171
    },
    "Keq": {
      "real_moments": {
        "mean": 2651.9736386238537,
        "median": 2228.3676,
        "std": 1811.0429350912407,
        "skew": 5.008102937890224,
        "kurtosis": 33.882309184918405
      },
      "synth_moments": {
        "mean": 2618.9470703040565,
        "median": 2198.9074436243286,
        "std": 1467.111118433282,
        "skew": 2.6518133940734616,
        "kurtosis": 9.420780629502744
      },
      "KS_stat": 0.09174311926605505,
      "KS_p": 0.7511370048916558,
      "Wasserstein": 177.3869345242589,
      "JSD": 0.10635406332845206,
      "overlap_area": 0.9676652174815389
    },
    "IG": {
      "real_moments": {
        "mean": 0.7999194495412842,
        "median": 0.72877,
        "std": 0.4950253455180348,
        "skew": 4.324005521258932,
        "kurtosis": 28.49755443867455
      },
      "synth_moments": {
        "mean": 0.8117244731252727,
        "median": 0.744415345747,
        "std": 0.42842016621212864,
        "skew": 2.4623746919618075,
        "kurtosis": 9.930079279776976
      },
      "KS_stat": 0.07339449541284404,
      "KS_p": 0.9325712647984811,
      "Wasserstein": 0.05078827290967042,
      "JSD": 0.04009006976034702,
      "overlap_area": 0.9492841336072418
    },
    "IA": {
      "real_moments": {
        "mean": 0.3748992660550459,
        "median": 0.35718,
        "std": 0.22028081674815472,
        "skew": 1.583885893541485,
        "kurtosis": 4.364752856144418
      },
      "synth_moments": {
        "mean": 0.3740229258870679,
        "median": 0.366277424512,
        "std": 0.2204148518198176,
        "skew": 1.58596170021074,
        "kurtosis": 3.903038460716795
      },
      "KS_stat": 0.045871559633027525,
      "KS_p": 0.9998685304465402,
      "Wasserstein": 0.015460900388205532,
      "JSD": 0.04247846726028412,
      "overlap_area": 0.9644831078118725
    },
    "IB": {
      "real_moments": {
        "mean": 0.7059155963302752,
        "median": 0.63475,
        "std": 0.42144292108674913,
        "skew": 4.011764769362035,
        "kurtosis": 25.03382413044252
      },
      "synth_moments": {
        "mean": 0.717277843852916,
        "median": 0.6752448183190999,
        "std": 0.36625351115299865,
        "skew": 2.386448080865645,
        "kurtosis": 9.42854322067211
      },
      "KS_stat": 0.10091743119266056,
      "KS_p": 0.6379083904221879,
      "Wasserstein": 0.045144314484185724,
      "JSD": 0.06181699226967402,
      "overlap_area": 0.9425986660097181
    }
  },
  "corr_similarity": {
    "corrcoef": 0.8567791005981077,
    "frob": 1.4797271631021447,
    "macd": 0.11596271551949165
  },
  "pca_overlap": {
    "overlap_frac": 0.9724770642201835,
    "pca": "PCA(n_components=3)",
    "explained_variance": "[0.74497387 0.11135418 0.09201896]"
  },
  "MMD2": -0.0070397147847127695,
  "SlicedWasserstein": 54.345214377543655,
  "EnergyDistance": 11.34955882594113,
  "gmm_coverage_frac": 0.6666666666666666,
  "knn_coverage": {
    "median_kth": 198.8025448089475,
    "mean_kth": 371.09154708653205,
    "iqr_kth": 159.34776738496993
  }
}