{
  "univariate": {
    "226Ra": {
      "real_moments": {
        "mean": 74.97977183486238,
        "median": 71.4369,
        "std": 44.05617270021668,
        "skew": 1.5838924892056216,
        "kurtosis": 4.364795720944686
      },
      "synth_moments": {
        "mean": 73.96782645987862,
        "median": 71.05182088562758,
        "std": 40.30598767184157,
        "skew": 1.1380384289609384,
        "kurtosis": 2.4418958525315633
      },
      "KS_stat": 0.07339449541284404,
      "KS_p": 0.9325712647984811,
      "Wasserstein": 3.2671305814443072,
      "JSD": 0.055666101076106506,
      "overlap_area": 0.9691814364916658
    },
    "232Th": {
      "real_moments": {
        "mean": 68.3011589908257,
        "median": 54.70395,
        "std": 74.86799752698546,
        "skew": 5.899812333485469,
        "kurtosis": 45.73871141090729
      },
      "synth_moments": {
        "mean": 62.67459612746104,
        "median": 49.29535060831426,
        "std": 45.52634935581472,
        "skew": 2.3240697687383496,
        "kurtosis": 7.979878207296389
      },
      "KS_stat": 0.09174311926605505,
      "KS_p": 0.7511370048916558,
      "Wasserstein": 7.797981202704146,
      "JSD": 0.04862033700602312,
      "overlap_area": 0.9613951674126799
    },
    "40K": {
      "real_moments": {
        "mean": 625.4423234862386,
        "median": 666.06,
        "std": 325.77620030216633,
        "skew": -0.18433595382893606,
        "kurtosis": -1.210803726194395
      },
      "synth_moments": {
        "mean": 604.6589681580579,
        "median": 631.1893090913675,
        "std": 317.3199427291665,
        "skew": -0.015282945874428735,
        "kurtosis": -1.1722940664956947
      },
      "KS_stat": 0.10091743119266056,
      "KS_p": 0.6379083904221879,
      "Wasserstein": 31.213425672333486,
      "JSD": 0.00866662823014187,
      "overlap_area": 0.9498939304649585
    },
    "Raeq": {
      "real_moments": {
        "mean": 220.80948743119262,
        "median": 193.66001,
        "std": 141.24695669027093,
        "skew": 4.496849695288913,
        "kurtosis": 29.952848462778505
      },
      "synth_moments": {
        "mean": 209.14645917357507,
        "median": 186.2921066946909,
        "std": 96.10926707838391,
        "skew": 2.041384967181824,
        "kurtosis": 6.86853303077428
      },
      "KS_stat": 0.08256880733944955,
      "KS_p": 0.8537177036275024,
      "Wasserstein": 15.47139678340661,
      "JSD": 0.06240825253149852,
      "overlap_area": 0.9502736844763044
    },
    "Theq": {
      "real_moments": {
        "mean": 155.1863267889908,
        "median": 136.56014,
        "std": 98.90341948182714,
        "skew": 4.479289412980269,
        "kurtosis": 29.79276992766934
      },
      "synth_moments": {
        "mean": 147.09430623723537,
        "median": 135.22539460143562,
        "std": 66.23950189772779,
        "skew": 1.8367669468128445,
        "kurtosis": 5.6915191095998985
      },
      "KS_stat": 0.10091743119266056,
      "KS_p": 0.6379083904221879,
      "Wasserstein": 10.469520151954436,
      "JSD": 0.05796980712285191,
      "overlap_area": 0.9515737782070703
    },
    "Keq": {
      "real_moments": {
        "mean": 2651.9736386238537,
        "median": 2228.3676,
        "std": 1811.0429350912407,
        "skew": 5.008102937890224,
        "kurtosis": 33.882309184918405
      },
      "synth_moments": {
        "mean": 2558.655786006978,
        "median": 2260.745852447917,
        "std": 1226.6984063657508,
        "skew": 2.7602478615312527,
        "kurtosis": 11.19579959347373
      },
      "KS_stat": 0.08256880733944955,
      "KS_p": 0.8537177036275024,
      "Wasserstein": 184.59186566759206,
      "JSD": 0.07562248349664755,
      "overlap_area": 0.954628510633775
    },
    "IG": {
      "real_moments": {
        "mean": 0.7999194495412842,
        "median": 0.72877,
        "std": 0.4950253455180348,
        "skew": 4.324005521258932,
        "kurtosis": 28.49755443867455
      },
      "synth_moments": {
        "mean": 0.7555880458135291,
        "median": 0.6656010383972201,
        "std": 0.34580230397916634,
        "skew": 2.1139584629203054,
        "kurtosis": 7.311279128694791
      },
      "KS_stat": 0.11009174311926606,
      "KS_p": 0.525558691909033,
      "Wasserstein": 0.05960114116325805,
      "JSD": 0.04385900773167732,
      "overlap_area": 0.9391437191125823
    },
    "IA": {
      "real_moments": {
        "mean": 0.3748992660550459,
        "median": 0.35718,
        "std": 0.22028081674815472,
        "skew": 1.583885893541485,
        "kurtosis": 4.364752856144418
      },
      "synth_moments": {
        "mean": 0.37462807938308706,
        "median": 0.3561609135696718,
        "std": 0.21002842648284728,
        "skew": 1.2889986089873726,
        "kurtosis": 2.9779367542189092
      },
      "KS_stat": 0.07339449541284404,
      "KS_p": 0.9325712647984811,
      "Wasserstein": 0.013998178325447674,
      "JSD": 0.03786178509985567,
      "overlap_area": 0.973737501915425
    },
    "IB": {
      "real_moments": {
        "mean": 0.7059155963302752,
        "median": 0.63475,
        "std": 0.42144292108674913,
        "skew": 4.011764769362035,
        "kurtosis": 25.03382413044252
      },
      "synth_moments": {
        "mean": 0.670407149856968,
        "median": 0.5960030997034544,
        "std": 0.30979153795596526,
        "skew": 2.1983730395253884,
        "kurtosis": 7.7627276851419555
      },
      "KS_stat": 0.10091743119266056,
      "KS_p": 0.6379083904221879,
      "Wasserstein": 0.04817843208662702,
      "JSD": 0.051097678467438984,
      "overlap_area": 0.9424881034030849
    }
  },
  "corr_similarity": {
    "corrcoef": 0.8364372460766831,
    "frob": 1.5845348623071078,
    "macd": 0.11434583114749458
  },
  "pca_overlap": {
    "overlap_frac": 0.9724770642201835,
    "pca": "PCA(n_components=3)",
    "explained_variance": "[0.73494071 0.11536518 0.0936202 ]"
  },
  "MMD2": -0.005279306379655013,
  "SlicedWasserstein": 57.080805636591066,
  "EnergyDistance": 12.34537739439611,
  "gmm_coverage_frac": 0.6666666666666666,
  "knn_coverage": {
    "median_kth": 199.97612564614283,
    "mean_kth": 436.1129950715476,
    "iqr_kth": 168.48015120045122
  }
}