{
  "univariate": {
    "226Ra": {
      "real_moments": {
        "mean": 74.97977183486238,
        "median": 71.4369,
        "std": 44.05617270021668,
        "skew": 1.5838924892056216,
        "kurtosis": 4.364795720944686
      },
      "synth_moments": {
        "mean": 71.44820026911655,
        "median": 71.89029496663755,
        "std": 35.56375633728792,
        "skew": 0.79813097705974,
        "kurtosis": 1.0211652235590343
      },
      "KS_stat": 0.10091743119266056,
      "KS_p": 0.6379083904221879,
      "Wasserstein": 5.388952364677231,
      "JSD": 0.06131342012355685,
      "overlap_area": 0.9277605790804887
    },
    "232Th": {
      "real_moments": {
        "mean": 68.3011589908257,
        "median": 54.70395,
        "std": 74.86799752698546,
        "skew": 5.899812333485469,
        "kurtosis": 45.73871141090729
      },
      "synth_moments": {
        "mean": 62.25461308404963,
        "median": 52.98371919090194,
        "std": 46.0954652639685,
        "skew": 2.483717360499451,
        "kurtosis": 7.556478921248663
      },
      "KS_stat": 0.09174311926605505,
      "KS_p": 0.7511370048916558,
      "Wasserstein": 10.161696717145315,
      "JSD": 0.10285746057400968,
      "overlap_area": 0.9236262056147666
    },
    "40K": {
      "real_moments": {
        "mean": 625.4423234862386,
        "median": 666.06,
        "std": 325.77620030216633,
        "skew": -0.18433595382893606,
        "kurtosis": -1.210803726194395
      },
      "synth_moments": {
        "mean": 629.0694931427442,
        "median": 668.7008354868377,
        "std": 323.2710024371539,
        "skew": -0.11282464115079749,
        "kurtosis": -1.262352863047603
      },
      "KS_stat": 0.07339449541284404,
      "KS_p": 0.9325712647984811,
      "Wasserstein": 17.32743607737986,
      "JSD": 0.014025506787070718,
      "overlap_area": 0.9747229179572227
    },
    "Raeq": {
      "real_moments": {
        "mean": 220.80948743119262,
        "median": 193.66001,
        "std": 141.24695669027093,
        "skew": 4.496849695288913,
        "kurtosis": 29.952848462778505
      },
      "synth_moments": {
        "mean": 212.26157209342125,
        "median": 192.97094670192055,
        "std": 103.60090664774764,
        "skew": 1.5682442412282598,
        "kurtosis": 3.343662520433665
      },
      "KS_stat": 0.07339449541284404,
      "KS_p": 0.9325712647984811,
      "Wasserstein": 17.342871860041782,
      "JSD": 0.04615100295537683,
      "overlap_area": 0.9341443773638152
    },
    "Theq": {
      "real_moments": {
        "mean": 155.1863267889908,
        "median": 136.56014,
        "std": 98.90341948182714,
        "skew": 4.479289412980269,
        "kurtosis": 29.79276992766934
      },
      "synth_moments": {
        "mean": 148.55816466281846,
        "median": 138.37604980080357,
        "std": 70.34018615591881,
        "skew": 1.5314897901475513,
        "kurtosis": 3.1598932827340542
      },
      "KS_stat": 0.08256880733944955,
      "KS_p": 0.8537177036275024,
      "Wasserstein": 11.99690665615391,
      "JSD": 0.04555077475622074,
      "overlap_area": 0.934675690406259
    },
    "Keq": {
      "real_moments": {
        "mean": 2651.9736386238537,
        "median": 2228.3676,
        "std": 1811.0429350912407,
        "skew": 5.008102937890224,
        "kurtosis": 33.882309184918405
      },
      "synth_moments": {
        "mean": 2534.379969974976,
        "median": 2297.7350576778485,
        "std": 1312.5409317971366,
        "skew": 2.278652281354024,
        "kurtosis": 6.810863507678679
      },
      "KS_stat": 0.07339449541284404,
      "KS_p": 0.9325712647984811,
      "Wasserstein": 201.62260872664535,
      "JSD": 0.09617236147744943,
      "overlap_area": 0.9492535847778582
    },
    "IG": {
      "real_moments": {
        "mean": 0.7999194495412842,
        "median": 0.72877,
        "std": 0.4950253455180348,
        "skew": 4.324005521258932,
        "kurtosis": 28.49755443867455
      },
      "synth_moments": {
        "mean": 0.7766146980198743,
        "median": 0.7083110329493855,
        "std": 0.36682087979554223,
        "skew": 1.5786989813703418,
        "kurtosis": 3.598063251418644
      },
      "KS_stat": 0.09174311926605505,
      "KS_p": 0.7511370048916558,
      "Wasserstein": 0.06163059803533843,
      "JSD": 0.05692195882447886,
      "overlap_area": 0.9401740453815101
    },
    "IA": {
      "real_moments": {
        "mean": 0.3748992660550459,
        "median": 0.35718,
        "std": 0.22028081674815472,
        "skew": 1.583885893541485,
        "kurtosis": 4.364752856144418
      },
      "synth_moments": {
        "mean": 0.3604394183568001,
        "median": 0.3595479816958134,
        "std": 0.18122103882062968,
        "skew": 1.0243884420857492,
        "kurtosis": 2.380383118961663
      },
      "KS_stat": 0.13761467889908258,
      "KS_p": 0.25410351783769675,
      "Wasserstein": 0.028277476279265364,
      "JSD": 0.08567004612169835,
      "overlap_area": 0.930093550188198
    },
    "IB": {
      "real_moments": {
        "mean": 0.7059155963302752,
        "median": 0.63475,
        "std": 0.42144292108674913,
        "skew": 4.011764769362035,
        "kurtosis": 25.03382413044252
      },
      "synth_moments": {
        "mean": 0.6829955197347273,
        "median": 0.629493756402018,
        "std": 0.3200066420897939,
        "skew": 1.5138717125761076,
        "kurtosis": 3.1913700488886434
      },
      "KS_stat": 0.06422018348623854,
      "KS_p": 0.9791203051957483,
      "Wasserstein": 0.05285278793251297,
      "JSD": 0.060415995843978096,
      "overlap_area": 0.9370324616976451
    }
  },
  "corr_similarity": {
    "corrcoef": 0.7929598290920246,
    "frob": 1.7035905794373716,
    "macd": 0.13560593531123855
  },
  "pca_overlap": {
    "overlap_frac": 0.944954128440367,
    "pca": "PCA(n_components=3)",
    "explained_variance": "[0.73373229 0.11028578 0.09637184]"
  },
  "MMD2": -0.006190025159303891,
  "SlicedWasserstein": 53.34702061901982,
  "EnergyDistance": 8.936992106490834,
  "gmm_coverage_frac": 0.6666666666666666,
  "knn_coverage": {
    "median_kth": 191.5511729646678,
    "mean_kth": 399.31730737882646,
    "iqr_kth": 165.42587438103507
  }
}