{
  "univariate": {
    "226Ra": {
      "real_moments": {
        "mean": 74.97977183486238,
        "median": 71.4369,
        "std": 44.05617270021668,
        "skew": 1.5838924892056216,
        "kurtosis": 4.364795720944686
      },
      "synth_moments": {
        "mean": 73.21726706043243,
        "median": 67.64885636635663,
        "std": 37.58080235548514,
        "skew": 0.7896531819844055,
        "kurtosis": 0.13615624357763734
      },
      "KS_stat": 0.09174311926605505,
      "KS_p": 0.7511370048916558,
      "Wasserstein": 8.348808600490175,
      "JSD": 0.0836963179611814,
      "overlap_area": 0.8640283734887996
    },
    "232Th": {
      "real_moments": {
        "mean": 68.3011589908257,
        "median": 54.70395,
        "std": 74.86799752698546,
        "skew": 5.899812333485469,
        "kurtosis": 45.73871141090729
      },
      "synth_moments": {
        "mean": 63.43870626101289,
        "median": 59.66534209332696,
        "std": 36.25999675848772,
        "skew": 0.89161338543175,
        "kurtosis": 0.3508742483696614
      },
      "KS_stat": 0.10091743119266056,
      "KS_p": 0.6379083904221879,
      "Wasserstein": 11.41710981918752,
      "JSD": 0.031221138792041192,
      "overlap_area": 0.9291386714914395
    },
    "40K": {
      "real_moments": {
        "mean": 625.4423234862386,
        "median": 666.06,
        "std": 325.77620030216633,
        "skew": -0.18433595382893606,
        "kurtosis": -1.210803726194395
      },
      "synth_moments": {
        "mean": 627.5695897244324,
        "median": 683.373571907373,
        "std": 306.0623671565379,
        "skew": -0.24899549735829207,
        "kurtosis": -1.23270128985812
      },
      "KS_stat": 0.06422018348623854,
      "KS_p": 0.9791203051957483,
      "Wasserstein": 28.028354699785737,
      "JSD": 0.03175798130317894,
      "overlap_area": 0.9483058988060412
    },
    "Raeq": {
      "real_moments": {
        "mean": 220.80948743119262,
        "median": 193.66001,
        "std": 141.24695669027093,
        "skew": 4.496849695288913,
        "kurtosis": 29.952848462778505
      },
      "synth_moments": {
        "mean": 211.5720948579957,
        "median": 206.8042380822687,
        "std": 73.72268176658133,
        "skew": 0.4252264186904981,
        "kurtosis": -0.7204768180994154
      },
      "KS_stat": 0.09174311926605505,
      "KS_p": 0.7511370048916558,
      "Wasserstein": 22.4368051781925,
      "JSD": 0.06700444174195466,
      "overlap_area": 0.9395343748294431
    },
    "Theq": {
      "real_moments": {
        "mean": 155.1863267889908,
        "median": 136.56014,
        "std": 98.90341948182714,
        "skew": 4.479289412980269,
        "kurtosis": 29.79276992766934
      },
      "synth_moments": {
        "mean": 147.90505477069246,
        "median": 144.97797175052946,
        "std": 51.452038706122934,
        "skew": 0.39816780134919155,
        "kurtosis": -0.7747702865472408
      },
      "KS_stat": 0.08256880733944955,
      "KS_p": 0.8537177036275024,
      "Wasserstein": 15.839064644571778,
      "JSD": 0.05815186949104292,
      "overlap_area": 0.9407016285539329
    },
    "Keq": {
      "real_moments": {
        "mean": 2651.9736386238537,
        "median": 2228.3676,
        "std": 1811.0429350912407,
        "skew": 5.008102937890224,
        "kurtosis": 33.882309184918405
      },
      "synth_moments": {
        "mean": 2476.4185737622124,
        "median": 2390.6884572036256,
        "std": 870.48068408347,
        "skew": 1.446966819704522,
        "kurtosis": 1.9995260717321832
      },
      "KS_stat": 0.09174311926605505,
      "KS_p": 0.7511370048916558,
      "Wasserstein": 298.6324190740519,
      "JSD": 0.06085855925094326,
      "overlap_area": 0.9486972529432631
    },
    "IG": {
      "real_moments": {
        "mean": 0.7999194495412842,
        "median": 0.72877,
        "std": 0.4950253455180348,
        "skew": 4.324005521258932,
        "kurtosis": 28.49755443867455
      },
      "synth_moments": {
        "mean": 0.7675546596737481,
        "median": 0.7781251852483421,
        "std": 0.2680065664420876,
        "skew": 0.35468609202464324,
        "kurtosis": -0.8546639858369955
      },
      "KS_stat": 0.09174311926605505,
      "KS_p": 0.7511370048916558,
      "Wasserstein": 0.08172589708049517,
      "JSD": 0.06948446224507492,
      "overlap_area": 0.9401955923080937
    },
    "IA": {
      "real_moments": {
        "mean": 0.3748992660550459,
        "median": 0.35718,
        "std": 0.22028081674815472,
        "skew": 1.583885893541485,
        "kurtosis": 4.364752856144418
      },
      "synth_moments": {
        "mean": 0.36372825328639086,
        "median": 0.3395000140047648,
        "std": 0.20135867636016952,
        "skew": 1.3926092249261899,
        "kurtosis": 3.4757977147330736
      },
      "KS_stat": 0.07339449541284404,
      "KS_p": 0.9325712647984811,
      "Wasserstein": 0.02568517988503318,
      "JSD": 0.029378271391417528,
      "overlap_area": 0.9286853400976822
    },
    "IB": {
      "real_moments": {
        "mean": 0.7059155963302752,
        "median": 0.63475,
        "std": 0.42144292108674913,
        "skew": 4.011764769362035,
        "kurtosis": 25.03382413044252
      },
      "synth_moments": {
        "mean": 0.6781116654753847,
        "median": 0.6509092046280094,
        "std": 0.2277575368355257,
        "skew": 0.3521954275583726,
        "kurtosis": -0.922549173243358
      },
      "KS_stat": 0.07339449541284404,
      "KS_p": 0.9325712647984811,
      "Wasserstein": 0.06860684893842581,
      "JSD": 0.05184288956499971,
      "overlap_area": 0.939036376260891
    }
  },
  "corr_similarity": {
    "corrcoef": 0.6035225325119064,
    "frob": 2.3815905246139346,
    "macd": 0.20243639111245113
  },
  "pca_overlap": {
    "overlap_frac": 1.0,
    "pca": "PCA(n_components=3)",
    "explained_variance": "[0.71524343 0.11337787 0.10578075]"
  },
  "MMD2": -0.0035391168008336304,
  "SlicedWasserstein": 80.39384943226459,
  "EnergyDistance": 17.6173666360894,
  "gmm_coverage_frac": 0.6666666666666666,
  "knn_coverage": {
    "median_kth": 204.18212378610798,
    "mean_kth": 411.848767809651,
    "iqr_kth": 215.7345343577271
  }
}