{
  "univariate": {
    "226Ra": {
      "real_moments": {
        "mean": 74.97977183486238,
        "median": 71.4369,
        "std": 44.05617270021668,
        "skew": 1.5838924892056216,
        "kurtosis": 4.364795720944686
      },
      "synth_moments": {
        "mean": 74.36305020091282,
        "median": 70.07092697623374,
        "std": 42.91168302551179,
        "skew": 1.5987711750155453,
        "kurtosis": 3.53424379415591
      },
      "KS_stat": 0.09174311926605505,
      "KS_p": 0.7511370048916558,
      "Wasserstein": 4.727733281071975,
      "JSD": 0.05104069042434798,
      "overlap_area": 0.9387923321291931
    },
    "232Th": {
      "real_moments": {
        "mean": 68.3011589908257,
        "median": 54.70395,
        "std": 74.86799752698546,
        "skew": 5.899812333485469,
        "kurtosis": 45.73871141090729
      },
      "synth_moments": {
        "mean": 66.29221759286497,
        "median": 54.65930674868999,
        "std": 51.204479993515015,
        "skew": 2.9520012251938774,
        "kurtosis": 11.046928353893438
      },
      "KS_stat": 0.12844036697247707,
      "KS_p": 0.3308699616789528,
      "Wasserstein": 9.382773702992854,
      "JSD": 0.10741969458069384,
      "overlap_area": 0.9180612731262535
    },
    "40K": {
      "real_moments": {
        "mean": 625.4423234862386,
        "median": 666.06,
        "std": 325.77620030216633,
        "skew": -0.18433595382893606,
        "kurtosis": -1.210803726194395
      },
      "synth_moments": {
        "mean": 631.3456023814474,
        "median": 713.0191242925175,
        "std": 332.2636280022702,
        "skew": -0.3388082189412076,
        "kurtosis": -1.1313239816462903
      },
      "KS_stat": 0.09174311926605505,
      "KS_p": 0.7511370048916558,
      "Wasserstein": 27.555797241116444,
      "JSD": 0.01377997602330899,
      "overlap_area": 0.9608682564441449
    },
    "Raeq": {
      "real_moments": {
        "mean": 220.80948743119262,
        "median": 193.66001,
        "std": 141.24695669027093,
        "skew": 4.496849695288913,
        "kurtosis": 29.952848462778505
      },
      "synth_moments": {
        "mean": 216.19865052140432,
        "median": 192.4665031207135,
        "std": 114.8090205822953,
        "skew": 2.2647735679197325,
        "kurtosis": 6.927640011747805
      },
      "KS_stat": 0.07339449541284404,
      "KS_p": 0.9325712647984811,
      "Wasserstein": 16.605497526900994,
      "JSD": 0.06459302646802592,
      "overlap_area": 0.9442305543497821
    },
    "Theq": {
      "real_moments": {
        "mean": 155.1863267889908,
        "median": 136.56014,
        "std": 98.90341948182714,
        "skew": 4.479289412980269,
        "kurtosis": 29.79276992766934
      },
      "synth_moments": {
        "mean": 152.21812894737548,
        "median": 138.93380142414398,
        "std": 82.17027445364843,
        "skew": 2.3247440944510207,
        "kurtosis": 7.2223145396786705
      },
      "KS_stat": 0.08256880733944955,
      "KS_p": 0.8537177036275024,
      "Wasserstein": 11.903600110478628,
      "JSD": 0.049220214351199096,
      "overlap_area": 0.9435810534260379
    },
    "Keq": {
      "real_moments": {
        "mean": 2651.9736386238537,
        "median": 2228.3676,
        "std": 1811.0429350912407,
        "skew": 5.008102937890224,
        "kurtosis": 33.882309184918405
      },
      "synth_moments": {
        "mean": 2583.8401005857827,
        "median": 2288.2944798934823,
        "std": 1482.8184526833252,
        "skew": 2.9281395058951745,
        "kurtosis": 10.388173332523698
      },
      "KS_stat": 0.09174311926605505,
      "KS_p": 0.7511370048916558,
      "Wasserstein": 189.7446514226319,
      "JSD": 0.07895002623883053,
      "overlap_area": 0.9499724427634406
    },
    "IG": {
      "real_moments": {
        "mean": 0.7999194495412842,
        "median": 0.72877,
        "std": 0.4950253455180348,
        "skew": 4.324005521258932,
        "kurtosis": 28.49755443867455
      },
      "synth_moments": {
        "mean": 0.7840772701266475,
        "median": 0.7120988106120001,
        "std": 0.40801521760247556,
        "skew": 2.0206165658321815,
        "kurtosis": 5.61201284848919
      },
      "KS_stat": 0.08256880733944955,
      "KS_p": 0.8537177036275024,
      "Wasserstein": 0.056915147180849474,
      "JSD": 0.03610655891147062,
      "overlap_area": 0.9506319000945203
    },
    "IA": {
      "real_moments": {
        "mean": 0.3748992660550459,
        "median": 0.35718,
        "std": 0.22028081674815472,
        "skew": 1.583885893541485,
        "kurtosis": 4.364752856144418
      },
      "synth_moments": {
        "mean": 0.37346205435817836,
        "median": 0.35720963744,
        "std": 0.21421381731055245,
        "skew": 1.5705014373810868,
        "kurtosis": 3.4539152393872783
      },
      "KS_stat": 0.07339449541284404,
      "KS_p": 0.9325712647984811,
      "Wasserstein": 0.022133142319411384,
      "JSD": 0.05104069131074086,
      "overlap_area": 0.9421339034573335
    },
    "IB": {
      "real_moments": {
        "mean": 0.7059155963302752,
        "median": 0.63475,
        "std": 0.42144292108674913,
        "skew": 4.011764769362035,
        "kurtosis": 25.03382413044252
      },
      "synth_moments": {
        "mean": 0.6903849570928182,
        "median": 0.6375767477649998,
        "std": 0.3535135755793928,
        "skew": 2.187246876618993,
        "kurtosis": 6.39882091086546
      },
      "KS_stat": 0.09174311926605505,
      "KS_p": 0.7511370048916558,
      "Wasserstein": 0.056964052255744815,
      "JSD": 0.06931635078171286,
      "overlap_area": 0.9329327326277776
    }
  },
  "corr_similarity": {
    "corrcoef": 0.9897671437949307,
    "frob": 0.47562499764492855,
    "macd": 0.03741376370664102
  },
  "pca_overlap": {
    "overlap_frac": 0.9541284403669725,
    "pca": "PCA(n_components=3)",
    "explained_variance": "[0.79311072 0.13594683 0.06772051]"
  },
  "MMD2": -0.005807986775788976,
  "SlicedWasserstein": 53.761554897019394,
  "EnergyDistance": 9.680557520777029,
  "gmm_coverage_frac": 0.6666666666666666,
  "knn_coverage": {
    "median_kth": 195.24513086579367,
    "mean_kth": 386.62145652542745,
    "iqr_kth": 169.37773601014084
  }
}