{
  "univariate": {
    "226Ra": {
      "real_moments": {
        "mean": 74.97977183486238,
        "median": 71.4369,
        "std": 44.05617270021668,
        "skew": 1.5838924892056216,
        "kurtosis": 4.364795720944686
      },
      "synth_moments": {
        "mean": 73.84242476754221,
        "median": 66.09237504484496,
        "std": 42.58788351911365,
        "skew": 1.0191699928887523,
        "kurtosis": 1.5086465564763385
      },
      "KS_stat": 0.09174311926605505,
      "KS_p": 0.7511370048916558,
      "Wasserstein": 5.032175066269018,
      "JSD": 0.054064169330178255,
      "overlap_area": 0.9287869381582632
    },
    "232Th": {
      "real_moments": {
        "mean": 68.3011589908257,
        "median": 54.70395,
        "std": 74.86799752698546,
        "skew": 5.899812333485469,
        "kurtosis": 45.73871141090729
      },
      "synth_moments": {
        "mean": 61.90685281893222,
        "median": 52.73492111485311,
        "std": 42.91701927958566,
        "skew": 1.9800554830505528,
        "kurtosis": 5.018214675423797
      },
      "KS_stat": 0.06422018348623854,
      "KS_p": 0.9791203051957483,
      "Wasserstein": 8.579371216668495,
      "JSD": 0.0531690818312897,
      "overlap_area": 0.9492356598919248
    },
    "40K": {
      "real_moments": {
        "mean": 625.4423234862386,
        "median": 666.06,
        "std": 325.77620030216633,
        "skew": -0.18433595382893606,
        "kurtosis": -1.210803726194395
      },
      "synth_moments": {
        "mean": 631.9417512580035,
        "median": 654.546868525713,
        "std": 309.5648536275678,
        "skew": -0.07971900384850074,
        "kurtosis": -1.155851803150117
      },
      "KS_stat": 0.09174311926605505,
      "KS_p": 0.7511370048916558,
      "Wasserstein": 32.322958405051565,
      "JSD": 0.032254861946159494,
      "overlap_area": 0.9412166347297725
    },
    "Raeq": {
      "real_moments": {
        "mean": 220.80948743119262,
        "median": 193.66001,
        "std": 141.24695669027093,
        "skew": 4.496849695288913,
        "kurtosis": 29.952848462778505
      },
      "synth_moments": {
        "mean": 220.9269982643869,
        "median": 192.6762015333769,
        "std": 150.5279757402218,
        "skew": 4.149827369270376,
        "kurtosis": 21.741467865723838
      },
      "KS_stat": 0.05504587155963303,
      "KS_p": 0.9967758992890015,
      "Wasserstein": 11.386519897780502,
      "JSD": 0.03857538227436405,
      "overlap_area": 0.9685995059207919
    },
    "Theq": {
      "real_moments": {
        "mean": 155.1863267889908,
        "median": 136.56014,
        "std": 98.90341948182714,
        "skew": 4.479289412980269,
        "kurtosis": 29.79276992766934
      },
      "synth_moments": {
        "mean": 156.49093489360362,
        "median": 136.02919227763616,
        "std": 105.55379270210729,
        "skew": 4.113958675079833,
        "kurtosis": 21.493313270563704
      },
      "KS_stat": 0.045871559633027525,
      "KS_p": 0.9998685304465402,
      "Wasserstein": 7.565324644523426,
      "JSD": 0.050453827532159184,
      "overlap_area": 0.9724358021273242
    },
    "Keq": {
      "real_moments": {
        "mean": 2651.9736386238537,
        "median": 2228.3676,
        "std": 1811.0429350912407,
        "skew": 5.008102937890224,
        "kurtosis": 33.882309184918405
      },
      "synth_moments": {
        "mean": 2632.2678933993425,
        "median": 2226.486625142433,
        "std": 1957.0989278303202,
        "skew": 5.018433623976767,
        "kurtosis": 28.814304219295497
      },
      "KS_stat": 0.05504587155963303,
      "KS_p": 0.9967758992890015,
      "Wasserstein": 176.49552263679854,
      "JSD": 0.0632035272876089,
      "overlap_area": 0.953663461831581
    },
    "IG": {
      "real_moments": {
        "mean": 0.7999194495412842,
        "median": 0.72877,
        "std": 0.4950253455180348,
        "skew": 4.324005521258932,
        "kurtosis": 28.49755443867455
      },
      "synth_moments": {
        "mean": 0.7959920647143124,
        "median": 0.7298104484971386,
        "std": 0.4990889560081785,
        "skew": 3.8167656164027863,
        "kurtosis": 19.35592169236326
      },
      "KS_stat": 0.045871559633027525,
      "KS_p": 0.9998685304465402,
      "Wasserstein": 0.03916918778687703,
      "JSD": 0.034847249085861134,
      "overlap_area": 0.9654572199644106
    },
    "IA": {
      "real_moments": {
        "mean": 0.3748992660550459,
        "median": 0.35718,
        "std": 0.22028081674815472,
        "skew": 1.583885893541485,
        "kurtosis": 4.364752856144418
      },
      "synth_moments": {
        "mean": 0.37505850175999217,
        "median": 0.3442415651937218,
        "std": 0.24194560050047445,
        "skew": 1.5928793680152717,
        "kurtosis": 3.795355758089757
      },
      "KS_stat": 0.07339449541284404,
      "KS_p": 0.9325712647984811,
      "Wasserstein": 0.020202250530906293,
      "JSD": 0.022844277217612032,
      "overlap_area": 0.9550523383774658
    },
    "IB": {
      "real_moments": {
        "mean": 0.7059155963302752,
        "median": 0.63475,
        "std": 0.42144292108674913,
        "skew": 4.011764769362035,
        "kurtosis": 25.03382413044252
      },
      "synth_moments": {
        "mean": 0.7033502117949405,
        "median": 0.6295066450237242,
        "std": 0.43114266792293915,
        "skew": 3.609299657366666,
        "kurtosis": 17.13903781708765
      },
      "KS_stat": 0.045871559633027525,
      "KS_p": 0.9998685304465402,
      "Wasserstein": 0.034446296098454655,
      "JSD": 0.05052861314803083,
      "overlap_area": 0.9608378752365595
    }
  },
  "corr_similarity": {
    "corrcoef": 0.8453360329996035,
    "frob": 1.5259254856956668,
    "macd": 0.11305173255378
  },
  "pca_overlap": {
    "overlap_frac": 0.9724770642201835,
    "pca": "PCA(n_components=3)",
    "explained_variance": "[0.72747658 0.11141812 0.09250018]"
  },
  "MMD2": -0.005415454693542987,
  "SlicedWasserstein": 53.31177495458265,
  "EnergyDistance": 9.837654000292105,
  "gmm_coverage_frac": 0.6666666666666666,
  "knn_coverage": {
    "median_kth": 187.03497233331842,
    "mean_kth": 405.08757980299725,
    "iqr_kth": 148.81445515920154
  }
}