{
  "univariate": {
    "226Ra": {
      "real_moments": {
        "mean": 74.97977183486238,
        "median": 71.4369,
        "std": 44.05617270021668,
        "skew": 1.5838924892056216,
        "kurtosis": 4.364795720944686
      },
      "synth_moments": {
        "mean": 70.99061660119985,
        "median": 67.73596297152068,
        "std": 48.11048700102978,
        "skew": 1.9259667341522384,
        "kurtosis": 4.869300489897617
      },
      "KS_stat": 0.1651376146788991,
      "KS_p": 0.10235367370749972,
      "Wasserstein": 7.086280133267562,
      "JSD": 0.06977953440613249,
      "overlap_area": 0.9112108400621894
    },
    "232Th": {
      "real_moments": {
        "mean": 68.3011589908257,
        "median": 54.70395,
        "std": 74.86799752698546,
        "skew": 5.899812333485469,
        "kurtosis": 45.73871141090729
      },
      "synth_moments": {
        "mean": 72.59995945940726,
        "median": 52.38447202528533,
        "std": 89.50537464068216,
        "skew": 4.420049121319673,
        "kurtosis": 23.08996753265638
      },
      "KS_stat": 0.11009174311926606,
      "KS_p": 0.525558691909033,
      "Wasserstein": 9.891968072178823,
      "JSD": 0.08752838282317726,
      "overlap_area": 0.9460519947510887
    },
    "40K": {
      "real_moments": {
        "mean": 625.4423234862386,
        "median": 666.06,
        "std": 325.77620030216633,
        "skew": -0.18433595382893606,
        "kurtosis": -1.210803726194395
      },
      "synth_moments": {
        "mean": 614.6569424256735,
        "median": 667.7083673492452,
        "std": 340.01806411226363,
        "skew": -0.1524764917913508,
        "kurtosis": -1.327297631678799
      },
      "KS_stat": 0.07339449541284404,
      "KS_p": 0.9325712647984811,
      "Wasserstein": 26.360613724474174,
      "JSD": 0.030357761083137706,
      "overlap_area": 0.962924564071425
    },
    "Raeq": {
      "real_moments": {
        "mean": 220.80948743119262,
        "median": 193.66001,
        "std": 141.24695669027093,
        "skew": 4.496849695288913,
        "kurtosis": 29.952848462778505
      },
      "synth_moments": {
        "mean": 223.68911533392077,
        "median": 181.69001905886188,
        "std": 170.70450871237483,
        "skew": 3.5229323697685517,
        "kurtosis": 16.003811662626717
      },
      "KS_stat": 0.11926605504587157,
      "KS_p": 0.4218388405059881,
      "Wasserstein": 23.26051751260501,
      "JSD": 0.06649915837643001,
      "overlap_area": 0.9283748709023361
    },
    "Theq": {
      "real_moments": {
        "mean": 155.1863267889908,
        "median": 136.56014,
        "std": 98.90341948182714,
        "skew": 4.479289412980269,
        "kurtosis": 29.79276992766934
      },
      "synth_moments": {
        "mean": 155.39673658521502,
        "median": 128.7180271005507,
        "std": 117.64520780251353,
        "skew": 3.565227613383937,
        "kurtosis": 16.432664827157474
      },
      "KS_stat": 0.11009174311926606,
      "KS_p": 0.525558691909033,
      "Wasserstein": 15.75157364077788,
      "JSD": 0.07255862777444269,
      "overlap_area": 0.9248069930017166
    },
    "Keq": {
      "real_moments": {
        "mean": 2651.9736386238537,
        "median": 2228.3676,
        "std": 1811.0429350912407,
        "skew": 5.008102937890224,
        "kurtosis": 33.882309184918405
      },
      "synth_moments": {
        "mean": 2639.16378893273,
        "median": 2000.3897835677312,
        "std": 2203.8522152899995,
        "skew": 3.8674965567588364,
        "kurtosis": 18.0171484994449
      },
      "KS_stat": 0.1651376146788991,
      "KS_p": 0.10235367370749972,
      "Wasserstein": 322.7773620851275,
      "JSD": 0.10466161241498662,
      "overlap_area": 0.9064657585010496
    },
    "IG": {
      "real_moments": {
        "mean": 0.7999194495412842,
        "median": 0.72877,
        "std": 0.4950253455180348,
        "skew": 4.324005521258932,
        "kurtosis": 28.49755443867455
      },
      "synth_moments": {
        "mean": 0.8100702392759512,
        "median": 0.6738863961471343,
        "std": 0.6166299416028899,
        "skew": 3.6675351749115506,
        "kurtosis": 17.06646928601815
      },
      "KS_stat": 0.11926605504587157,
      "KS_p": 0.4218388405059881,
      "Wasserstein": 0.08118519750640552,
      "JSD": 0.050672480343627445,
      "overlap_area": 0.9298844533899048
    },
    "IA": {
      "real_moments": {
        "mean": 0.3748992660550459,
        "median": 0.35718,
        "std": 0.22028081674815472,
        "skew": 1.583885893541485,
        "kurtosis": 4.364752856144418
      },
      "synth_moments": {
        "mean": 0.36145040203118306,
        "median": 0.3452432854909274,
        "std": 0.24654620389703635,
        "skew": 1.9835038172207875,
        "kurtosis": 4.876271211800306
      },
      "KS_stat": 0.1743119266055046,
      "KS_p": 0.07277246622099681,
      "Wasserstein": 0.034991683956575634,
      "JSD": 0.09474346958417773,
      "overlap_area": 0.9099034560562047
    },
    "IB": {
      "real_moments": {
        "mean": 0.7059155963302752,
        "median": 0.63475,
        "std": 0.42144292108674913,
        "skew": 4.011764769362035,
        "kurtosis": 25.03382413044252
      },
      "synth_moments": {
        "mean": 0.714665510337751,
        "median": 0.6031210959441613,
        "std": 0.5275709518259799,
        "skew": 3.5268930960022615,
        "kurtosis": 15.719403997799635
      },
      "KS_stat": 0.11009174311926606,
      "KS_p": 0.525558691909033,
      "Wasserstein": 0.06830097793569881,
      "JSD": 0.061564628445947914,
      "overlap_area": 0.9291844070696329
    }
  },
  "corr_similarity": {
    "corrcoef": 0.8793335849719824,
    "frob": 1.4116531739008096,
    "macd": 0.10776680446243213
  },
  "pca_overlap": {
    "overlap_frac": 0.944954128440367,
    "pca": "PCA(n_components=3)",
    "explained_variance": "[0.75756065 0.11284399 0.08151525]"
  },
  "MMD2": 0.004803645315792249,
  "SlicedWasserstein": 85.8470811476386,
  "EnergyDistance": 33.547523889414606,
  "gmm_coverage_frac": 0.6666666666666666,
  "knn_coverage": {
    "median_kth": 219.42757550603122,
    "mean_kth": 386.86939332358173,
    "iqr_kth": 244.84551949450812
  }
}