{
  "univariate": {
    "226Ra": {
      "real_moments": {
        "mean": 74.97977183486238,
        "median": 71.4369,
        "std": 44.05617270021668,
        "skew": 1.5838924892056216,
        "kurtosis": 4.364795720944686
      },
      "synth_moments": {
        "mean": 71.5460750984364,
        "median": 71.0810457334366,
        "std": 32.56746613962208,
        "skew": 0.5172215319284663,
        "kurtosis": -0.015100738851937745
      },
      "KS_stat": 0.09174311926605505,
      "KS_p": 0.7511370048916558,
      "Wasserstein": 6.19845016745903,
      "JSD": 0.04869936221061005,
      "overlap_area": 0.925673794344828
    },
    "232Th": {
      "real_moments": {
        "mean": 68.3011589908257,
        "median": 54.70395,
        "std": 74.86799752698546,
        "skew": 5.899812333485469,
        "kurtosis": 45.73871141090729
      },
      "synth_moments": {
        "mean": 64.26930457687642,
        "median": 54.86478220419669,
        "std": 40.18280779935012,
        "skew": 1.1916768206119355,
        "kurtosis": 0.9004423746551415
      },
      "KS_stat": 0.08256880733944955,
      "KS_p": 0.8537177036275024,
      "Wasserstein": 8.778896343979383,
      "JSD": 0.04955060222997135,
      "overlap_area": 0.9644380212320642
    },
    "40K": {
      "real_moments": {
        "mean": 625.4423234862386,
        "median": 666.06,
        "std": 325.77620030216633,
        "skew": -0.18433595382893606,
        "kurtosis": -1.210803726194395
      },
      "synth_moments": {
        "mean": 645.9085044227212,
        "median": 701.9368342151315,
        "std": 318.8997846958161,
        "skew": -0.3217374759729106,
        "kurtosis": -1.2165202401451054
      },
      "KS_stat": 0.07339449541284404,
      "KS_p": 0.9325712647984811,
      "Wasserstein": 31.12189163065511,
      "JSD": 0.01954655472663077,
      "overlap_area": 0.9660293847466623
    },
    "Raeq": {
      "real_moments": {
        "mean": 220.80948743119262,
        "median": 193.66001,
        "std": 141.24695669027093,
        "skew": 4.496849695288913,
        "kurtosis": 29.952848462778505
      },
      "synth_moments": {
        "mean": 214.17225507999345,
        "median": 198.23836140843892,
        "std": 90.81439223151824,
        "skew": 1.2566184308882296,
        "kurtosis": 4.773485075564444
      },
      "KS_stat": 0.07339449541284404,
      "KS_p": 0.9325712647984811,
      "Wasserstein": 17.126765104115037,
      "JSD": 0.026039728990348406,
      "overlap_area": 0.9466003761314693
    },
    "Theq": {
      "real_moments": {
        "mean": 155.1863267889908,
        "median": 136.56014,
        "std": 98.90341948182714,
        "skew": 4.479289412980269,
        "kurtosis": 29.79276992766934
      },
      "synth_moments": {
        "mean": 151.44556187680442,
        "median": 142.8938568261133,
        "std": 64.57543800047006,
        "skew": 1.2740456358405359,
        "kurtosis": 4.87908945573112
      },
      "KS_stat": 0.07339449541284404,
      "KS_p": 0.9325712647984811,
      "Wasserstein": 12.137711418073868,
      "JSD": 0.02596332189644022,
      "overlap_area": 0.9450101251842432
    },
    "Keq": {
      "real_moments": {
        "mean": 2651.9736386238537,
        "median": 2228.3676,
        "std": 1811.0429350912407,
        "skew": 5.008102937890224,
        "kurtosis": 33.882309184918405
      },
      "synth_moments": {
        "mean": 2570.2601282409883,
        "median": 2285.899230401947,
        "std": 1142.099255124789,
        "skew": 2.0598304255209534,
        "kurtosis": 8.485737972683951
      },
      "KS_stat": 0.09174311926605505,
      "KS_p": 0.7511370048916558,
      "Wasserstein": 228.40308386452813,
      "JSD": 0.06441093452026911,
      "overlap_area": 0.9482050222741685
    },
    "IG": {
      "real_moments": {
        "mean": 0.7999194495412842,
        "median": 0.72877,
        "std": 0.4950253455180348,
        "skew": 4.324005521258932,
        "kurtosis": 28.49755443867455
      },
      "synth_moments": {
        "mean": 0.7950036220351954,
        "median": 0.7810142448712107,
        "std": 0.3324986180779837,
        "skew": 1.0910420455082646,
        "kurtosis": 4.072692723602039
      },
      "KS_stat": 0.08256880733944955,
      "KS_p": 0.8537177036275024,
      "Wasserstein": 0.06914891409957641,
      "JSD": 0.017834995220562214,
      "overlap_area": 0.9313387955041392
    },
    "IA": {
      "real_moments": {
        "mean": 0.3748992660550459,
        "median": 0.35718,
        "std": 0.22028081674815472,
        "skew": 1.583885893541485,
        "kurtosis": 4.364752856144418
      },
      "synth_moments": {
        "mean": 0.35756628301899646,
        "median": 0.3528480314645094,
        "std": 0.16798628128706314,
        "skew": 0.8266606883265729,
        "kurtosis": 1.33241263832248
      },
      "KS_stat": 0.08256880733944955,
      "KS_p": 0.8537177036275024,
      "Wasserstein": 0.028969833475667672,
      "JSD": 0.03588163177925355,
      "overlap_area": 0.9448448677625589
    },
    "IB": {
      "real_moments": {
        "mean": 0.7059155963302752,
        "median": 0.63475,
        "std": 0.42144292108674913,
        "skew": 4.011764769362035,
        "kurtosis": 25.03382413044252
      },
      "synth_moments": {
        "mean": 0.6931813411430257,
        "median": 0.6477139763176439,
        "std": 0.28738309914978044,
        "skew": 1.2574944051946964,
        "kurtosis": 5.242380112437349
      },
      "KS_stat": 0.07339449541284404,
      "KS_p": 0.9325712647984811,
      "Wasserstein": 0.0535162772945086,
      "JSD": 0.029255236599811107,
      "overlap_area": 0.9391234323445398
    }
  },
  "corr_similarity": {
    "corrcoef": 0.5789051964346885,
    "frob": 2.5182021936904233,
    "macd": 0.2100621078827312
  },
  "pca_overlap": {
    "overlap_frac": 0.7889908256880734,
    "pca": "PCA(n_components=3)",
    "explained_variance": "[0.71276917 0.11714054 0.10008283]"
  },
  "MMD2": -0.0049155656403183645,
  "SlicedWasserstein": 62.347634690520266,
  "EnergyDistance": 11.566327958374814,
  "gmm_coverage_frac": 0.6666666666666666,
  "knn_coverage": {
    "median_kth": 174.33923460202467,
    "mean_kth": 397.86283422516965,
    "iqr_kth": 197.62219787009332
  }
}