{
  "univariate": {
    "226Ra": {
      "real_moments": {
        "mean": 74.97977183486238,
        "median": 71.4369,
        "std": 44.05617270021668,
        "skew": 1.5838924892056216,
        "kurtosis": 4.364795720944686
      },
      "synth_moments": {
        "mean": 74.6585754113478,
        "median": 75.22566690802078,
        "std": 38.32976337937598,
        "skew": 1.4252827352387532,
        "kurtosis": 4.074866919294752
      },
      "KS_stat": 0.07339449541284404,
      "KS_p": 0.9325712647984811,
      "Wasserstein": 4.167036457020545,
      "JSD": 0.033130175509650826,
      "overlap_area": 0.9590899246255619
    },
    "232Th": {
      "real_moments": {
        "mean": 68.3011589908257,
        "median": 54.70395,
        "std": 74.86799752698546,
        "skew": 5.899812333485469,
        "kurtosis": 45.73871141090729
      },
      "synth_moments": {
        "mean": 64.44230572688888,
        "median": 56.8332342543255,
        "std": 42.66417688446977,
        "skew": 2.3164507932419913,
        "kurtosis": 8.613919806463018
      },
      "KS_stat": 0.10091743119266056,
      "KS_p": 0.6379083904221879,
      "Wasserstein": 8.984094368445202,
      "JSD": 0.06596098164745101,
      "overlap_area": 0.9346828637930543
    },
    "40K": {
      "real_moments": {
        "mean": 625.4423234862386,
        "median": 666.06,
        "std": 325.77620030216633,
        "skew": -0.18433595382893606,
        "kurtosis": -1.210803726194395
      },
      "synth_moments": {
        "mean": 609.0322533893074,
        "median": 626.7309349280603,
        "std": 320.284090814873,
        "skew": -0.0957563865822091,
        "kurtosis": -1.274085561654157
      },
      "KS_stat": 0.07339449541284404,
      "KS_p": 0.9325712647984811,
      "Wasserstein": 29.873661443284423,
      "JSD": 0.010472256690001352,
      "overlap_area": 0.9621162188596636
    },
    "Raeq": {
      "real_moments": {
        "mean": 220.80948743119262,
        "median": 193.66001,
        "std": 141.24695669027093,
        "skew": 4.496849695288913,
        "kurtosis": 29.952848462778505
      },
      "synth_moments": {
        "mean": 214.30963209435146,
        "median": 200.1724410377984,
        "std": 97.09068708344824,
        "skew": 2.4778614410221453,
        "kurtosis": 10.8600852795938
      },
      "KS_stat": 0.09174311926605505,
      "KS_p": 0.7511370048916558,
      "Wasserstein": 16.223682365361213,
      "JSD": 0.04714556135919144,
      "overlap_area": 0.9352411417018102
    },
    "Theq": {
      "real_moments": {
        "mean": 155.1863267889908,
        "median": 136.56014,
        "std": 98.90341948182714,
        "skew": 4.479289412980269,
        "kurtosis": 29.79276992766934
      },
      "synth_moments": {
        "mean": 151.6691657686823,
        "median": 144.83096903710015,
        "std": 67.8955594129368,
        "skew": 2.370831882694679,
        "kurtosis": 10.228811556702093
      },
      "KS_stat": 0.09174311926605505,
      "KS_p": 0.7511370048916558,
      "Wasserstein": 11.48663326710023,
      "JSD": 0.04923371581338492,
      "overlap_area": 0.9381080164223424
    },
    "Keq": {
      "real_moments": {
        "mean": 2651.9736386238537,
        "median": 2228.3676,
        "std": 1811.0429350912407,
        "skew": 5.008102937890224,
        "kurtosis": 33.882309184918405
      },
      "synth_moments": {
        "mean": 2583.4012672229333,
        "median": 2309.5856837258884,
        "std": 1237.9106006277148,
        "skew": 3.4357969547455647,
        "kurtosis": 16.816470066702554
      },
      "KS_stat": 0.11009174311926606,
      "KS_p": 0.525558691909033,
      "Wasserstein": 223.21764755558482,
      "JSD": 0.1073761376426733,
      "overlap_area": 0.9265855698699903
    },
    "IG": {
      "real_moments": {
        "mean": 0.7999194495412842,
        "median": 0.72877,
        "std": 0.4950253455180348,
        "skew": 4.324005521258932,
        "kurtosis": 28.49755443867455
      },
      "synth_moments": {
        "mean": 0.7898631904716916,
        "median": 0.752220516596,
        "std": 0.3668157275315405,
        "skew": 2.628827339682142,
        "kurtosis": 12.283979440560506
      },
      "KS_stat": 0.10091743119266056,
      "KS_p": 0.6379083904221879,
      "Wasserstein": 0.051478974553214644,
      "JSD": 0.03869745369675352,
      "overlap_area": 0.9383883384486693
    },
    "IA": {
      "real_moments": {
        "mean": 0.3748992660550459,
        "median": 0.35718,
        "std": 0.22028081674815472,
        "skew": 1.583885893541485,
        "kurtosis": 4.364752856144418
      },
      "synth_moments": {
        "mean": 0.3764371242515523,
        "median": 0.3727771473616,
        "std": 0.19763728209480344,
        "skew": 1.5185990262950322,
        "kurtosis": 4.348345099132679
      },
      "KS_stat": 0.07339449541284404,
      "KS_p": 0.9325712647984811,
      "Wasserstein": 0.019031603336058706,
      "JSD": 0.03342426151418124,
      "overlap_area": 0.9622780466528141
    },
    "IB": {
      "real_moments": {
        "mean": 0.7059155963302752,
        "median": 0.63475,
        "std": 0.42144292108674913,
        "skew": 4.011764769362035,
        "kurtosis": 25.03382413044252
      },
      "synth_moments": {
        "mean": 0.6992263435299632,
        "median": 0.6531791660999999,
        "std": 0.32043862930951716,
        "skew": 2.697281854892317,
        "kurtosis": 12.64210298840565
      },
      "KS_stat": 0.11009174311926606,
      "KS_p": 0.525558691909033,
      "Wasserstein": 0.04373163674523306,
      "JSD": 0.0507941357836495,
      "overlap_area": 0.9340241694941313
    }
  },
  "corr_similarity": {
    "corrcoef": 0.8043237409142187,
    "frob": 1.6658321227449342,
    "macd": 0.12925428198409453
  },
  "pca_overlap": {
    "overlap_frac": 0.981651376146789,
    "pca": "PCA(n_components=3)",
    "explained_variance": "[0.73191887 0.11128274 0.09895696]"
  },
  "MMD2": -0.0005624887908004528,
  "SlicedWasserstein": 60.855285092524916,
  "EnergyDistance": 15.008419128562537,
  "gmm_coverage_frac": 0.6666666666666666,
  "knn_coverage": {
    "median_kth": 184.1816695369382,
    "mean_kth": 409.7380598900432,
    "iqr_kth": 233.19301163467
  }
}