{
  "univariate": {
    "226Ra": {
      "real_moments": {
        "mean": 74.97977183486238,
        "median": 71.4369,
        "std": 44.05617270021668,
        "skew": 1.5838924892056216,
        "kurtosis": 4.364795720944686
      },
      "synth_moments": {
        "mean": 73.18700992525314,
        "median": 63.50363664745049,
        "std": 42.36058614841358,
        "skew": 1.054043242933861,
        "kurtosis": 0.6124193462035352
      },
      "KS_stat": 0.11009174311926606,
      "KS_p": 0.525558691909033,
      "Wasserstein": 8.478114738899178,
      "JSD": 0.060045929398338374,
      "overlap_area": 0.8681570110207911
    },
    "232Th": {
      "real_moments": {
        "mean": 68.3011589908257,
        "median": 54.70395,
        "std": 74.86799752698546,
        "skew": 5.899812333485469,
        "kurtosis": 45.73871141090729
      },
      "synth_moments": {
        "mean": 62.30006813219149,
        "median": 45.69466538470496,
        "std": 54.192265197859484,
        "skew": 1.432763940480747,
        "kurtosis": 1.8514394706206163
      },
      "KS_stat": 0.2018348623853211,
      "KS_p": 0.023350403672267723,
      "Wasserstein": 14.36100244636277,
      "JSD": 0.12649602508509844,
      "overlap_area": 0.9063435896979077
    },
    "40K": {
      "real_moments": {
        "mean": 625.4423234862386,
        "median": 666.06,
        "std": 325.77620030216633,
        "skew": -0.18433595382893606,
        "kurtosis": -1.210803726194395
      },
      "synth_moments": {
        "mean": 636.1348647500243,
        "median": 641.6571907423901,
        "std": 321.0287359046979,
        "skew": -0.12036598103056008,
        "kurtosis": -1.246488442427301
      },
      "KS_stat": 0.07339449541284404,
      "KS_p": 0.9325712647984811,
      "Wasserstein": 21.514913587930824,
      "JSD": 0.021100656370400154,
      "overlap_area": 0.9664268516674198
    },
    "Raeq": {
      "real_moments": {
        "mean": 220.80948743119262,
        "median": 193.66001,
        "std": 141.24695669027093,
        "skew": 4.496849695288913,
        "kurtosis": 29.952848462778505
      },
      "synth_moments": {
        "mean": 212.47150659096283,
        "median": 186.44312552013503,
        "std": 123.86371795402923,
        "skew": 0.887083553581273,
        "kurtosis": 0.13654690940778957
      },
      "KS_stat": 0.1651376146788991,
      "KS_p": 0.10235367370749972,
      "Wasserstein": 34.583724580308875,
      "JSD": 0.0969403246422419,
      "overlap_area": 0.8494756814392057
    },
    "Theq": {
      "real_moments": {
        "mean": 155.1863267889908,
        "median": 136.56014,
        "std": 98.90341948182714,
        "skew": 4.479289412980269,
        "kurtosis": 29.79276992766934
      },
      "synth_moments": {
        "mean": 153.94730663198922,
        "median": 122.49774668224497,
        "std": 110.34785586513411,
        "skew": 1.6619115497244834,
        "kurtosis": 3.211600878454731
      },
      "KS_stat": 0.21100917431192662,
      "KS_p": 0.015390050999714213,
      "Wasserstein": 29.93901949995113,
      "JSD": 0.13400221260608827,
      "overlap_area": 0.8316344196590105
    },
    "Keq": {
      "real_moments": {
        "mean": 2651.9736386238537,
        "median": 2228.3676,
        "std": 1811.0429350912407,
        "skew": 5.008102937890224,
        "kurtosis": 33.882309184918405
      },
      "synth_moments": {
        "mean": 2551.3837798228487,
        "median": 2254.244704598176,
        "std": 1551.2637851849327,
        "skew": 1.2640379811523728,
        "kurtosis": 1.7390115124220804
      },
      "KS_stat": 0.22935779816513763,
      "KS_p": 0.006312495965064706,
      "Wasserstein": 466.5625001675243,
      "JSD": 0.16434654290205064,
      "overlap_area": 0.8374125419701651
    },
    "IG": {
      "real_moments": {
        "mean": 0.7999194495412842,
        "median": 0.72877,
        "std": 0.4950253455180348,
        "skew": 4.324005521258932,
        "kurtosis": 28.49755443867455
      },
      "synth_moments": {
        "mean": 0.7538415788880557,
        "median": 0.639905689824,
        "std": 0.5035048554547705,
        "skew": 1.6922476394894181,
        "kurtosis": 3.3771311118985015
      },
      "KS_stat": 0.22935779816513763,
      "KS_p": 0.006312495965064706,
      "Wasserstein": 0.13363756916320066,
      "JSD": 0.08022104411091552,
      "overlap_area": 0.8454368444271342
    },
    "IA": {
      "real_moments": {
        "mean": 0.3748992660550459,
        "median": 0.35718,
        "std": 0.22028081674815472,
        "skew": 1.583885893541485,
        "kurtosis": 4.364752856144418
      },
      "synth_moments": {
        "mean": 0.3763221821567159,
        "median": 0.3360715257248,
        "std": 0.22843628850485984,
        "skew": 0.9153376878165616,
        "kurtosis": 0.4173590617719469
      },
      "KS_stat": 0.13761467889908258,
      "KS_p": 0.25410351783769675,
      "Wasserstein": 0.044404620190007724,
      "JSD": 0.0629053661080211,
      "overlap_area": 0.8549317451971079
    },
    "IB": {
      "real_moments": {
        "mean": 0.7059155963302752,
        "median": 0.63475,
        "std": 0.42144292108674913,
        "skew": 4.011764769362035,
        "kurtosis": 25.03382413044252
      },
      "synth_moments": {
        "mean": 0.6807696647776573,
        "median": 0.5621980335359998,
        "std": 0.4260457647492399,
        "skew": 1.0756512455128275,
        "kurtosis": 0.8048196744940084
      },
      "KS_stat": 0.1926605504587156,
      "KS_p": 0.034760165007268994,
      "Wasserstein": 0.12993365809143925,
      "JSD": 0.10610108904488605,
      "overlap_area": 0.8112621485530902
    }
  },
  "corr_similarity": {
    "corrcoef": 0.8924303439425212,
    "frob": 1.8379227066590296,
    "macd": 0.1690695034838373
  },
  "pca_overlap": {
    "overlap_frac": 0.963302752293578,
    "pca": "PCA(n_components=3)",
    "explained_variance": "[0.7024029  0.13419537 0.07745421]"
  },
  "MMD2": 0.024756210983844396,
  "SlicedWasserstein": 119.16194050295503,
  "EnergyDistance": 71.93446501958874,
  "gmm_coverage_frac": 0.6666666666666666,
  "knn_coverage": {
    "median_kth": 278.653844582067,
    "mean_kth": 436.7284175123039,
    "iqr_kth": 104.40552232187804
  }
}