{
  "univariate": {
    "226Ra": {
      "real_moments": {
        "mean": 74.97977183486238,
        "median": 71.4369,
        "std": 44.05617270021668,
        "skew": 1.5838924892056216,
        "kurtosis": 4.364795720944686
      },
      "synth_moments": {
        "mean": 72.60846572878208,
        "median": 73.8056862059352,
        "std": 41.934255916281444,
        "skew": 1.2667583654920116,
        "kurtosis": 2.5316437521153823
      },
      "KS_stat": 0.10091743119266056,
      "KS_p": 0.6379083904221879,
      "Wasserstein": 4.417047451579716,
      "JSD": 0.05058070343589453,
      "overlap_area": 0.9335640970820603
    },
    "232Th": {
      "real_moments": {
        "mean": 68.3011589908257,
        "median": 54.70395,
        "std": 74.86799752698546,
        "skew": 5.899812333485469,
        "kurtosis": 45.73871141090729
      },
      "synth_moments": {
        "mean": 65.03121128375781,
        "median": 50.02659484217399,
        "std": 57.51464450725098,
        "skew": 3.6789228420287863,
        "kurtosis": 17.179608087228033
      },
      "KS_stat": 0.10091743119266056,
      "KS_p": 0.6379083904221879,
      "Wasserstein": 9.279307333105077,
      "JSD": 0.10526742923346906,
      "overlap_area": 0.9376098421480012
    },
    "40K": {
      "real_moments": {
        "mean": 625.4423234862386,
        "median": 666.06,
        "std": 325.77620030216633,
        "skew": -0.18433595382893606,
        "kurtosis": -1.210803726194395
      },
      "synth_moments": {
        "mean": 605.9477668179568,
        "median": 603.9250872240847,
        "std": 310.5186112155225,
        "skew": -0.051954555688586875,
        "kurtosis": -1.2595604946044956
      },
      "KS_stat": 0.08256880733944955,
      "KS_p": 0.8537177036275024,
      "Wasserstein": 31.948569986611368,
      "JSD": 0.016959755978981354,
      "overlap_area": 0.9549114769031036
    },
    "Raeq": {
      "real_moments": {
        "mean": 220.80948743119262,
        "median": 193.66001,
        "std": 141.24695669027093,
        "skew": 4.496849695288913,
        "kurtosis": 29.952848462778505
      },
      "synth_moments": {
        "mean": 212.7332284843818,
        "median": 187.355906293089,
        "std": 118.4367452274679,
        "skew": 2.229670921976084,
        "kurtosis": 7.116606088838964
      },
      "KS_stat": 0.10091743119266056,
      "KS_p": 0.6379083904221879,
      "Wasserstein": 15.799368499083862,
      "JSD": 0.05409918572453762,
      "overlap_area": 0.9491571820224662
    },
    "Theq": {
      "real_moments": {
        "mean": 155.1863267889908,
        "median": 136.56014,
        "std": 98.90341948182714,
        "skew": 4.479289412980269,
        "kurtosis": 29.79276992766934
      },
      "synth_moments": {
        "mean": 148.6953259420801,
        "median": 132.41791899309496,
        "std": 80.83060584997948,
        "skew": 2.2884309110075374,
        "kurtosis": 7.456238053252472
      },
      "KS_stat": 0.08256880733944955,
      "KS_p": 0.8537177036275024,
      "Wasserstein": 11.496006352861055,
      "JSD": 0.044215997460396964,
      "overlap_area": 0.9477135350041186
    },
    "Keq": {
      "real_moments": {
        "mean": 2651.9736386238537,
        "median": 2228.3676,
        "std": 1811.0429350912407,
        "skew": 5.008102937890224,
        "kurtosis": 33.882309184918405
      },
      "synth_moments": {
        "mean": 2536.991108992211,
        "median": 2189.074143556617,
        "std": 1519.9136022878206,
        "skew": 3.096088031972692,
        "kurtosis": 12.229279752787537
      },
      "KS_stat": 0.11009174311926606,
      "KS_p": 0.525558691909033,
      "Wasserstein": 207.1752695839271,
      "JSD": 0.08718387637266385,
      "overlap_area": 0.9464480069064735
    },
    "IG": {
      "real_moments": {
        "mean": 0.7999194495412842,
        "median": 0.72877,
        "std": 0.4950253455180348,
        "skew": 4.324005521258932,
        "kurtosis": 28.49755443867455
      },
      "synth_moments": {
        "mean": 0.7753671572999064,
        "median": 0.6908626427552605,
        "std": 0.4406004497132887,
        "skew": 2.6830584114974294,
        "kurtosis": 9.818844418959985
      },
      "KS_stat": 0.09174311926605505,
      "KS_p": 0.7511370048916558,
      "Wasserstein": 0.06078769329417865,
      "JSD": 0.05154236963006037,
      "overlap_area": 0.9414942823035581
    },
    "IA": {
      "real_moments": {
        "mean": 0.3748992660550459,
        "median": 0.35718,
        "std": 0.22028081674815472,
        "skew": 1.583885893541485,
        "kurtosis": 4.364752856144418
      },
      "synth_moments": {
        "mean": 0.36952662224112126,
        "median": 0.3800739766866565,
        "std": 0.22091279130830363,
        "skew": 1.5900225815682743,
        "kurtosis": 3.8415889664614644
      },
      "KS_stat": 0.07339449541284404,
      "KS_p": 0.9325712647984811,
      "Wasserstein": 0.02488803047303737,
      "JSD": 0.05929004487400282,
      "overlap_area": 0.9261572745666239
    },
    "IB": {
      "real_moments": {
        "mean": 0.7059155963302752,
        "median": 0.63475,
        "std": 0.42144292108674913,
        "skew": 4.011764769362035,
        "kurtosis": 25.03382413044252
      },
      "synth_moments": {
        "mean": 0.6898633510917773,
        "median": 0.6276551665496963,
        "std": 0.3895986990712013,
        "skew": 2.592663498019989,
        "kurtosis": 9.143804822164697
      },
      "KS_stat": 0.09174311926605505,
      "KS_p": 0.7511370048916558,
      "Wasserstein": 0.05071132351949976,
      "JSD": 0.03914771496497638,
      "overlap_area": 0.9459699839606095
    }
  },
  "corr_similarity": {
    "corrcoef": 0.874688482693239,
    "frob": 1.3877063359197301,
    "macd": 0.10963073374871805
  },
  "pca_overlap": {
    "overlap_frac": 0.963302752293578,
    "pca": "PCA(n_components=3)",
    "explained_variance": "[0.74705464 0.11143507 0.08797983]"
  },
  "MMD2": -0.00495138054401445,
  "SlicedWasserstein": 57.90573370370712,
  "EnergyDistance": 13.131824675564758,
  "gmm_coverage_frac": 0.6666666666666666,
  "knn_coverage": {
    "median_kth": 184.24227314257655,
    "mean_kth": 408.02324649832167,
    "iqr_kth": 144.00743536980974
  }
}