{
  "univariate": {
    "226Ra": {
      "real_moments": {
        "mean": 74.97977183486238,
        "median": 71.4369,
        "std": 44.05617270021668,
        "skew": 1.5838924892056216,
        "kurtosis": 4.364795720944686
      },
      "synth_moments": {
        "mean": 74.2743830101804,
        "median": 69.83217337042943,
        "std": 41.512151731454075,
        "skew": 0.9883282685386073,
        "kurtosis": 1.4375646958712132
      },
      "KS_stat": 0.06422018348623854,
      "KS_p": 0.9791203051957483,
      "Wasserstein": 4.374254579021758,
      "JSD": 0.042185889778719315,
      "overlap_area": 0.9326183722281719
    },
    "232Th": {
      "real_moments": {
        "mean": 68.3011589908257,
        "median": 54.70395,
        "std": 74.86799752698546,
        "skew": 5.899812333485469,
        "kurtosis": 45.73871141090729
      },
      "synth_moments": {
        "mean": 65.31831933637001,
        "median": 57.779068795236746,
        "std": 42.074441751717714,
        "skew": 1.4836001715089102,
        "kurtosis": 3.238044773868266
      },
      "KS_stat": 0.10091743119266056,
      "KS_p": 0.6379083904221879,
      "Wasserstein": 9.335788225097213,
      "JSD": 0.05620072436212605,
      "overlap_area": 0.9403447472711612
    },
    "40K": {
      "real_moments": {
        "mean": 625.4423234862386,
        "median": 666.06,
        "std": 325.77620030216633,
        "skew": -0.18433595382893606,
        "kurtosis": -1.210803726194395
      },
      "synth_moments": {
        "mean": 653.3172134390632,
        "median": 710.8346706382664,
        "std": 310.2768829264795,
        "skew": -0.29374747993639594,
        "kurtosis": -1.0073911136712324
      },
      "KS_stat": 0.08256880733944955,
      "KS_p": 0.8537177036275024,
      "Wasserstein": 31.015691267707382,
      "JSD": 0.009162976198774712,
      "overlap_area": 0.9502648476084677
    },
    "Raeq": {
      "real_moments": {
        "mean": 220.80948743119262,
        "median": 193.66001,
        "std": 141.24695669027093,
        "skew": 4.496849695288913,
        "kurtosis": 29.952848462778505
      },
      "synth_moments": {
        "mean": 225.95675750164153,
        "median": 212.0286814683732,
        "std": 148.81654161084876,
        "skew": 3.8247127582864104,
        "kurtosis": 21.042807271920687
      },
      "KS_stat": 0.08256880733944955,
      "KS_p": 0.8537177036275024,
      "Wasserstein": 13.914329424345315,
      "JSD": 0.049917978065112605,
      "overlap_area": 0.9409969478364686
    },
    "Theq": {
      "real_moments": {
        "mean": 155.1863267889908,
        "median": 136.56014,
        "std": 98.90341948182714,
        "skew": 4.479289412980269,
        "kurtosis": 29.79276992766934
      },
      "synth_moments": {
        "mean": 158.36141024341265,
        "median": 149.11089682309134,
        "std": 103.26308193032992,
        "skew": 3.799684718130236,
        "kurtosis": 21.008742516844595
      },
      "KS_stat": 0.08256880733944955,
      "KS_p": 0.8537177036275024,
      "Wasserstein": 9.593349360756864,
      "JSD": 0.047670815590056106,
      "overlap_area": 0.9406951945218215
    },
    "Keq": {
      "real_moments": {
        "mean": 2651.9736386238537,
        "median": 2228.3676,
        "std": 1811.0429350912407,
        "skew": 5.008102937890224,
        "kurtosis": 33.882309184918405
      },
      "synth_moments": {
        "mean": 2623.8297625716173,
        "median": 2251.912110814975,
        "std": 1741.966399456515,
        "skew": 4.4625134809792755,
        "kurtosis": 27.270562788845716
      },
      "KS_stat": 0.08256880733944955,
      "KS_p": 0.8537177036275024,
      "Wasserstein": 128.9454591869366,
      "JSD": 0.0629224601632062,
      "overlap_area": 0.9525539026813608
    },
    "IG": {
      "real_moments": {
        "mean": 0.7999194495412842,
        "median": 0.72877,
        "std": 0.4950253455180348,
        "skew": 4.324005521258932,
        "kurtosis": 28.49755443867455
      },
      "synth_moments": {
        "mean": 0.8256115145855543,
        "median": 0.7845841920634152,
        "std": 0.5083036345244251,
        "skew": 3.6028340201235682,
        "kurtosis": 19.83715085346757
      },
      "KS_stat": 0.08256880733944955,
      "KS_p": 0.8537177036275024,
      "Wasserstein": 0.053571767255300856,
      "JSD": 0.0528556487142675,
      "overlap_area": 0.930571458497238
    },
    "IA": {
      "real_moments": {
        "mean": 0.3748992660550459,
        "median": 0.35718,
        "std": 0.22028081674815472,
        "skew": 1.583885893541485,
        "kurtosis": 4.364752856144418
      },
      "synth_moments": {
        "mean": 0.3748685690120995,
        "median": 0.3467815323068897,
        "std": 0.22596303482858454,
        "skew": 1.6817069496711712,
        "kurtosis": 4.489471450738711
      },
      "KS_stat": 0.05504587155963303,
      "KS_p": 0.9967758992890015,
      "Wasserstein": 0.015214194238904652,
      "JSD": 0.03734290065639832,
      "overlap_area": 0.9518502930757023
    },
    "IB": {
      "real_moments": {
        "mean": 0.7059155963302752,
        "median": 0.63475,
        "std": 0.42144292108674913,
        "skew": 4.011764769362035,
        "kurtosis": 25.03382413044252
      },
      "synth_moments": {
        "mean": 0.7175457806824971,
        "median": 0.6910439538831625,
        "std": 0.4306495545762,
        "skew": 3.4803720640530176,
        "kurtosis": 18.737098246540093
      },
      "KS_stat": 0.07339449541284404,
      "KS_p": 0.9325712647984811,
      "Wasserstein": 0.04238169594200859,
      "JSD": 0.04736742858621728,
      "overlap_area": 0.9359438352992351
    }
  },
  "corr_similarity": {
    "corrcoef": 0.8448276483132353,
    "frob": 1.5105163057664932,
    "macd": 0.11197178682858973
  },
  "pca_overlap": {
    "overlap_frac": 0.981651376146789,
    "pca": "PCA(n_components=3)",
    "explained_variance": "[0.72764119 0.1104577  0.0953478 ]"
  },
  "MMD2": -0.004592362975696096,
  "SlicedWasserstein": 42.44009628751838,
  "EnergyDistance": 9.765141992844065,
  "gmm_coverage_frac": 0.6666666666666666,
  "knn_coverage": {
    "median_kth": 186.4254112331065,
    "mean_kth": 383.2229223420855,
    "iqr_kth": 161.50906692597704
  }
}