{
  "univariate": {
    "226Ra": {
      "real_moments": {
        "mean": 74.97977183486238,
        "median": 71.4369,
        "std": 44.05617270021668,
        "skew": 1.5838924892056216,
        "kurtosis": 4.364795720944686
      },
      "synth_moments": {
        "mean": 74.62479496805496,
        "median": 73.34156813658899,
        "std": 45.89680800036294,
        "skew": 1.388487157521939,
        "kurtosis": 3.366581678496651
      },
      "KS_stat": 0.09174311926605505,
      "KS_p": 0.7511370048916558,
      "Wasserstein": 3.826126344344756,
      "JSD": 0.02694418173424211,
      "overlap_area": 0.9392302922941064
    },
    "232Th": {
      "real_moments": {
        "mean": 68.3011589908257,
        "median": 54.70395,
        "std": 74.86799752698546,
        "skew": 5.899812333485469,
        "kurtosis": 45.73871141090729
      },
      "synth_moments": {
        "mean": 67.75488145490624,
        "median": 52.25634008545497,
        "std": 72.14339642195598,
        "skew": 4.42728787488824,
        "kurtosis": 26.263835982782496
      },
      "KS_stat": 0.08256880733944955,
      "KS_p": 0.8537177036275024,
      "Wasserstein": 5.512557470063869,
      "JSD": 0.03527848968209954,
      "overlap_area": 0.9618089120233559
    },
    "40K": {
      "real_moments": {
        "mean": 625.4423234862386,
        "median": 666.06,
        "std": 325.77620030216633,
        "skew": -0.18433595382893606,
        "kurtosis": -1.210803726194395
      },
      "synth_moments": {
        "mean": 633.7510469313986,
        "median": 672.6058247070065,
        "std": 331.43219769752494,
        "skew": -0.1701350514542299,
        "kurtosis": -1.2521403508478919
      },
      "KS_stat": 0.06422018348623854,
      "KS_p": 0.9791203051957483,
      "Wasserstein": 21.0602477612827,
      "JSD": 0.019607739963485808,
      "overlap_area": 0.9810245202181583
    },
    "Raeq": {
      "real_moments": {
        "mean": 220.80948743119262,
        "median": 193.66001,
        "std": 141.24695669027093,
        "skew": 4.496849695288913,
        "kurtosis": 29.952848462778505
      },
      "synth_moments": {
        "mean": 217.3772622024879,
        "median": 181.18161807705,
        "std": 139.02776859388888,
        "skew": 3.354234621323848,
        "kurtosis": 16.890858278371987
      },
      "KS_stat": 0.09174311926605505,
      "KS_p": 0.7511370048916558,
      "Wasserstein": 12.711454923238636,
      "JSD": 0.040946193463330095,
      "overlap_area": 0.9512793929309369
    },
    "Theq": {
      "real_moments": {
        "mean": 155.1863267889908,
        "median": 136.56014,
        "std": 98.90341948182714,
        "skew": 4.479289412980269,
        "kurtosis": 29.79276992766934
      },
      "synth_moments": {
        "mean": 151.12621884453276,
        "median": 123.72367318530074,
        "std": 97.14896424637251,
        "skew": 3.2592544567885504,
        "kurtosis": 16.332882705916663
      },
      "KS_stat": 0.11009174311926606,
      "KS_p": 0.525558691909033,
      "Wasserstein": 10.37621719169073,
      "JSD": 0.05936523125605025,
      "overlap_area": 0.9363409641509716
    },
    "Keq": {
      "real_moments": {
        "mean": 2651.9736386238537,
        "median": 2228.3676,
        "std": 1811.0429350912407,
        "skew": 5.008102937890224,
        "kurtosis": 33.882309184918405
      },
      "synth_moments": {
        "mean": 2600.6645791294022,
        "median": 2119.997071116076,
        "std": 1796.5434950764825,
        "skew": 3.736144239396469,
        "kurtosis": 18.868076698867963
      },
      "KS_stat": 0.12844036697247707,
      "KS_p": 0.3308699616789528,
      "Wasserstein": 178.8596713267553,
      "JSD": 0.09497902884799117,
      "overlap_area": 0.9336252620256831
    },
    "IG": {
      "real_moments": {
        "mean": 0.7999194495412842,
        "median": 0.72877,
        "std": 0.4950253455180348,
        "skew": 4.324005521258932,
        "kurtosis": 28.49755443867455
      },
      "synth_moments": {
        "mean": 0.7881214512082372,
        "median": 0.64957607145,
        "std": 0.48537532412184453,
        "skew": 3.057319108544492,
        "kurtosis": 14.726801674536315
      },
      "KS_stat": 0.09174311926605505,
      "KS_p": 0.7511370048916558,
      "Wasserstein": 0.04975609860086491,
      "JSD": 0.04748078637696647,
      "overlap_area": 0.944992659250251
    },
    "IA": {
      "real_moments": {
        "mean": 0.3748992660550459,
        "median": 0.35718,
        "std": 0.22028081674815472,
        "skew": 1.583885893541485,
        "kurtosis": 4.364752856144418
      },
      "synth_moments": {
        "mean": 0.37111225555558164,
        "median": 0.362155274088,
        "std": 0.22844916422194533,
        "skew": 1.420358087444798,
        "kurtosis": 3.50252163444749
      },
      "KS_stat": 0.09174311926605505,
      "KS_p": 0.7511370048916558,
      "Wasserstein": 0.01809032544350827,
      "JSD": 0.027170740643218047,
      "overlap_area": 0.9434543172950937
    },
    "IB": {
      "real_moments": {
        "mean": 0.7059155963302752,
        "median": 0.63475,
        "std": 0.42144292108674913,
        "skew": 4.011764769362035,
        "kurtosis": 25.03382413044252
      },
      "synth_moments": {
        "mean": 0.6936733681131136,
        "median": 0.5796253850369998,
        "std": 0.4227014948907347,
        "skew": 2.9536207674868282,
        "kurtosis": 13.585659814741234
      },
      "KS_stat": 0.09174311926605505,
      "KS_p": 0.7511370048916558,
      "Wasserstein": 0.04483859109360552,
      "JSD": 0.051020226074127074,
      "overlap_area": 0.9381704160921986
    }
  },
  "corr_similarity": {
    "corrcoef": 0.9911737982529879,
    "frob": 0.42997597917227665,
    "macd": 0.028665413710215505
  },
  "pca_overlap": {
    "overlap_frac": 0.9724770642201835,
    "pca": "PCA(n_components=3)",
    "explained_variance": "[0.79890218 0.12505816 0.07382972]"
  },
  "MMD2": -0.002002667540748515,
  "SlicedWasserstein": 48.65259670181465,
  "EnergyDistance": 15.36599167390159,
  "gmm_coverage_frac": 0.6666666666666666,
  "knn_coverage": {
    "median_kth": 199.3259975640351,
    "mean_kth": 374.32977275294286,
    "iqr_kth": 141.42015124124927
  }
}