{
  "univariate": {
    "226Ra": {
      "real_moments": {
        "mean": 74.97977183486238,
        "median": 71.4369,
        "std": 44.05617270021668,
        "skew": 1.5838924892056216,
        "kurtosis": 4.364795720944686
      },
      "synth_moments": {
        "mean": 74.20212682802256,
        "median": 70.10373352235568,
        "std": 35.4692777870691,
        "skew": 0.8192485561561993,
        "kurtosis": 1.5190870862377155
      },
      "KS_stat": 0.08256880733944955,
      "KS_p": 0.8537177036275024,
      "Wasserstein": 5.743500520150545,
      "JSD": 0.07400173944231458,
      "overlap_area": 0.9414442205961046
    },
    "232Th": {
      "real_moments": {
        "mean": 68.3011589908257,
        "median": 54.70395,
        "std": 74.86799752698546,
        "skew": 5.899812333485469,
        "kurtosis": 45.73871141090729
      },
      "synth_moments": {
        "mean": 60.94237094345451,
        "median": 51.089622494209614,
        "std": 40.80658062277172,
        "skew": 1.6650533187373366,
        "kurtosis": 3.8764490709371913
      },
      "KS_stat": 0.07339449541284404,
      "KS_p": 0.9325712647984811,
      "Wasserstein": 8.446234145591891,
      "JSD": 0.0349584481128104,
      "overlap_area": 0.9748109059629988
    },
    "40K": {
      "real_moments": {
        "mean": 625.4423234862386,
        "median": 666.06,
        "std": 325.77620030216633,
        "skew": -0.18433595382893606,
        "kurtosis": -1.210803726194395
      },
      "synth_moments": {
        "mean": 632.9350785441318,
        "median": 664.9233329447709,
        "std": 318.3471259675976,
        "skew": -0.1689285846141954,
        "kurtosis": -1.171791580254431
      },
      "KS_stat": 0.06422018348623854,
      "KS_p": 0.9791203051957483,
      "Wasserstein": 24.911096183919938,
      "JSD": 0.031093214285174857,
      "overlap_area": 0.9597896580574616
    },
    "Raeq": {
      "real_moments": {
        "mean": 220.80948743119262,
        "median": 193.66001,
        "std": 141.24695669027093,
        "skew": 4.496849695288913,
        "kurtosis": 29.952848462778505
      },
      "synth_moments": {
        "mean": 207.85609683242157,
        "median": 198.78495986727413,
        "std": 87.94834749436706,
        "skew": 1.0961003855752254,
        "kurtosis": 2.570234504771899
      },
      "KS_stat": 0.07339449541284404,
      "KS_p": 0.9325712647984811,
      "Wasserstein": 16.671519065715287,
      "JSD": 0.03644321181015156,
      "overlap_area": 0.9557600904881397
    },
    "Theq": {
      "real_moments": {
        "mean": 155.1863267889908,
        "median": 136.56014,
        "std": 98.90341948182714,
        "skew": 4.479289412980269,
        "kurtosis": 29.79276992766934
      },
      "synth_moments": {
        "mean": 145.51473661636373,
        "median": 138.75316004452773,
        "std": 61.69751131410859,
        "skew": 1.1072266525979195,
        "kurtosis": 2.6867430176682507
      },
      "KS_stat": 0.06422018348623854,
      "KS_p": 0.9791203051957483,
      "Wasserstein": 11.84516980311952,
      "JSD": 0.038657123460887746,
      "overlap_area": 0.9587112082297012
    },
    "Keq": {
      "real_moments": {
        "mean": 2651.9736386238537,
        "median": 2228.3676,
        "std": 1811.0429350912407,
        "skew": 5.008102937890224,
        "kurtosis": 33.882309184918405
      },
      "synth_moments": {
        "mean": 2433.2512880952067,
        "median": 2242.5955779498468,
        "std": 1017.7015901109093,
        "skew": 1.7822753778605513,
        "kurtosis": 5.7483826941375185
      },
      "KS_stat": 0.06422018348623854,
      "KS_p": 0.9791203051957483,
      "Wasserstein": 246.03931175684693,
      "JSD": 0.08005952831374542,
      "overlap_area": 0.9588588237664558
    },
    "IG": {
      "real_moments": {
        "mean": 0.7999194495412842,
        "median": 0.72877,
        "std": 0.4950253455180348,
        "skew": 4.324005521258932,
        "kurtosis": 28.49755443867455
      },
      "synth_moments": {
        "mean": 0.7620846234772864,
        "median": 0.7294011525912102,
        "std": 0.32007719316396555,
        "skew": 1.0688108462964365,
        "kurtosis": 2.4313275711097475
      },
      "KS_stat": 0.06422018348623854,
      "KS_p": 0.9791203051957483,
      "Wasserstein": 0.0521537475225113,
      "JSD": 0.040179464660329386,
      "overlap_area": 0.9618585164608977
    },
    "IA": {
      "real_moments": {
        "mean": 0.3748992660550459,
        "median": 0.35718,
        "std": 0.22028081674815472,
        "skew": 1.583885893541485,
        "kurtosis": 4.364752856144418
      },
      "synth_moments": {
        "mean": 0.37429080072275417,
        "median": 0.3632127269244184,
        "std": 0.18175068042790377,
        "skew": 0.9598462369205683,
        "kurtosis": 2.1080572813225595
      },
      "KS_stat": 0.08256880733944955,
      "KS_p": 0.8537177036275024,
      "Wasserstein": 0.02749264676234654,
      "JSD": 0.05943668015174904,
      "overlap_area": 0.9420655269583691
    },
    "IB": {
      "real_moments": {
        "mean": 0.7059155963302752,
        "median": 0.63475,
        "std": 0.42144292108674913,
        "skew": 4.011764769362035,
        "kurtosis": 25.03382413044252
      },
      "synth_moments": {
        "mean": 0.6731581513110703,
        "median": 0.6471755925237057,
        "std": 0.2798828583271501,
        "skew": 1.0630871553903862,
        "kurtosis": 2.447028376838693
      },
      "KS_stat": 0.05504587155963303,
      "KS_p": 0.9967758992890015,
      "Wasserstein": 0.04412632106064998,
      "JSD": 0.031282425005900324,
      "overlap_area": 0.9600102534909317
    }
  },
  "corr_similarity": {
    "corrcoef": 0.7299213942595352,
    "frob": 1.9342678139717424,
    "macd": 0.15608923464013089
  },
  "pca_overlap": {
    "overlap_frac": 0.9908256880733946,
    "pca": "PCA(n_components=3)",
    "explained_variance": "[0.72801188 0.11444511 0.10163822]"
  },
  "MMD2": -0.006655530601292314,
  "SlicedWasserstein": 68.81875906071467,
  "EnergyDistance": 13.10628339917912,
  "gmm_coverage_frac": 0.6666666666666666,
  "knn_coverage": {
    "median_kth": 178.78418177690915,
    "mean_kth": 413.4304891934917,
    "iqr_kth": 161.42943133230597
  }
}