{
  "univariate": {
    "226Ra": {
      "real_moments": {
        "mean": 74.97977183486238,
        "median": 71.4369,
        "std": 44.05617270021668,
        "skew": 1.5838924892056216,
        "kurtosis": 4.364795720944686
      },
      "synth_moments": {
        "mean": 75.69108396006621,
        "median": 76.07288740545681,
        "std": 43.85795427521777,
        "skew": 1.5428275091775714,
        "kurtosis": 3.587048594964614
      },
      "KS_stat": 0.05504587155963303,
      "KS_p": 0.9967758992890015,
      "Wasserstein": 3.1577605413341208,
      "JSD": 0.03119346236666551,
      "overlap_area": 0.96692638710306
    },
    "232Th": {
      "real_moments": {
        "mean": 68.3011589908257,
        "median": 54.70395,
        "std": 74.86799752698546,
        "skew": 5.899812333485469,
        "kurtosis": 45.73871141090729
      },
      "synth_moments": {
        "mean": 69.87930574582055,
        "median": 55.983424320229794,
        "std": 55.96210696196495,
        "skew": 2.6602514546945617,
        "kurtosis": 10.324893605581968
      },
      "KS_stat": 0.07339449541284404,
      "KS_p": 0.9325712647984811,
      "Wasserstein": 7.877729921060496,
      "JSD": 0.05732156608117281,
      "overlap_area": 0.9521409430758181
    },
    "40K": {
      "real_moments": {
        "mean": 625.4423234862386,
        "median": 666.06,
        "std": 325.77620030216633,
        "skew": -0.18433595382893606,
        "kurtosis": -1.210803726194395
      },
      "synth_moments": {
        "mean": 643.6407774875642,
        "median": 709.00445815232,
        "std": 301.52200891964003,
        "skew": -0.4232039837814793,
        "kurtosis": -1.0354112721070947
      },
      "KS_stat": 0.09174311926605505,
      "KS_p": 0.7511370048916558,
      "Wasserstein": 38.6354296723399,
      "JSD": 0.01925072787129163,
      "overlap_area": 0.9398959534750062
    },
    "Raeq": {
      "real_moments": {
        "mean": 220.80948743119262,
        "median": 193.66001,
        "std": 141.24695669027093,
        "skew": 4.496849695288913,
        "kurtosis": 29.952848462778505
      },
      "synth_moments": {
        "mean": 228.6073790944298,
        "median": 208.76036504534963,
        "std": 120.31908900136318,
        "skew": 2.19952077375209,
        "kurtosis": 7.173635876679928
      },
      "KS_stat": 0.10091743119266056,
      "KS_p": 0.6379083904221879,
      "Wasserstein": 18.658242400067813,
      "JSD": 0.04464623659104571,
      "overlap_area": 0.945051489424793
    },
    "Theq": {
      "real_moments": {
        "mean": 155.1863267889908,
        "median": 136.56014,
        "std": 98.90341948182714,
        "skew": 4.479289412980269,
        "kurtosis": 29.79276992766934
      },
      "synth_moments": {
        "mean": 158.56138141578256,
        "median": 143.7949350774044,
        "std": 84.34628625600858,
        "skew": 2.2090080415579068,
        "kurtosis": 7.1732062372689835
      },
      "KS_stat": 0.08256880733944955,
      "KS_p": 0.8537177036275024,
      "Wasserstein": 11.498380853185042,
      "JSD": 0.03744869898501524,
      "overlap_area": 0.9543738746444331
    },
    "Keq": {
      "real_moments": {
        "mean": 2651.9736386238537,
        "median": 2228.3676,
        "std": 1811.0429350912407,
        "skew": 5.008102937890224,
        "kurtosis": 33.882309184918405
      },
      "synth_moments": {
        "mean": 2722.973937878449,
        "median": 2266.6225761754336,
        "std": 1539.6474679495625,
        "skew": 2.5913417782942063,
        "kurtosis": 8.190437133397133
      },
      "KS_stat": 0.10091743119266056,
      "KS_p": 0.6379083904221879,
      "Wasserstein": 207.22053877036618,
      "JSD": 0.06246336289764545,
      "overlap_area": 0.9543650902740317
    },
    "IG": {
      "real_moments": {
        "mean": 0.7999194495412842,
        "median": 0.72877,
        "std": 0.4950253455180348,
        "skew": 4.324005521258932,
        "kurtosis": 28.49755443867455
      },
      "synth_moments": {
        "mean": 0.826974561103318,
        "median": 0.765197960514,
        "std": 0.4401144897844538,
        "skew": 2.297447706836713,
        "kurtosis": 7.907919260993252
      },
      "KS_stat": 0.08256880733944955,
      "KS_p": 0.8537177036275024,
      "Wasserstein": 0.062327136825561576,
      "JSD": 0.05302578467723412,
      "overlap_area": 0.9496682113439044
    },
    "IA": {
      "real_moments": {
        "mean": 0.3748992660550459,
        "median": 0.35718,
        "std": 0.22028081674815472,
        "skew": 1.583885893541485,
        "kurtosis": 4.364752856144418
      },
      "synth_moments": {
        "mean": 0.3830246860350209,
        "median": 0.380040854416,
        "std": 0.22709803634208464,
        "skew": 1.655328800166829,
        "kurtosis": 3.957979980204275
      },
      "KS_stat": 0.05504587155963303,
      "KS_p": 0.9967758992890015,
      "Wasserstein": 0.017089651132157085,
      "JSD": 0.023561832080070393,
      "overlap_area": 0.969520536305077
    },
    "IB": {
      "real_moments": {
        "mean": 0.7059155963302752,
        "median": 0.63475,
        "std": 0.42144292108674913,
        "skew": 4.011764769362035,
        "kurtosis": 25.03382413044252
      },
      "synth_moments": {
        "mean": 0.7352231996811169,
        "median": 0.683129430752,
        "std": 0.38001665735820644,
        "skew": 2.240408845883174,
        "kurtosis": 7.458386674011383
      },
      "KS_stat": 0.11009174311926606,
      "KS_p": 0.525558691909033,
      "Wasserstein": 0.05605116680160683,
      "JSD": 0.04612697123774927,
      "overlap_area": 0.9435403768969416
    }
  },
  "corr_similarity": {
    "corrcoef": 0.8636137903896598,
    "frob": 1.4610942756538403,
    "macd": 0.11533754671550432
  },
  "pca_overlap": {
    "overlap_frac": 0.963302752293578,
    "pca": "PCA(n_components=3)",
    "explained_variance": "[0.74757389 0.11102339 0.09092974]"
  },
  "MMD2": -0.006313226100399305,
  "SlicedWasserstein": 58.996140422511104,
  "EnergyDistance": 12.669574425634892,
  "gmm_coverage_frac": 0.6666666666666666,
  "knn_coverage": {
    "median_kth": 203.7359483363961,
    "mean_kth": 353.17274092873413,
    "iqr_kth": 137.08564200119798
  }
}