{
  "univariate": {
    "226Ra": {
      "real_moments": {
        "mean": 74.97977183486238,
        "median": 71.4369,
        "std": 44.05617270021668,
        "skew": 1.5838924892056216,
        "kurtosis": 4.364795720944686
      },
      "synth_moments": {
        "mean": 72.9670025370181,
        "median": 72.65731121428124,
        "std": 37.54404801767091,
        "skew": 1.679389169544717,
        "kurtosis": 5.4897838311417395
      },
      "KS_stat": 0.09174311926605505,
      "KS_p": 0.7511370048916558,
      "Wasserstein": 5.000466534123233,
      "JSD": 0.03612150182194878,
      "overlap_area": 0.9401171528968417
    },
    "232Th": {
      "real_moments": {
        "mean": 68.3011589908257,
        "median": 54.70395,
        "std": 74.86799752698546,
        "skew": 5.899812333485469,
        "kurtosis": 45.73871141090729
      },
      "synth_moments": {
        "mean": 62.92996740684976,
        "median": 49.831751507714976,
        "std": 49.68003074302555,
        "skew": 2.758669986787909,
        "kurtosis": 11.644825755397342
      },
      "KS_stat": 0.08256880733944955,
      "KS_p": 0.8537177036275024,
      "Wasserstein": 7.213455590363264,
      "JSD": 0.03864026289484557,
      "overlap_area": 0.9584006366739493
    },
    "40K": {
      "real_moments": {
        "mean": 625.4423234862386,
        "median": 666.06,
        "std": 325.77620030216633,
        "skew": -0.18433595382893606,
        "kurtosis": -1.210803726194395
      },
      "synth_moments": {
        "mean": 634.2236388202426,
        "median": 697.2043834447389,
        "std": 308.7541382900771,
        "skew": -0.21871177148590357,
        "kurtosis": -1.1416676038219589
      },
      "KS_stat": 0.07339449541284404,
      "KS_p": 0.9325712647984811,
      "Wasserstein": 32.275916431754425,
      "JSD": 0.023535235626183523,
      "overlap_area": 0.9587028995650727
    },
    "Raeq": {
      "real_moments": {
        "mean": 220.80948743119262,
        "median": 193.66001,
        "std": 141.24695669027093,
        "skew": 4.496849695288913,
        "kurtosis": 29.952848462778505
      },
      "synth_moments": {
        "mean": 210.31350047402265,
        "median": 184.9718701042668,
        "std": 103.5484002270535,
        "skew": 2.404420349238053,
        "kurtosis": 10.036236659893637
      },
      "KS_stat": 0.08256880733944955,
      "KS_p": 0.8537177036275024,
      "Wasserstein": 14.643678722914673,
      "JSD": 0.05513485143880975,
      "overlap_area": 0.9590038098083817
    },
    "Theq": {
      "real_moments": {
        "mean": 155.1863267889908,
        "median": 136.56014,
        "std": 98.90341948182714,
        "skew": 4.479289412980269,
        "kurtosis": 29.79276992766934
      },
      "synth_moments": {
        "mean": 149.13634900084028,
        "median": 132.64773692824122,
        "std": 72.98483209050563,
        "skew": 2.2986325075634597,
        "kurtosis": 9.3910949120434
      },
      "KS_stat": 0.06422018348623854,
      "KS_p": 0.9791203051957483,
      "Wasserstein": 9.382312597056686,
      "JSD": 0.05227624275772444,
      "overlap_area": 0.9646255718633441
    },
    "Keq": {
      "real_moments": {
        "mean": 2651.9736386238537,
        "median": 2228.3676,
        "std": 1811.0429350912407,
        "skew": 5.008102937890224,
        "kurtosis": 33.882309184918405
      },
      "synth_moments": {
        "mean": 2587.6572036091725,
        "median": 2379.73664373325,
        "std": 1322.9003146479272,
        "skew": 3.112209155553108,
        "kurtosis": 14.474575853121841
      },
      "KS_stat": 0.10091743119266056,
      "KS_p": 0.6379083904221879,
      "Wasserstein": 158.14992767528162,
      "JSD": 0.08571392187861389,
      "overlap_area": 0.9516589026837633
    },
    "IG": {
      "real_moments": {
        "mean": 0.7999194495412842,
        "median": 0.72877,
        "std": 0.4950253455180348,
        "skew": 4.324005521258932,
        "kurtosis": 28.49755443867455
      },
      "synth_moments": {
        "mean": 0.769522914639924,
        "median": 0.6988977598799999,
        "std": 0.37142124398222726,
        "skew": 2.1055303135179906,
        "kurtosis": 8.122224163891122
      },
      "KS_stat": 0.07339449541284404,
      "KS_p": 0.9325712647984811,
      "Wasserstein": 0.04586732452336397,
      "JSD": 0.03715587633417872,
      "overlap_area": 0.9650038715002104
    },
    "IA": {
      "real_moments": {
        "mean": 0.3748992660550459,
        "median": 0.35718,
        "std": 0.22028081674815472,
        "skew": 1.583885893541485,
        "kurtosis": 4.364752856144418
      },
      "synth_moments": {
        "mean": 0.36380255492475305,
        "median": 0.35323734108,
        "std": 0.1867705250857662,
        "skew": 1.7386085410907286,
        "kurtosis": 5.7471863662031595
      },
      "KS_stat": 0.09174311926605505,
      "KS_p": 0.7511370048916558,
      "Wasserstein": 0.026649000240472648,
      "JSD": 0.0374903771298221,
      "overlap_area": 0.9331904869258136
    },
    "IB": {
      "real_moments": {
        "mean": 0.7059155963302752,
        "median": 0.63475,
        "std": 0.42144292108674913,
        "skew": 4.011764769362035,
        "kurtosis": 25.03382413044252
      },
      "synth_moments": {
        "mean": 0.6833059971499893,
        "median": 0.6082914099909998,
        "std": 0.3250557300214579,
        "skew": 2.1241641594487874,
        "kurtosis": 8.141484136525667
      },
      "KS_stat": 0.09174311926605505,
      "KS_p": 0.7511370048916558,
      "Wasserstein": 0.040970875573061685,
      "JSD": 0.038475646874383235,
      "overlap_area": 0.9589957919262292
    }
  },
  "corr_similarity": {
    "corrcoef": 0.9971929915190668,
    "frob": 0.6220625758604721,
    "macd": 0.04556919058836833
  },
  "pca_overlap": {
    "overlap_frac": 0.9724770642201835,
    "pca": "PCA(n_components=3)",
    "explained_variance": "[0.79308484 0.12458677 0.07934359]"
  },
  "MMD2": -0.005762228485775678,
  "SlicedWasserstein": 47.55028392181476,
  "EnergyDistance": 8.134330558687452,
  "gmm_coverage_frac": 0.6666666666666666,
  "knn_coverage": {
    "median_kth": 201.85008438692458,
    "mean_kth": 412.47655518251287,
    "iqr_kth": 152.78603987381632
  }
}