{
  "univariate": {
    "226Ra": {
      "real_moments": {
        "mean": 74.97977183486238,
        "median": 71.4369,
        "std": 44.05617270021668,
        "skew": 1.5838924892056216,
        "kurtosis": 4.364795720944686
      },
      "synth_moments": {
        "mean": 76.4169653692934,
        "median": 72.01042321625256,
        "std": 40.72355930521622,
        "skew": 0.9778674828294904,
        "kurtosis": 1.583166194141354
      },
      "KS_stat": 0.07339449541284404,
      "KS_p": 0.9325712647984811,
      "Wasserstein": 4.263337546877572,
      "JSD": 0.037446913206870186,
      "overlap_area": 0.9512189579018685
    },
    "232Th": {
      "real_moments": {
        "mean": 68.3011589908257,
        "median": 54.70395,
        "std": 74.86799752698546,
        "skew": 5.899812333485469,
        "kurtosis": 45.73871141090729
      },
      "synth_moments": {
        "mean": 63.29305627090751,
        "median": 51.6725615931692,
        "std": 46.080534835272985,
        "skew": 2.3937483658930883,
        "kurtosis": 9.191098421387755
      },
      "KS_stat": 0.06422018348623854,
      "KS_p": 0.9791203051957483,
      "Wasserstein": 7.235334465201261,
      "JSD": 0.047262096593436234,
      "overlap_area": 0.9644120333145997
    },
    "40K": {
      "real_moments": {
        "mean": 625.4423234862386,
        "median": 666.06,
        "std": 325.77620030216633,
        "skew": -0.18433595382893606,
        "kurtosis": -1.210803726194395
      },
      "synth_moments": {
        "mean": 628.903944328841,
        "median": 710.9897757439429,
        "std": 324.3044818205677,
        "skew": -0.31612431121186785,
        "kurtosis": -1.1997324631928135
      },
      "KS_stat": 0.07339449541284404,
      "KS_p": 0.9325712647984811,
      "Wasserstein": 21.59461758751861,
      "JSD": 0.00946286852300451,
      "overlap_area": 0.9578685440835085
    },
    "Raeq": {
      "real_moments": {
        "mean": 220.80948743119262,
        "median": 193.66001,
        "std": 141.24695669027093,
        "skew": 4.496849695288913,
        "kurtosis": 29.952848462778505
      },
      "synth_moments": {
        "mean": 224.13965745033363,
        "median": 210.8414146488385,
        "std": 146.92148322429912,
        "skew": 4.082305773270332,
        "kurtosis": 24.55786081290597
      },
      "KS_stat": 0.07339449541284404,
      "KS_p": 0.9325712647984811,
      "Wasserstein": 11.446725070090443,
      "JSD": 0.030778267447694296,
      "overlap_area": 0.9454422053932897
    },
    "Theq": {
      "real_moments": {
        "mean": 155.1863267889908,
        "median": 136.56014,
        "std": 98.90341948182714,
        "skew": 4.479289412980269,
        "kurtosis": 29.79276992766934
      },
      "synth_moments": {
        "mean": 157.11892968859343,
        "median": 150.6475918607337,
        "std": 102.77610566017884,
        "skew": 4.06276654962699,
        "kurtosis": 24.46831221743022
      },
      "KS_stat": 0.06422018348623854,
      "KS_p": 0.9791203051957483,
      "Wasserstein": 7.898487133777393,
      "JSD": 0.03002253434850661,
      "overlap_area": 0.9458383284783902
    },
    "Keq": {
      "real_moments": {
        "mean": 2651.9736386238537,
        "median": 2228.3676,
        "std": 1811.0429350912407,
        "skew": 5.008102937890224,
        "kurtosis": 33.882309184918405
      },
      "synth_moments": {
        "mean": 2589.9088407187824,
        "median": 2310.448990282366,
        "std": 1738.0949856376567,
        "skew": 5.113018363861724,
        "kurtosis": 36.12423360581156
      },
      "KS_stat": 0.08256880733944955,
      "KS_p": 0.8537177036275024,
      "Wasserstein": 127.82586611065075,
      "JSD": 0.07170731932184443,
      "overlap_area": 0.9514144565864451
    },
    "IG": {
      "real_moments": {
        "mean": 0.7999194495412842,
        "median": 0.72877,
        "std": 0.4950253455180348,
        "skew": 4.324005521258932,
        "kurtosis": 28.49755443867455
      },
      "synth_moments": {
        "mean": 0.8149809960137496,
        "median": 0.7837888460256569,
        "std": 0.5204419705303915,
        "skew": 3.836566395043545,
        "kurtosis": 22.425789059249553
      },
      "KS_stat": 0.07339449541284404,
      "KS_p": 0.9325712647984811,
      "Wasserstein": 0.04077268965279592,
      "JSD": 0.02909322878346529,
      "overlap_area": 0.947047366392395
    },
    "IA": {
      "real_moments": {
        "mean": 0.3748992660550459,
        "median": 0.35718,
        "std": 0.22028081674815472,
        "skew": 1.583885893541485,
        "kurtosis": 4.364752856144418
      },
      "synth_moments": {
        "mean": 0.3876967690315582,
        "median": 0.3692943477308083,
        "std": 0.2365315356811945,
        "skew": 1.7614512985472728,
        "kurtosis": 4.458961858351884
      },
      "KS_stat": 0.045871559633027525,
      "KS_p": 0.9998685304465402,
      "Wasserstein": 0.016717724487862903,
      "JSD": 0.025246097032165214,
      "overlap_area": 0.9694607427732438
    },
    "IB": {
      "real_moments": {
        "mean": 0.7059155963302752,
        "median": 0.63475,
        "std": 0.42144292108674913,
        "skew": 4.011764769362035,
        "kurtosis": 25.03382413044252
      },
      "synth_moments": {
        "mean": 0.7167831976653015,
        "median": 0.693538250713499,
        "std": 0.43634467814285194,
        "skew": 3.6231611609829355,
        "kurtosis": 20.862879282276545
      },
      "KS_stat": 0.08256880733944955,
      "KS_p": 0.8537177036275024,
      "Wasserstein": 0.034467391410911034,
      "JSD": 0.058934359466947306,
      "overlap_area": 0.9432194202383142
    }
  },
  "corr_similarity": {
    "corrcoef": 0.749876145129557,
    "frob": 1.923181568744488,
    "macd": 0.15237761378813866
  },
  "pca_overlap": {
    "overlap_frac": 0.9724770642201835,
    "pca": "PCA(n_components=3)",
    "explained_variance": "[0.72180662 0.1138406  0.09362769]"
  },
  "MMD2": -0.004629022601653432,
  "SlicedWasserstein": 38.12671989981035,
  "EnergyDistance": 9.167757948684766,
  "gmm_coverage_frac": 0.6666666666666666,
  "knn_coverage": {
    "median_kth": 178.9729992258724,
    "mean_kth": 392.75474201645255,
    "iqr_kth": 202.33372980496893
  }
}