{
  "univariate": {
    "226Ra": {
      "real_moments": {
        "mean": 74.97977183486238,
        "median": 71.4369,
        "std": 44.05617270021668,
        "skew": 1.5838924892056216,
        "kurtosis": 4.364795720944686
      },
      "synth_moments": {
        "mean": 73.71291270703999,
        "median": 68.7934525427129,
        "std": 36.13295794906864,
        "skew": 0.879040262070564,
        "kurtosis": 1.1807802338445201
      },
      "KS_stat": 0.11009174311926606,
      "KS_p": 0.525558691909033,
      "Wasserstein": 5.7971124950684105,
      "JSD": 0.06058779956606936,
      "overlap_area": 0.9113285371152751
    },
    "232Th": {
      "real_moments": {
        "mean": 68.3011589908257,
        "median": 54.70395,
        "std": 74.86799752698546,
        "skew": 5.899812333485469,
        "kurtosis": 45.73871141090729
      },
      "synth_moments": {
        "mean": 63.02432295524534,
        "median": 50.426875096093134,
        "std": 39.47006802213518,
        "skew": 1.2368130516135263,
        "kurtosis": 1.2551555828881558
      },
      "KS_stat": 0.09174311926605505,
      "KS_p": 0.7511370048916558,
      "Wasserstein": 9.383742352463601,
      "JSD": 0.05160361036591919,
      "overlap_area": 0.962257332445591
    },
    "40K": {
      "real_moments": {
        "mean": 625.4423234862386,
        "median": 666.06,
        "std": 325.77620030216633,
        "skew": -0.18433595382893606,
        "kurtosis": -1.210803726194395
      },
      "synth_moments": {
        "mean": 631.3409751964496,
        "median": 675.836094596244,
        "std": 306.79814097944313,
        "skew": -0.1470417534455211,
        "kurtosis": -1.0588096564843172
      },
      "KS_stat": 0.08256880733944955,
      "KS_p": 0.8537177036275024,
      "Wasserstein": 31.38266855491193,
      "JSD": 0.018211892599513727,
      "overlap_area": 0.9434453014549504
    },
    "Raeq": {
      "real_moments": {
        "mean": 220.80948743119262,
        "median": 193.66001,
        "std": 141.24695669027093,
        "skew": 4.496849695288913,
        "kurtosis": 29.952848462778505
      },
      "synth_moments": {
        "mean": 212.99167353302212,
        "median": 211.2169148944301,
        "std": 86.67622531218586,
        "skew": 0.6057696421517001,
        "kurtosis": 0.15701030178534703
      },
      "KS_stat": 0.09174311926605505,
      "KS_p": 0.7511370048916558,
      "Wasserstein": 19.306539892751367,
      "JSD": 0.043041500069493546,
      "overlap_area": 0.9424590495415784
    },
    "Theq": {
      "real_moments": {
        "mean": 155.1863267889908,
        "median": 136.56014,
        "std": 98.90341948182714,
        "skew": 4.479289412980269,
        "kurtosis": 29.79276992766934
      },
      "synth_moments": {
        "mean": 148.35032169185564,
        "median": 140.42864350024217,
        "std": 60.31786817139274,
        "skew": 0.6391879410839346,
        "kurtosis": 0.1542937703305194
      },
      "KS_stat": 0.07339449541284404,
      "KS_p": 0.9325712647984811,
      "Wasserstein": 13.03501278539703,
      "JSD": 0.06075331540238932,
      "overlap_area": 0.9501239979985697
    },
    "Keq": {
      "real_moments": {
        "mean": 2651.9736386238537,
        "median": 2228.3676,
        "std": 1811.0429350912407,
        "skew": 5.008102937890224,
        "kurtosis": 33.882309184918405
      },
      "synth_moments": {
        "mean": 2542.036494086867,
        "median": 2303.5069598629398,
        "std": 1047.2525831796634,
        "skew": 1.115286969028992,
        "kurtosis": 1.3217228448926042
      },
      "KS_stat": 0.10091743119266056,
      "KS_p": 0.6379083904221879,
      "Wasserstein": 246.64778650211764,
      "JSD": 0.05270918154921671,
      "overlap_area": 0.9383152240663476
    },
    "IG": {
      "real_moments": {
        "mean": 0.7999194495412842,
        "median": 0.72877,
        "std": 0.4950253455180348,
        "skew": 4.324005521258932,
        "kurtosis": 28.49755443867455
      },
      "synth_moments": {
        "mean": 0.7898196414764292,
        "median": 0.7671656113019999,
        "std": 0.3249188215287365,
        "skew": 0.6473841817277785,
        "kurtosis": 0.28498813911848453
      },
      "KS_stat": 0.11009174311926606,
      "KS_p": 0.525558691909033,
      "Wasserstein": 0.06957615218625308,
      "JSD": 0.03613958282249581,
      "overlap_area": 0.9416395543061812
    },
    "IA": {
      "real_moments": {
        "mean": 0.3748992660550459,
        "median": 0.35718,
        "std": 0.22028081674815472,
        "skew": 1.583885893541485,
        "kurtosis": 4.364752856144418
      },
      "synth_moments": {
        "mean": 0.3767505405787126,
        "median": 0.359446005704,
        "std": 0.18644451463704104,
        "skew": 0.9324504212482356,
        "kurtosis": 1.4299568071835722
      },
      "KS_stat": 0.10091743119266056,
      "KS_p": 0.6379083904221879,
      "Wasserstein": 0.02999369015341064,
      "JSD": 0.06017493492537515,
      "overlap_area": 0.9132729845083666
    },
    "IB": {
      "real_moments": {
        "mean": 0.7059155963302752,
        "median": 0.63475,
        "std": 0.42144292108674913,
        "skew": 4.011764769362035,
        "kurtosis": 25.03382413044252
      },
      "synth_moments": {
        "mean": 0.6995301321865999,
        "median": 0.6679135266605,
        "std": 0.29322301175986853,
        "skew": 0.5976374846767947,
        "kurtosis": 0.07644057580805663
      },
      "KS_stat": 0.10091743119266056,
      "KS_p": 0.6379083904221879,
      "Wasserstein": 0.06282677226425314,
      "JSD": 0.032070011125856515,
      "overlap_area": 0.9399894224987383
    }
  },
  "corr_similarity": {
    "corrcoef": 0.728056379026987,
    "frob": 1.9243327800614933,
    "macd": 0.15563339585674302
  },
  "pca_overlap": {
    "overlap_frac": 0.944954128440367,
    "pca": "PCA(n_components=3)",
    "explained_variance": "[0.72545214 0.11114307 0.10288256]"
  },
  "MMD2": -0.004120956011139709,
  "SlicedWasserstein": 71.09293399106136,
  "EnergyDistance": 16.367042766405348,
  "gmm_coverage_frac": 0.6666666666666666,
  "knn_coverage": {
    "median_kth": 206.09563659240942,
    "mean_kth": 401.5861343905127,
    "iqr_kth": 103.01395415886864
  }
}