{
  "univariate": {
    "226Ra": {
      "real_moments": {
        "mean": 74.97977183486238,
        "median": 71.4369,
        "std": 44.05617270021668,
        "skew": 1.5838924892056216,
        "kurtosis": 4.364795720944686
      },
      "synth_moments": {
        "mean": 74.11308738140704,
        "median": 72.5911178275905,
        "std": 45.65517887259011,
        "skew": 1.5489818976355672,
        "kurtosis": 4.232349074554712
      },
      "KS_stat": 0.08256880733944955,
      "KS_p": 0.8537177036275024,
      "Wasserstein": 3.1733363144751796,
      "JSD": 0.03624485620884002,
      "overlap_area": 0.9508502361156859
    },
    "232Th": {
      "real_moments": {
        "mean": 68.3011589908257,
        "median": 54.70395,
        "std": 74.86799752698546,
        "skew": 5.899812333485469,
        "kurtosis": 45.73871141090729
      },
      "synth_moments": {
        "mean": 68.64345622510852,
        "median": 49.269424543807474,
        "std": 81.38647916971625,
        "skew": 5.285995108934764,
        "kurtosis": 33.785856831020716
      },
      "KS_stat": 0.06422018348623854,
      "KS_p": 0.9791203051957483,
      "Wasserstein": 4.898459506890365,
      "JSD": 0.03933401165650155,
      "overlap_area": 0.9714569626729485
    },
    "40K": {
      "real_moments": {
        "mean": 625.4423234862386,
        "median": 666.06,
        "std": 325.77620030216633,
        "skew": -0.18433595382893606,
        "kurtosis": -1.210803726194395
      },
      "synth_moments": {
        "mean": 639.6776773005552,
        "median": 691.5413277995507,
        "std": 317.4487156401293,
        "skew": -0.26918901676522544,
        "kurtosis": -1.2234773481532555
      },
      "KS_stat": 0.08256880733944955,
      "KS_p": 0.8537177036275024,
      "Wasserstein": 26.07104324709222,
      "JSD": 0.02782373434626631,
      "overlap_area": 0.9578592066220444
    },
    "Raeq": {
      "real_moments": {
        "mean": 220.80948743119262,
        "median": 193.66001,
        "std": 141.24695669027093,
        "skew": 4.496849695288913,
        "kurtosis": 29.952848462778505
      },
      "synth_moments": {
        "mean": 220.3795767147692,
        "median": 184.3389436983225,
        "std": 151.15696951031686,
        "skew": 4.059252710842284,
        "kurtosis": 22.884143148893045
      },
      "KS_stat": 0.08256880733944955,
      "KS_p": 0.8537177036275024,
      "Wasserstein": 12.494499587020469,
      "JSD": 0.0633123587991346,
      "overlap_area": 0.9479259276421057
    },
    "Theq": {
      "real_moments": {
        "mean": 155.1863267889908,
        "median": 136.56014,
        "std": 98.90341948182714,
        "skew": 4.479289412980269,
        "kurtosis": 29.79276992766934
      },
      "synth_moments": {
        "mean": 154.66672022238262,
        "median": 130.2034319605951,
        "std": 105.77693030038624,
        "skew": 4.0489169874190685,
        "kurtosis": 22.80602134461195
      },
      "KS_stat": 0.08256880733944955,
      "KS_p": 0.8537177036275024,
      "Wasserstein": 8.986201788038905,
      "JSD": 0.06979935276509656,
      "overlap_area": 0.9464044768626209
    },
    "Keq": {
      "real_moments": {
        "mean": 2651.9736386238537,
        "median": 2228.3676,
        "std": 1811.0429350912407,
        "skew": 5.008102937890224,
        "kurtosis": 33.882309184918405
      },
      "synth_moments": {
        "mean": 2670.1694926601353,
        "median": 2189.322766593408,
        "std": 1938.0814895281455,
        "skew": 4.538706568633,
        "kurtosis": 26.22024229996446
      },
      "KS_stat": 0.09174311926605505,
      "KS_p": 0.7511370048916558,
      "Wasserstein": 143.4446118742899,
      "JSD": 0.06947719770453058,
      "overlap_area": 0.9542499293172005
    },
    "IG": {
      "real_moments": {
        "mean": 0.7999194495412842,
        "median": 0.72877,
        "std": 0.4950253455180348,
        "skew": 4.324005521258932,
        "kurtosis": 28.49755443867455
      },
      "synth_moments": {
        "mean": 0.7978455123551577,
        "median": 0.681335484523,
        "std": 0.5295383407756467,
        "skew": 3.8718903642610925,
        "kurtosis": 21.38468767679074
      },
      "KS_stat": 0.08256880733944955,
      "KS_p": 0.8537177036275024,
      "Wasserstein": 0.04718210211750282,
      "JSD": 0.054982475165030555,
      "overlap_area": 0.9466360668759983
    },
    "IA": {
      "real_moments": {
        "mean": 0.3748992660550459,
        "median": 0.35718,
        "std": 0.22028081674815472,
        "skew": 1.583885893541485,
        "kurtosis": 4.364752856144418
      },
      "synth_moments": {
        "mean": 0.3717931291782675,
        "median": 0.36410111424,
        "std": 0.22762861277163599,
        "skew": 1.5467342554275547,
        "kurtosis": 4.224729950100258
      },
      "KS_stat": 0.07339449541284404,
      "KS_p": 0.9325712647984811,
      "Wasserstein": 0.015727815565540922,
      "JSD": 0.03246490380496184,
      "overlap_area": 0.9484533201128238
    },
    "IB": {
      "real_moments": {
        "mean": 0.7059155963302752,
        "median": 0.63475,
        "std": 0.42144292108674913,
        "skew": 4.011764769362035,
        "kurtosis": 25.03382413044252
      },
      "synth_moments": {
        "mean": 0.7006689702446942,
        "median": 0.5909062236802,
        "std": 0.4550106015002081,
        "skew": 3.5957433584148055,
        "kurtosis": 18.865768750193784
      },
      "KS_stat": 0.09174311926605505,
      "KS_p": 0.7511370048916558,
      "Wasserstein": 0.04315717198585586,
      "JSD": 0.050043969375410335,
      "overlap_area": 0.9339621716062568
    }
  },
  "corr_similarity": {
    "corrcoef": 0.9966516339401512,
    "frob": 0.46596008890565255,
    "macd": 0.03694793796711845
  },
  "pca_overlap": {
    "overlap_frac": 0.9724770642201835,
    "pca": "PCA(n_components=3)",
    "explained_variance": "[0.80071234 0.12149885 0.07550092]"
  },
  "MMD2": -0.0060153362309194325,
  "SlicedWasserstein": 40.09063884752747,
  "EnergyDistance": 7.650086290989293,
  "gmm_coverage_frac": 0.6666666666666666,
  "knn_coverage": {
    "median_kth": 187.02960789247288,
    "mean_kth": 391.3012592027605,
    "iqr_kth": 106.9883256478193
  }
}