{
  "univariate": {
    "226Ra": {
      "real_moments": {
        "mean": 74.97977183486238,
        "median": 71.4369,
        "std": 44.05617270021668,
        "skew": 1.5838924892056216,
        "kurtosis": 4.364795720944686
      },
      "synth_moments": {
        "mean": 75.94142430894502,
        "median": 74.13457770950608,
        "std": 43.58871745216563,
        "skew": 1.3722002032577412,
        "kurtosis": 4.031362491582165
      },
      "KS_stat": 0.08256880733944955,
      "KS_p": 0.8537177036275024,
      "Wasserstein": 4.552461648600784,
      "JSD": 0.03180400216418349,
      "overlap_area": 0.9273811983013338
    },
    "232Th": {
      "real_moments": {
        "mean": 68.3011589908257,
        "median": 54.70395,
        "std": 74.86799752698546,
        "skew": 5.899812333485469,
        "kurtosis": 45.73871141090729
      },
      "synth_moments": {
        "mean": 66.93791803227943,
        "median": 52.40930028515997,
        "std": 65.82033076604519,
        "skew": 4.073837299674997,
        "kurtosis": 21.27467828793752
      },
      "KS_stat": 0.07339449541284404,
      "KS_p": 0.9325712647984811,
      "Wasserstein": 5.906265553134292,
      "JSD": 0.08268214943349969,
      "overlap_area": 0.96933999163552
    },
    "40K": {
      "real_moments": {
        "mean": 625.4423234862386,
        "median": 666.06,
        "std": 325.77620030216633,
        "skew": -0.18433595382893606,
        "kurtosis": -1.210803726194395
      },
      "synth_moments": {
        "mean": 622.8739848691656,
        "median": 671.8471991520777,
        "std": 332.6997554050855,
        "skew": -0.1561135435636949,
        "kurtosis": -1.2908362493941572
      },
      "KS_stat": 0.045871559633027525,
      "KS_p": 0.9998685304465402,
      "Wasserstein": 19.24949139633609,
      "JSD": 0.009586884838402712,
      "overlap_area": 0.9750105254029877
    },
    "Raeq": {
      "real_moments": {
        "mean": 220.80948743119262,
        "median": 193.66001,
        "std": 141.24695669027093,
        "skew": 4.496849695288913,
        "kurtosis": 29.952848462778505
      },
      "synth_moments": {
        "mean": 216.33839807451264,
        "median": 192.2366288342876,
        "std": 131.15601072163042,
        "skew": 3.3462104640116994,
        "kurtosis": 16.4359455079969
      },
      "KS_stat": 0.07339449541284404,
      "KS_p": 0.9325712647984811,
      "Wasserstein": 10.849639474977934,
      "JSD": 0.032721833978408776,
      "overlap_area": 0.9589399642202905
    },
    "Theq": {
      "real_moments": {
        "mean": 155.1863267889908,
        "median": 136.56014,
        "std": 98.90341948182714,
        "skew": 4.479289412980269,
        "kurtosis": 29.79276992766934
      },
      "synth_moments": {
        "mean": 151.96621779993146,
        "median": 129.33573357659398,
        "std": 91.76099562557485,
        "skew": 3.2012540514665577,
        "kurtosis": 15.337391964867589
      },
      "KS_stat": 0.07339449541284404,
      "KS_p": 0.9325712647984811,
      "Wasserstein": 8.457797146374515,
      "JSD": 0.031460345709832735,
      "overlap_area": 0.9501388988228363
    },
    "Keq": {
      "real_moments": {
        "mean": 2651.9736386238537,
        "median": 2228.3676,
        "std": 1811.0429350912407,
        "skew": 5.008102937890224,
        "kurtosis": 33.882309184918405
      },
      "synth_moments": {
        "mean": 2598.282796856356,
        "median": 2267.6708752150244,
        "std": 1684.4295941815762,
        "skew": 3.902707562829864,
        "kurtosis": 19.833752517874487
      },
      "KS_stat": 0.08256880733944955,
      "KS_p": 0.8537177036275024,
      "Wasserstein": 138.05555297472347,
      "JSD": 0.09555529162323273,
      "overlap_area": 0.955501221815251
    },
    "IG": {
      "real_moments": {
        "mean": 0.7999194495412842,
        "median": 0.72877,
        "std": 0.4950253455180348,
        "skew": 4.324005521258932,
        "kurtosis": 28.49755443867455
      },
      "synth_moments": {
        "mean": 0.787942497380521,
        "median": 0.7115523895739998,
        "std": 0.45773002196992907,
        "skew": 2.926062542859349,
        "kurtosis": 13.429734363774056
      },
      "KS_stat": 0.09174311926605505,
      "KS_p": 0.7511370048916558,
      "Wasserstein": 0.04402279884811007,
      "JSD": 0.03242106445023299,
      "overlap_area": 0.9488901623186815
    },
    "IA": {
      "real_moments": {
        "mean": 0.3748992660550459,
        "median": 0.35718,
        "std": 0.22028081674815472,
        "skew": 1.583885893541485,
        "kurtosis": 4.364752856144418
      },
      "synth_moments": {
        "mean": 0.3772384263542151,
        "median": 0.368094485848,
        "std": 0.21734514107176547,
        "skew": 1.3977970675841058,
        "kurtosis": 4.164307015219251
      },
      "KS_stat": 0.08256880733944955,
      "KS_p": 0.8537177036275024,
      "Wasserstein": 0.021301982036111576,
      "JSD": 0.03128084082725754,
      "overlap_area": 0.9309134652276077
    },
    "IB": {
      "real_moments": {
        "mean": 0.7059155963302752,
        "median": 0.63475,
        "std": 0.42144292108674913,
        "skew": 4.011764769362035,
        "kurtosis": 25.03382413044252
      },
      "synth_moments": {
        "mean": 0.7003470984396346,
        "median": 0.6101591758699999,
        "std": 0.4019435172085704,
        "skew": 2.9256243037824667,
        "kurtosis": 13.393129496333849
      },
      "KS_stat": 0.08256880733944955,
      "KS_p": 0.8537177036275024,
      "Wasserstein": 0.03640492908626057,
      "JSD": 0.05635374537461387,
      "overlap_area": 0.9461132740604776
    }
  },
  "corr_similarity": {
    "corrcoef": 0.996710767607255,
    "frob": 0.3064771744701555,
    "macd": 0.023420596995999642
  },
  "pca_overlap": {
    "overlap_frac": 0.981651376146789,
    "pca": "PCA(n_components=3)",
    "explained_variance": "[0.79373508 0.12614974 0.07776823]"
  },
  "MMD2": -0.006683670928033569,
  "SlicedWasserstein": 40.88597452470904,
  "EnergyDistance": 7.187547123200147,
  "gmm_coverage_frac": 0.6666666666666666,
  "knn_coverage": {
    "median_kth": 197.88580326574532,
    "mean_kth": 377.10220099228195,
    "iqr_kth": 141.87352165014877
  }
}