{
  "univariate": {
    "226Ra": {
      "real_moments": {
        "mean": 74.97977183486238,
        "median": 71.4369,
        "std": 44.05617270021668,
        "skew": 1.5838924892056216,
        "kurtosis": 4.364795720944686
      },
      "synth_moments": {
        "mean": 71.48012408015963,
        "median": 70.34844554911118,
        "std": 38.4360821806842,
        "skew": 0.6809678792997493,
        "kurtosis": 0.5723191137510573
      },
      "KS_stat": 0.06422018348623854,
      "KS_p": 0.9791203051957483,
      "Wasserstein": 5.134807214594575,
      "JSD": 0.041812674922733106,
      "overlap_area": 0.9377747392436054
    },
    "232Th": {
      "real_moments": {
        "mean": 68.3011589908257,
        "median": 54.70395,
        "std": 74.86799752698546,
        "skew": 5.899812333485469,
        "kurtosis": 45.73871141090729
      },
      "synth_moments": {
        "mean": 65.31140425736767,
        "median": 54.30872670218696,
        "std": 43.01342781786545,
        "skew": 1.3454054760146716,
        "kurtosis": 2.098333758681627
      },
      "KS_stat": 0.09174311926605505,
      "KS_p": 0.7511370048916558,
      "Wasserstein": 8.759558634035297,
      "JSD": 0.03775392322101754,
      "overlap_area": 0.964335724342748
    },
    "40K": {
      "real_moments": {
        "mean": 625.4423234862386,
        "median": 666.06,
        "std": 325.77620030216633,
        "skew": -0.18433595382893606,
        "kurtosis": -1.210803726194395
      },
      "synth_moments": {
        "mean": 653.6826869311128,
        "median": 726.3832630565608,
        "std": 318.52659893232345,
        "skew": -0.35661936833952956,
        "kurtosis": -1.0703701111194444
      },
      "KS_stat": 0.07339449541284404,
      "KS_p": 0.9325712647984811,
      "Wasserstein": 33.276607716907264,
      "JSD": 0.0071396518864452144,
      "overlap_area": 0.9556836052302273
    },
    "Raeq": {
      "real_moments": {
        "mean": 220.80948743119262,
        "median": 193.66001,
        "std": 141.24695669027093,
        "skew": 4.496849695288913,
        "kurtosis": 29.952848462778505
      },
      "synth_moments": {
        "mean": 222.88487422463922,
        "median": 196.67643539953164,
        "std": 137.82170249710722,
        "skew": 3.373265425788827,
        "kurtosis": 19.017762313671515
      },
      "KS_stat": 0.06422018348623854,
      "KS_p": 0.9791203051957483,
      "Wasserstein": 12.448631069466582,
      "JSD": 0.043148469029719194,
      "overlap_area": 0.9445255340887936
    },
    "Theq": {
      "real_moments": {
        "mean": 155.1863267889908,
        "median": 136.56014,
        "std": 98.90341948182714,
        "skew": 4.479289412980269,
        "kurtosis": 29.79276992766934
      },
      "synth_moments": {
        "mean": 157.12839983384282,
        "median": 141.73228188852048,
        "std": 96.6035847965118,
        "skew": 3.3754743827065448,
        "kurtosis": 19.110886312108832
      },
      "KS_stat": 0.06422018348623854,
      "KS_p": 0.9791203051957483,
      "Wasserstein": 9.003946901516812,
      "JSD": 0.04433303449204001,
      "overlap_area": 0.9422200578955042
    },
    "Keq": {
      "real_moments": {
        "mean": 2651.9736386238537,
        "median": 2228.3676,
        "std": 1811.0429350912407,
        "skew": 5.008102937890224,
        "kurtosis": 33.882309184918405
      },
      "synth_moments": {
        "mean": 2629.9749031578162,
        "median": 2252.228906268139,
        "std": 1656.833284837517,
        "skew": 3.815631682573552,
        "kurtosis": 22.892734942939562
      },
      "KS_stat": 0.08256880733944955,
      "KS_p": 0.8537177036275024,
      "Wasserstein": 155.0441903895155,
      "JSD": 0.08820486965668063,
      "overlap_area": 0.9511918623711929
    },
    "IG": {
      "real_moments": {
        "mean": 0.7999194495412842,
        "median": 0.72877,
        "std": 0.4950253455180348,
        "skew": 4.324005521258932,
        "kurtosis": 28.49755443867455
      },
      "synth_moments": {
        "mean": 0.8061902230517902,
        "median": 0.7732583278110516,
        "std": 0.45320915742733026,
        "skew": 2.7528204689674944,
        "kurtosis": 15.085365697991836
      },
      "KS_stat": 0.07339449541284404,
      "KS_p": 0.9325712647984811,
      "Wasserstein": 0.05332398668625033,
      "JSD": 0.051934976915532484,
      "overlap_area": 0.933896501053236
    },
    "IA": {
      "real_moments": {
        "mean": 0.3748992660550459,
        "median": 0.35718,
        "std": 0.22028081674815472,
        "skew": 1.583885893541485,
        "kurtosis": 4.364752856144418
      },
      "synth_moments": {
        "mean": 0.35559486472809904,
        "median": 0.3361704122487689,
        "std": 0.20128099987537326,
        "skew": 1.1923291903121191,
        "kurtosis": 3.2246659147731345
      },
      "KS_stat": 0.08256880733944955,
      "KS_p": 0.8537177036275024,
      "Wasserstein": 0.02328899783523833,
      "JSD": 0.011323892749978933,
      "overlap_area": 0.9513817102604429
    },
    "IB": {
      "real_moments": {
        "mean": 0.7059155963302752,
        "median": 0.63475,
        "std": 0.42144292108674913,
        "skew": 4.011764769362035,
        "kurtosis": 25.03382413044252
      },
      "synth_moments": {
        "mean": 0.7115111197708301,
        "median": 0.6382780339685137,
        "std": 0.40015534208183856,
        "skew": 2.72896561122657,
        "kurtosis": 14.269531557137753
      },
      "KS_stat": 0.07339449541284404,
      "KS_p": 0.9325712647984811,
      "Wasserstein": 0.04298737424408022,
      "JSD": 0.04862832818077355,
      "overlap_area": 0.9387910131363397
    }
  },
  "corr_similarity": {
    "corrcoef": 0.8247381925132379,
    "frob": 1.5752180244137746,
    "macd": 0.12333612732620794
  },
  "pca_overlap": {
    "overlap_frac": 0.9724770642201835,
    "pca": "PCA(n_components=3)",
    "explained_variance": "[0.72788813 0.1106837  0.09478431]"
  },
  "MMD2": -0.004638160637129296,
  "SlicedWasserstein": 45.55419678735883,
  "EnergyDistance": 9.910565834582485,
  "gmm_coverage_frac": 0.6666666666666666,
  "knn_coverage": {
    "median_kth": 191.91451072920628,
    "mean_kth": 371.05537796916946,
    "iqr_kth": 168.044129257933
  }
}