{
  "univariate": {
    "226Ra": {
      "real_moments": {
        "mean": 74.97977183486238,
        "median": 71.4369,
        "std": 44.05617270021668,
        "skew": 1.5838924892056216,
        "kurtosis": 4.364795720944686
      },
      "synth_moments": {
        "mean": 73.21823907877393,
        "median": 72.01463708549431,
        "std": 32.91773665888088,
        "skew": 0.660646739445602,
        "kurtosis": 0.42504324090796874
      },
      "KS_stat": 0.11009174311926606,
      "KS_p": 0.525558691909033,
      "Wasserstein": 7.058000918120309,
      "JSD": 0.08796416837458866,
      "overlap_area": 0.9117080993871587
    },
    "232Th": {
      "real_moments": {
        "mean": 68.3011589908257,
        "median": 54.70395,
        "std": 74.86799752698546,
        "skew": 5.899812333485469,
        "kurtosis": 45.73871141090729
      },
      "synth_moments": {
        "mean": 61.51899240653945,
        "median": 56.519760720160086,
        "std": 36.788018705072396,
        "skew": 1.395474551182701,
        "kurtosis": 2.8964565817987227
      },
      "KS_stat": 0.08256880733944955,
      "KS_p": 0.8537177036275024,
      "Wasserstein": 10.558383187155613,
      "JSD": 0.05823339883804645,
      "overlap_area": 0.9315205009260524
    },
    "40K": {
      "real_moments": {
        "mean": 625.4423234862386,
        "median": 666.06,
        "std": 325.77620030216633,
        "skew": -0.18433595382893606,
        "kurtosis": -1.210803726194395
      },
      "synth_moments": {
        "mean": 630.9305912303072,
        "median": 681.4209095173587,
        "std": 310.94463979878645,
        "skew": -0.28127692703332,
        "kurtosis": -1.234599070883969
      },
      "KS_stat": 0.07339449541284404,
      "KS_p": 0.9325712647984811,
      "Wasserstein": 21.736547388257577,
      "JSD": 0.030161862501919816,
      "overlap_area": 0.9753537744000753
    },
    "Raeq": {
      "real_moments": {
        "mean": 220.80948743119262,
        "median": 193.66001,
        "std": 141.24695669027093,
        "skew": 4.496849695288913,
        "kurtosis": 29.952848462778505
      },
      "synth_moments": {
        "mean": 210.75201540176624,
        "median": 198.98245267984737,
        "std": 79.36254678572794,
        "skew": 0.569016733514971,
        "kurtosis": 0.1570732214353212
      },
      "KS_stat": 0.06422018348623854,
      "KS_p": 0.9791203051957483,
      "Wasserstein": 19.77099637996862,
      "JSD": 0.024158077345430337,
      "overlap_area": 0.9500146815889897
    },
    "Theq": {
      "real_moments": {
        "mean": 155.1863267889908,
        "median": 136.56014,
        "std": 98.90341948182714,
        "skew": 4.479289412980269,
        "kurtosis": 29.79276992766934
      },
      "synth_moments": {
        "mean": 147.40731730920243,
        "median": 140.0957196102216,
        "std": 54.45324348123307,
        "skew": 0.5546637789758103,
        "kurtosis": 0.25486289064524215
      },
      "KS_stat": 0.08256880733944955,
      "KS_p": 0.8537177036275024,
      "Wasserstein": 14.286950526107637,
      "JSD": 0.02372845381042805,
      "overlap_area": 0.9448623164354439
    },
    "Keq": {
      "real_moments": {
        "mean": 2651.9736386238537,
        "median": 2228.3676,
        "std": 1811.0429350912407,
        "skew": 5.008102937890224,
        "kurtosis": 33.882309184918405
      },
      "synth_moments": {
        "mean": 2464.588466543638,
        "median": 2300.4303622272523,
        "std": 880.4214818210048,
        "skew": 1.1315460608607224,
        "kurtosis": 1.5672058044460666
      },
      "KS_stat": 0.06422018348623854,
      "KS_p": 0.9791203051957483,
      "Wasserstein": 263.96696115101355,
      "JSD": 0.04356499172569903,
      "overlap_area": 0.9508078430916936
    },
    "IG": {
      "real_moments": {
        "mean": 0.7999194495412842,
        "median": 0.72877,
        "std": 0.4950253455180348,
        "skew": 4.324005521258932,
        "kurtosis": 28.49755443867455
      },
      "synth_moments": {
        "mean": 0.7678206618461889,
        "median": 0.729866969212,
        "std": 0.283440048178852,
        "skew": 0.5563395510026706,
        "kurtosis": 0.1600061175869767
      },
      "KS_stat": 0.09174311926605505,
      "KS_p": 0.7511370048916558,
      "Wasserstein": 0.07019513100277239,
      "JSD": 0.03869203432081469,
      "overlap_area": 0.9480377939908726
    },
    "IA": {
      "real_moments": {
        "mean": 0.3748992660550459,
        "median": 0.35718,
        "std": 0.22028081674815472,
        "skew": 1.583885893541485,
        "kurtosis": 4.364752856144418
      },
      "synth_moments": {
        "mean": 0.3693346205556197,
        "median": 0.364990929312,
        "std": 0.1680296905207663,
        "skew": 0.7290504527427477,
        "kurtosis": 0.7383350406744862
      },
      "KS_stat": 0.11009174311926606,
      "KS_p": 0.525558691909033,
      "Wasserstein": 0.03487364219485356,
      "JSD": 0.08414378502166794,
      "overlap_area": 0.9132959328448904
    },
    "IB": {
      "real_moments": {
        "mean": 0.7059155963302752,
        "median": 0.63475,
        "std": 0.42144292108674913,
        "skew": 4.011764769362035,
        "kurtosis": 25.03382413044252
      },
      "synth_moments": {
        "mean": 0.6758425582787834,
        "median": 0.625855974512,
        "std": 0.2510796143617271,
        "skew": 0.5082945573387215,
        "kurtosis": -0.13497714733393718
      },
      "KS_stat": 0.07339449541284404,
      "KS_p": 0.9325712647984811,
      "Wasserstein": 0.058770454952352225,
      "JSD": 0.03064327737520968,
      "overlap_area": 0.9585927864949925
    }
  },
  "corr_similarity": {
    "corrcoef": 0.6214040873914287,
    "frob": 2.275292530316197,
    "macd": 0.1915257633236469
  },
  "pca_overlap": {
    "overlap_frac": 0.7889908256880734,
    "pca": "PCA(n_components=3)",
    "explained_variance": "[0.72155473 0.11370372 0.10383222]"
  },
  "MMD2": -0.004722350245384366,
  "SlicedWasserstein": 75.3982158720426,
  "EnergyDistance": 15.201309213809736,
  "gmm_coverage_frac": 0.6666666666666666,
  "knn_coverage": {
    "median_kth": 203.60798771745084,
    "mean_kth": 425.8614637705074,
    "iqr_kth": 134.39087730492244
  }
}