{
  "univariate": {
    "226Ra": {
      "real_moments": {
        "mean": 74.97977183486238,
        "median": 71.4369,
        "std": 44.05617270021668,
        "skew": 1.5838924892056216,
        "kurtosis": 4.364795720944686
      },
      "synth_moments": {
        "mean": 71.52707702081487,
        "median": 70.00232676680496,
        "std": 33.05547448404945,
        "skew": 0.5262419143729444,
        "kurtosis": 0.23512340163988155
      },
      "KS_stat": 0.09174311926605505,
      "KS_p": 0.7511370048916558,
      "Wasserstein": 5.478755308989743,
      "JSD": 0.02772407739400881,
      "overlap_area": 0.9513590965063731
    },
    "232Th": {
      "real_moments": {
        "mean": 68.3011589908257,
        "median": 54.70395,
        "std": 74.86799752698546,
        "skew": 5.899812333485469,
        "kurtosis": 45.73871141090729
      },
      "synth_moments": {
        "mean": 63.12600997612571,
        "median": 54.9997577679413,
        "std": 37.81270409572779,
        "skew": 1.047526909255595,
        "kurtosis": 0.45999471553715887
      },
      "KS_stat": 0.09174311926605505,
      "KS_p": 0.7511370048916558,
      "Wasserstein": 9.060547866143816,
      "JSD": 0.04503778758322992,
      "overlap_area": 0.9659714526159706
    },
    "40K": {
      "real_moments": {
        "mean": 625.4423234862386,
        "median": 666.06,
        "std": 325.77620030216633,
        "skew": -0.18433595382893606,
        "kurtosis": -1.210803726194395
      },
      "synth_moments": {
        "mean": 631.661179542047,
        "median": 685.3427993763136,
        "std": 325.1398564779848,
        "skew": -0.2716062690031962,
        "kurtosis": -1.2529592280304045
      },
      "KS_stat": 0.06422018348623854,
      "KS_p": 0.9791203051957483,
      "Wasserstein": 22.69983635088168,
      "JSD": 0.02310416302606686,
      "overlap_area": 0.9750765595041806
    },
    "Raeq": {
      "real_moments": {
        "mean": 220.80948743119262,
        "median": 193.66001,
        "std": 141.24695669027093,
        "skew": 4.496849695288913,
        "kurtosis": 29.952848462778505
      },
      "synth_moments": {
        "mean": 212.17449866084587,
        "median": 197.92719908683128,
        "std": 86.3874195690724,
        "skew": 0.9326375159034501,
        "kurtosis": 2.6434479875623698
      },
      "KS_stat": 0.07339449541284404,
      "KS_p": 0.9325712647984811,
      "Wasserstein": 19.5769402398495,
      "JSD": 0.039017914906900604,
      "overlap_area": 0.9391589347490088
    },
    "Theq": {
      "real_moments": {
        "mean": 155.1863267889908,
        "median": 136.56014,
        "std": 98.90341948182714,
        "skew": 4.479289412980269,
        "kurtosis": 29.79276992766934
      },
      "synth_moments": {
        "mean": 148.7647738464685,
        "median": 139.68156217239243,
        "std": 60.533430915392636,
        "skew": 0.9209731062883658,
        "kurtosis": 2.558139247205136
      },
      "KS_stat": 0.07339449541284404,
      "KS_p": 0.9325712647984811,
      "Wasserstein": 13.497023185614522,
      "JSD": 0.04218789099977592,
      "overlap_area": 0.9409321043675883
    },
    "Keq": {
      "real_moments": {
        "mean": 2651.9736386238537,
        "median": 2228.3676,
        "std": 1811.0429350912407,
        "skew": 5.008102937890224,
        "kurtosis": 33.882309184918405
      },
      "synth_moments": {
        "mean": 2508.2156205850456,
        "median": 2249.8164751562203,
        "std": 1026.3399104979635,
        "skew": 1.583541039269151,
        "kurtosis": 4.843796115349003
      },
      "KS_stat": 0.08256880733944955,
      "KS_p": 0.8537177036275024,
      "Wasserstein": 234.33474223374623,
      "JSD": 0.06361639035821495,
      "overlap_area": 0.946919013306518
    },
    "IG": {
      "real_moments": {
        "mean": 0.7999194495412842,
        "median": 0.72877,
        "std": 0.4950253455180348,
        "skew": 4.324005521258932,
        "kurtosis": 28.49755443867455
      },
      "synth_moments": {
        "mean": 0.7812624872627801,
        "median": 0.7866365979978969,
        "std": 0.30503561601987617,
        "skew": 0.4895322319180344,
        "kurtosis": 0.9272696660275548
      },
      "KS_stat": 0.09174311926605505,
      "KS_p": 0.7511370048916558,
      "Wasserstein": 0.07472954183153409,
      "JSD": 0.04328187484539961,
      "overlap_area": 0.924727614454925
    },
    "IA": {
      "real_moments": {
        "mean": 0.3748992660550459,
        "median": 0.35718,
        "std": 0.22028081674815472,
        "skew": 1.583885893541485,
        "kurtosis": 4.364752856144418
      },
      "synth_moments": {
        "mean": 0.3628740910172097,
        "median": 0.3552631872587201,
        "std": 0.1776023863278604,
        "skew": 1.0883229908839607,
        "kurtosis": 2.9807606275142993
      },
      "KS_stat": 0.07339449541284404,
      "KS_p": 0.9325712647984811,
      "Wasserstein": 0.02463876972168379,
      "JSD": 0.036087771593811435,
      "overlap_area": 0.9571491991144261
    },
    "IB": {
      "real_moments": {
        "mean": 0.7059155963302752,
        "median": 0.63475,
        "std": 0.42144292108674913,
        "skew": 4.011764769362035,
        "kurtosis": 25.03382413044252
      },
      "synth_moments": {
        "mean": 0.6935271478948528,
        "median": 0.6881489302074486,
        "std": 0.2718290363470839,
        "skew": 0.7256976403357966,
        "kurtosis": 2.1241231585630826
      },
      "KS_stat": 0.09174311926605505,
      "KS_p": 0.7511370048916558,
      "Wasserstein": 0.06287962444289763,
      "JSD": 0.0400418453222465,
      "overlap_area": 0.9243052184954439
    }
  },
  "corr_similarity": {
    "corrcoef": 0.5521684939677935,
    "frob": 2.606732150255379,
    "macd": 0.21766527002302924
  },
  "pca_overlap": {
    "overlap_frac": 0.7798165137614679,
    "pca": "PCA(n_components=3)",
    "explained_variance": "[0.71300107 0.11695446 0.10060074]"
  },
  "MMD2": -0.004992817576014108,
  "SlicedWasserstein": 65.25571666892556,
  "EnergyDistance": 10.840301551381572,
  "gmm_coverage_frac": 0.6666666666666666,
  "knn_coverage": {
    "median_kth": 173.94739248052835,
    "mean_kth": 385.77057921139675,
    "iqr_kth": 160.5755452908052
  }
}