{
  "univariate": {
    "226Ra": {
      "real_moments": {
        "mean": 74.97977183486238,
        "median": 71.4369,
        "std": 44.05617270021668,
        "skew": 1.5838924892056216,
        "kurtosis": 4.364795720944686
      },
      "synth_moments": {
        "mean": 73.75820079694309,
        "median": 70.5950921141089,
        "std": 34.59341730682838,
        "skew": 0.6995687242991663,
        "kurtosis": 0.3729310737636311
      },
      "KS_stat": 0.10091743119266056,
      "KS_p": 0.6379083904221879,
      "Wasserstein": 5.779199554139231,
      "JSD": 0.051291397600483624,
      "overlap_area": 0.9212992643830754
    },
    "232Th": {
      "real_moments": {
        "mean": 68.3011589908257,
        "median": 54.70395,
        "std": 74.86799752698546,
        "skew": 5.899812333485469,
        "kurtosis": 45.73871141090729
      },
      "synth_moments": {
        "mean": 60.897429698066816,
        "median": 52.753697491884445,
        "std": 35.66067802373126,
        "skew": 0.9346849128050674,
        "kurtosis": 0.27855038335729043
      },
      "KS_stat": 0.06422018348623854,
      "KS_p": 0.9791203051957483,
      "Wasserstein": 10.628538393611535,
      "JSD": 0.026220167519725054,
      "overlap_area": 0.9543001006472099
    },
    "40K": {
      "real_moments": {
        "mean": 625.4423234862386,
        "median": 666.06,
        "std": 325.77620030216633,
        "skew": -0.18433595382893606,
        "kurtosis": -1.210803726194395
      },
      "synth_moments": {
        "mean": 640.3025983589869,
        "median": 724.768248235238,
        "std": 335.3189193421713,
        "skew": -0.24596611636776552,
        "kurtosis": -1.294235778203662
      },
      "KS_stat": 0.08256880733944955,
      "KS_p": 0.8537177036275024,
      "Wasserstein": 28.08365053597069,
      "JSD": 0.01537705964618721,
      "overlap_area": 0.9646390310817211
    },
    "Raeq": {
      "real_moments": {
        "mean": 220.80948743119262,
        "median": 193.66001,
        "std": 141.24695669027093,
        "skew": 4.496849695288913,
        "kurtosis": 29.952848462778505
      },
      "synth_moments": {
        "mean": 211.06636983413998,
        "median": 218.10825023757383,
        "std": 75.8126551506753,
        "skew": 0.5833710203276891,
        "kurtosis": -0.000322514953424502
      },
      "KS_stat": 0.09174311926605505,
      "KS_p": 0.7511370048916558,
      "Wasserstein": 23.55189959255746,
      "JSD": 0.05546633386702148,
      "overlap_area": 0.935274483706576
    },
    "Theq": {
      "real_moments": {
        "mean": 155.1863267889908,
        "median": 136.56014,
        "std": 98.90341948182714,
        "skew": 4.479289412980269,
        "kurtosis": 29.79276992766934
      },
      "synth_moments": {
        "mean": 147.8521053627016,
        "median": 152.26210331795073,
        "std": 53.20493417363499,
        "skew": 0.5728573562777278,
        "kurtosis": -0.05626613623880372
      },
      "KS_stat": 0.08256880733944955,
      "KS_p": 0.8537177036275024,
      "Wasserstein": 16.012962711981483,
      "JSD": 0.05601620197534543,
      "overlap_area": 0.9384834570460434
    },
    "Keq": {
      "real_moments": {
        "mean": 2651.9736386238537,
        "median": 2228.3676,
        "std": 1811.0429350912407,
        "skew": 5.008102937890224,
        "kurtosis": 33.882309184918405
      },
      "synth_moments": {
        "mean": 2434.616626615795,
        "median": 2343.3354280011235,
        "std": 857.6818043579351,
        "skew": 1.6507697284346,
        "kurtosis": 3.2195003352455904
      },
      "KS_stat": 0.06422018348623854,
      "KS_p": 0.9791203051957483,
      "Wasserstein": 307.71471194576304,
      "JSD": 0.06189729391028834,
      "overlap_area": 0.9437413681440262
    },
    "IG": {
      "real_moments": {
        "mean": 0.7999194495412842,
        "median": 0.72877,
        "std": 0.4950253455180348,
        "skew": 4.324005521258932,
        "kurtosis": 28.49755443867455
      },
      "synth_moments": {
        "mean": 0.7614021249270688,
        "median": 0.7868478787374004,
        "std": 0.2733485948168216,
        "skew": 0.3977195635225891,
        "kurtosis": -0.516365379652461
      },
      "KS_stat": 0.08256880733944955,
      "KS_p": 0.8537177036275024,
      "Wasserstein": 0.08439549154435597,
      "JSD": 0.06585833845417288,
      "overlap_area": 0.9323221770162003
    },
    "IA": {
      "real_moments": {
        "mean": 0.3748992660550459,
        "median": 0.35718,
        "std": 0.22028081674815472,
        "skew": 1.583885893541485,
        "kurtosis": 4.364752856144418
      },
      "synth_moments": {
        "mean": 0.3695096267533465,
        "median": 0.3447300228147051,
        "std": 0.19814317655733193,
        "skew": 1.4844602373356122,
        "kurtosis": 3.6117461122493113
      },
      "KS_stat": 0.06422018348623854,
      "KS_p": 0.9791203051957483,
      "Wasserstein": 0.018996357274700573,
      "JSD": 0.03247299394923216,
      "overlap_area": 0.944130595659413
    },
    "IB": {
      "real_moments": {
        "mean": 0.7059155963302752,
        "median": 0.63475,
        "std": 0.42144292108674913,
        "skew": 4.011764769362035,
        "kurtosis": 25.03382413044252
      },
      "synth_moments": {
        "mean": 0.6803062533559824,
        "median": 0.6918101660178716,
        "std": 0.2466061005310681,
        "skew": 0.6150730337350397,
        "kurtosis": 0.17638571641981482
      },
      "KS_stat": 0.07339449541284404,
      "KS_p": 0.9325712647984811,
      "Wasserstein": 0.06657154807714347,
      "JSD": 0.056145519876433514,
      "overlap_area": 0.936151096936148
    }
  },
  "corr_similarity": {
    "corrcoef": 0.5855584394079811,
    "frob": 2.5367240271781153,
    "macd": 0.21873999168331673
  },
  "pca_overlap": {
    "overlap_frac": 0.8899082568807339,
    "pca": "PCA(n_components=3)",
    "explained_variance": "[0.71343716 0.12135965 0.10397819]"
  },
  "MMD2": -0.0037944807592482643,
  "SlicedWasserstein": 81.08067224830798,
  "EnergyDistance": 17.945289284253022,
  "gmm_coverage_frac": 0.6666666666666666,
  "knn_coverage": {
    "median_kth": 191.68126779489776,
    "mean_kth": 419.1795998033318,
    "iqr_kth": 201.48853153900006
  }
}