{
  "univariate": {
    "226Ra": {
      "real_moments": {
        "mean": 74.97977183486238,
        "median": 71.4369,
        "std": 44.05617270021668,
        "skew": 1.5838924892056216,
        "kurtosis": 4.364795720944686
      },
      "synth_moments": {
        "mean": 76.92310374301194,
        "median": 76.58503163822354,
        "std": 37.17639615611391,
        "skew": 0.9901571130425469,
        "kurtosis": 2.7315378170335514
      },
      "KS_stat": 0.11926605504587157,
      "KS_p": 0.4218388405059881,
      "Wasserstein": 6.361854488880498,
      "JSD": 0.06578800065571624,
      "overlap_area": 0.9173771946081666
    },
    "232Th": {
      "real_moments": {
        "mean": 68.3011589908257,
        "median": 54.70395,
        "std": 74.86799752698546,
        "skew": 5.899812333485469,
        "kurtosis": 45.73871141090729
      },
      "synth_moments": {
        "mean": 63.6041413475524,
        "median": 52.08439233700005,
        "std": 44.32438262243439,
        "skew": 2.1306853631467346,
        "kurtosis": 6.259551405902297
      },
      "KS_stat": 0.11926605504587157,
      "KS_p": 0.4218388405059881,
      "Wasserstein": 7.562322699564419,
      "JSD": 0.0753693392976851,
      "overlap_area": 0.9631811974471919
    },
    "40K": {
      "real_moments": {
        "mean": 625.4423234862386,
        "median": 666.06,
        "std": 325.77620030216633,
        "skew": -0.18433595382893606,
        "kurtosis": -1.210803726194395
      },
      "synth_moments": {
        "mean": 626.2607412513591,
        "median": 651.8578279807334,
        "std": 315.04435113316333,
        "skew": -0.18597015696586291,
        "kurtosis": -1.162281237236142
      },
      "KS_stat": 0.06422018348623854,
      "KS_p": 0.9791203051957483,
      "Wasserstein": 18.781849732594907,
      "JSD": 0.0045116512218796034,
      "overlap_area": 0.9725657719606509
    },
    "Raeq": {
      "real_moments": {
        "mean": 220.80948743119262,
        "median": 193.66001,
        "std": 141.24695669027093,
        "skew": 4.496849695288913,
        "kurtosis": 29.952848462778505
      },
      "synth_moments": {
        "mean": 214.1162917938064,
        "median": 201.04522835881767,
        "std": 93.90973690513961,
        "skew": 1.7795879160465409,
        "kurtosis": 6.218928531661065
      },
      "KS_stat": 0.08256880733944955,
      "KS_p": 0.8537177036275024,
      "Wasserstein": 15.206344877967636,
      "JSD": 0.055650889428351946,
      "overlap_area": 0.9518997516017808
    },
    "Theq": {
      "real_moments": {
        "mean": 155.1863267889908,
        "median": 136.56014,
        "std": 98.90341948182714,
        "skew": 4.479289412980269,
        "kurtosis": 29.79276992766934
      },
      "synth_moments": {
        "mean": 150.73312693829976,
        "median": 140.2556042766715,
        "std": 66.76682717742459,
        "skew": 1.6030239707636549,
        "kurtosis": 5.013571943206307
      },
      "KS_stat": 0.05504587155963303,
      "KS_p": 0.9967758992890015,
      "Wasserstein": 9.857374792148939,
      "JSD": 0.032282404447435166,
      "overlap_area": 0.9628306479047786
    },
    "Keq": {
      "real_moments": {
        "mean": 2651.9736386238537,
        "median": 2228.3676,
        "std": 1811.0429350912407,
        "skew": 5.008102937890224,
        "kurtosis": 33.882309184918405
      },
      "synth_moments": {
        "mean": 2567.382749781819,
        "median": 2273.3461326717247,
        "std": 1181.4596945101255,
        "skew": 2.50074795488897,
        "kurtosis": 9.226329147549016
      },
      "KS_stat": 0.11009174311926606,
      "KS_p": 0.525558691909033,
      "Wasserstein": 178.7539653354817,
      "JSD": 0.05911912104941812,
      "overlap_area": 0.9573531398421374
    },
    "IG": {
      "real_moments": {
        "mean": 0.7999194495412842,
        "median": 0.72877,
        "std": 0.4950253455180348,
        "skew": 4.324005521258932,
        "kurtosis": 28.49755443867455
      },
      "synth_moments": {
        "mean": 0.7794140014676604,
        "median": 0.7073040015686768,
        "std": 0.3501398481899781,
        "skew": 1.7789533005231297,
        "kurtosis": 5.8999484742055515
      },
      "KS_stat": 0.06422018348623854,
      "KS_p": 0.9791203051957483,
      "Wasserstein": 0.04280504423044923,
      "JSD": 0.03899248318925767,
      "overlap_area": 0.9713411275830168
    },
    "IA": {
      "real_moments": {
        "mean": 0.3748992660550459,
        "median": 0.35718,
        "std": 0.22028081674815472,
        "skew": 1.583885893541485,
        "kurtosis": 4.364752856144418
      },
      "synth_moments": {
        "mean": 0.38598724427746406,
        "median": 0.3862398612300389,
        "std": 0.19073803993058266,
        "skew": 1.1757002022128817,
        "kurtosis": 3.43908317755103
      },
      "KS_stat": 0.11926605504587157,
      "KS_p": 0.4218388405059881,
      "Wasserstein": 0.02905577548493824,
      "JSD": 0.06278171638726414,
      "overlap_area": 0.9249619027589249
    },
    "IB": {
      "real_moments": {
        "mean": 0.7059155963302752,
        "median": 0.63475,
        "std": 0.42144292108674913,
        "skew": 4.011764769362035,
        "kurtosis": 25.03382413044252
      },
      "synth_moments": {
        "mean": 0.690283761467516,
        "median": 0.6324846944966104,
        "std": 0.3090051354693864,
        "skew": 1.9097508666537155,
        "kurtosis": 6.820873023724612
      },
      "KS_stat": 0.06422018348623854,
      "KS_p": 0.9791203051957483,
      "Wasserstein": 0.03826666260429802,
      "JSD": 0.025952129025773964,
      "overlap_area": 0.9677996353948903
    }
  },
  "corr_similarity": {
    "corrcoef": 0.7732866834019446,
    "frob": 1.7825034599291751,
    "macd": 0.13936717842148652
  },
  "pca_overlap": {
    "overlap_frac": 0.981651376146789,
    "pca": "PCA(n_components=3)",
    "explained_variance": "[0.73234015 0.1126513  0.09978489]"
  },
  "MMD2": -0.0063328403465019445,
  "SlicedWasserstein": 50.36267616498087,
  "EnergyDistance": 8.168157238006188,
  "gmm_coverage_frac": 0.6666666666666666,
  "knn_coverage": {
    "median_kth": 173.07599381647452,
    "mean_kth": 383.1579521943333,
    "iqr_kth": 150.45018391495327
  }
}