{
  "univariate": {
    "226Ra": {
      "real_moments": {
        "mean": 74.97977183486238,
        "median": 71.4369,
        "std": 44.05617270021668,
        "skew": 1.5838924892056216,
        "kurtosis": 4.364795720944686
      },
      "synth_moments": {
        "mean": 73.93351712452535,
        "median": 71.80798850942449,
        "std": 43.959429784247035,
        "skew": 1.3817779957638545,
        "kurtosis": 3.2157284357653833
      },
      "KS_stat": 0.07339449541284404,
      "KS_p": 0.9325712647984811,
      "Wasserstein": 2.8284398083178313,
      "JSD": 0.05442738240994403,
      "overlap_area": 0.9712541284819924
    },
    "232Th": {
      "real_moments": {
        "mean": 68.3011589908257,
        "median": 54.70395,
        "std": 74.86799752698546,
        "skew": 5.899812333485469,
        "kurtosis": 45.73871141090729
      },
      "synth_moments": {
        "mean": 62.68787003123405,
        "median": 48.47795359903626,
        "std": 48.07273539580471,
        "skew": 2.554916565148211,
        "kurtosis": 8.771676089694147
      },
      "KS_stat": 0.09174311926605505,
      "KS_p": 0.7511370048916558,
      "Wasserstein": 8.39604797005935,
      "JSD": 0.06491529962705038,
      "overlap_area": 0.9598281077244237
    },
    "40K": {
      "real_moments": {
        "mean": 625.4423234862386,
        "median": 666.06,
        "std": 325.77620030216633,
        "skew": -0.18433595382893606,
        "kurtosis": -1.210803726194395
      },
      "synth_moments": {
        "mean": 610.1492772124054,
        "median": 609.9863357341725,
        "std": 294.65044650723655,
        "skew": -0.024774970012364114,
        "kurtosis": -0.9227723242135184
      },
      "KS_stat": 0.12844036697247707,
      "KS_p": 0.3308699616789528,
      "Wasserstein": 44.0492988271208,
      "JSD": 0.022499531241512293,
      "overlap_area": 0.8931299282609204
    },
    "Raeq": {
      "real_moments": {
        "mean": 220.80948743119262,
        "median": 193.66001,
        "std": 141.24695669027093,
        "skew": 4.496849695288913,
        "kurtosis": 29.952848462778505
      },
      "synth_moments": {
        "mean": 209.9868151923013,
        "median": 180.69567458565515,
        "std": 105.92222222907817,
        "skew": 2.5832700737316476,
        "kurtosis": 9.562057748023893
      },
      "KS_stat": 0.08256880733944955,
      "KS_p": 0.8537177036275024,
      "Wasserstein": 17.293874424303922,
      "JSD": 0.04086707057885201,
      "overlap_area": 0.9318699687508036
    },
    "Theq": {
      "real_moments": {
        "mean": 155.1863267889908,
        "median": 136.56014,
        "std": 98.90341948182714,
        "skew": 4.479289412980269,
        "kurtosis": 29.79276992766934
      },
      "synth_moments": {
        "mean": 149.12570298626338,
        "median": 131.21620113755304,
        "std": 73.0153293847057,
        "skew": 2.4920214654912773,
        "kurtosis": 8.94329130560007
      },
      "KS_stat": 0.06422018348623854,
      "KS_p": 0.9791203051957483,
      "Wasserstein": 11.54733911490404,
      "JSD": 0.05720982110998046,
      "overlap_area": 0.937094961017773
    },
    "Keq": {
      "real_moments": {
        "mean": 2651.9736386238537,
        "median": 2228.3676,
        "std": 1811.0429350912407,
        "skew": 5.008102937890224,
        "kurtosis": 33.882309184918405
      },
      "synth_moments": {
        "mean": 2558.451573406993,
        "median": 2206.9558608975394,
        "std": 1330.5061038108547,
        "skew": 2.9537265454436543,
        "kurtosis": 11.366467849245945
      },
      "KS_stat": 0.08256880733944955,
      "KS_p": 0.8537177036275024,
      "Wasserstein": 189.3789279452627,
      "JSD": 0.08552951568827757,
      "overlap_area": 0.9485649000940537
    },
    "IG": {
      "real_moments": {
        "mean": 0.7999194495412842,
        "median": 0.72877,
        "std": 0.4950253455180348,
        "skew": 4.324005521258932,
        "kurtosis": 28.49755443867455
      },
      "synth_moments": {
        "mean": 0.7731912935574414,
        "median": 0.6562356650310733,
        "std": 0.38465003959044636,
        "skew": 2.6748787565272294,
        "kurtosis": 10.300885616090317
      },
      "KS_stat": 0.09174311926605505,
      "KS_p": 0.7511370048916558,
      "Wasserstein": 0.06322005274157506,
      "JSD": 0.07720604180554735,
      "overlap_area": 0.9247306725201724
    },
    "IA": {
      "real_moments": {
        "mean": 0.3748992660550459,
        "median": 0.35718,
        "std": 0.22028081674815472,
        "skew": 1.583885893541485,
        "kurtosis": 4.364752856144418
      },
      "synth_moments": {
        "mean": 0.3739446772175848,
        "median": 0.3553437697350757,
        "std": 0.22712352317592951,
        "skew": 1.6157008408790179,
        "kurtosis": 4.059208073881869
      },
      "KS_stat": 0.05504587155963303,
      "KS_p": 0.9967758992890015,
      "Wasserstein": 0.013605124788284174,
      "JSD": 0.03702955596601818,
      "overlap_area": 0.9748489908963105
    },
    "IB": {
      "real_moments": {
        "mean": 0.7059155963302752,
        "median": 0.63475,
        "std": 0.42144292108674913,
        "skew": 4.011764769362035,
        "kurtosis": 25.03382413044252
      },
      "synth_moments": {
        "mean": 0.6886524678162644,
        "median": 0.6108894530695649,
        "std": 0.3424593347153387,
        "skew": 2.724991437395607,
        "kurtosis": 10.445143682755493
      },
      "KS_stat": 0.08256880733944955,
      "KS_p": 0.8537177036275024,
      "Wasserstein": 0.050656354881061905,
      "JSD": 0.057790766605425876,
      "overlap_area": 0.9273941275963715
    }
  },
  "corr_similarity": {
    "corrcoef": 0.8683748505705794,
    "frob": 1.5021367806595216,
    "macd": 0.11301549318913115
  },
  "pca_overlap": {
    "overlap_frac": 0.963302752293578,
    "pca": "PCA(n_components=3)",
    "explained_variance": "[0.73925099 0.11831485 0.09054921]"
  },
  "MMD2": -0.003823601195433124,
  "SlicedWasserstein": 63.351522373168116,
  "EnergyDistance": 15.217289488100732,
  "gmm_coverage_frac": 0.6666666666666666,
  "knn_coverage": {
    "median_kth": 209.8053256134365,
    "mean_kth": 435.23099757342356,
    "iqr_kth": 121.71055639033759
  }
}