{
  "univariate": {
    "226Ra": {
      "real_moments": {
        "mean": 74.97977183486238,
        "median": 71.4369,
        "std": 44.05617270021668,
        "skew": 1.5838924892056216,
        "kurtosis": 4.364795720944686
      },
      "synth_moments": {
        "mean": 75.40593933973912,
        "median": 74.66362959711154,
        "std": 48.83813945577898,
        "skew": 1.6077726262885828,
        "kurtosis": 3.6628357284939943
      },
      "KS_stat": 0.08256880733944955,
      "KS_p": 0.8537177036275024,
      "Wasserstein": 4.11480563108183,
      "JSD": 0.036645379635662265,
      "overlap_area": 0.9556917470959883
    },
    "232Th": {
      "real_moments": {
        "mean": 68.3011589908257,
        "median": 54.70395,
        "std": 74.86799752698546,
        "skew": 5.899812333485469,
        "kurtosis": 45.73871141090729
      },
      "synth_moments": {
        "mean": 71.4891439817144,
        "median": 51.556823995184985,
        "std": 84.89713002705098,
        "skew": 4.44425801061306,
        "kurtosis": 23.76769778060507
      },
      "KS_stat": 0.07339449541284404,
      "KS_p": 0.9325712647984811,
      "Wasserstein": 8.160180660738142,
      "JSD": 0.044632155743385776,
      "overlap_area": 0.9570629569864949
    },
    "40K": {
      "real_moments": {
        "mean": 625.4423234862386,
        "median": 666.06,
        "std": 325.77620030216633,
        "skew": -0.18433595382893606,
        "kurtosis": -1.210803726194395
      },
      "synth_moments": {
        "mean": 618.70589240431,
        "median": 640.2256965013945,
        "std": 337.378103941555,
        "skew": -0.1260046833401093,
        "kurtosis": -1.320630221293032
      },
      "KS_stat": 0.07339449541284404,
      "KS_p": 0.9325712647984811,
      "Wasserstein": 23.195069417794993,
      "JSD": 0.013312948611296527,
      "overlap_area": 0.9653658079414977
    },
    "Raeq": {
      "real_moments": {
        "mean": 220.80948743119262,
        "median": 193.66001,
        "std": 141.24695669027093,
        "skew": 4.496849695288913,
        "kurtosis": 29.952848462778505
      },
      "synth_moments": {
        "mean": 219.76506488177918,
        "median": 176.09106144823753,
        "std": 157.43528620218632,
        "skew": 3.557286545594885,
        "kurtosis": 16.737220111734807
      },
      "KS_stat": 0.11009174311926606,
      "KS_p": 0.525558691909033,
      "Wasserstein": 18.71544875136509,
      "JSD": 0.051324923431603456,
      "overlap_area": 0.9296776354579498
    },
    "Theq": {
      "real_moments": {
        "mean": 155.1863267889908,
        "median": 136.56014,
        "std": 98.90341948182714,
        "skew": 4.479289412980269,
        "kurtosis": 29.79276992766934
      },
      "synth_moments": {
        "mean": 156.71442174691956,
        "median": 128.35363998003848,
        "std": 112.11139599727392,
        "skew": 3.475064585169526,
        "kurtosis": 15.833325671266941
      },
      "KS_stat": 0.09174311926605505,
      "KS_p": 0.7511370048916558,
      "Wasserstein": 12.543971679413257,
      "JSD": 0.0529253516669346,
      "overlap_area": 0.93874359318467
    },
    "Keq": {
      "real_moments": {
        "mean": 2651.9736386238537,
        "median": 2228.3676,
        "std": 1811.0429350912407,
        "skew": 5.008102937890224,
        "kurtosis": 33.882309184918405
      },
      "synth_moments": {
        "mean": 2666.945582409422,
        "median": 2076.293929643365,
        "std": 2065.610147856005,
        "skew": 3.907610098955515,
        "kurtosis": 18.58006018867725
      },
      "KS_stat": 0.12844036697247707,
      "KS_p": 0.3308699616789528,
      "Wasserstein": 234.82403384485048,
      "JSD": 0.08103984075878859,
      "overlap_area": 0.9285770719307455
    },
    "IG": {
      "real_moments": {
        "mean": 0.7999194495412842,
        "median": 0.72877,
        "std": 0.4950253455180348,
        "skew": 4.324005521258932,
        "kurtosis": 28.49755443867455
      },
      "synth_moments": {
        "mean": 0.8088592709835835,
        "median": 0.689874455799,
        "std": 0.5565907358216163,
        "skew": 3.303303355523978,
        "kurtosis": 14.764718275628397
      },
      "KS_stat": 0.10091743119266056,
      "KS_p": 0.6379083904221879,
      "Wasserstein": 0.06336566866435434,
      "JSD": 0.047393769752283266,
      "overlap_area": 0.9369315360901974
    },
    "IA": {
      "real_moments": {
        "mean": 0.3748992660550459,
        "median": 0.35718,
        "std": 0.22028081674815472,
        "skew": 1.583885893541485,
        "kurtosis": 4.364752856144418
      },
      "synth_moments": {
        "mean": 0.37630208819121835,
        "median": 0.372577372112,
        "std": 0.24358192375470492,
        "skew": 1.6202565998976204,
        "kurtosis": 3.720464029695658
      },
      "KS_stat": 0.08256880733944955,
      "KS_p": 0.8537177036275024,
      "Wasserstein": 0.02068729134979452,
      "JSD": 0.04034809711101342,
      "overlap_area": 0.9564101793884894
    },
    "IB": {
      "real_moments": {
        "mean": 0.7059155963302752,
        "median": 0.63475,
        "std": 0.42144292108674913,
        "skew": 4.011764769362035,
        "kurtosis": 25.03382413044252
      },
      "synth_moments": {
        "mean": 0.7096597966543653,
        "median": 0.6021006922899999,
        "std": 0.4740608081739168,
        "skew": 3.1815442735290556,
        "kurtosis": 13.869685202514091
      },
      "KS_stat": 0.09174311926605505,
      "KS_p": 0.7511370048916558,
      "Wasserstein": 0.05539635298935996,
      "JSD": 0.04450048511918034,
      "overlap_area": 0.9318139477212506
    }
  },
  "corr_similarity": {
    "corrcoef": 0.9851013792826755,
    "frob": 0.5517102323935249,
    "macd": 0.04072555836908503
  },
  "pca_overlap": {
    "overlap_frac": 0.963302752293578,
    "pca": "PCA(n_components=3)",
    "explained_variance": "[0.80419329 0.1216864  0.07228095]"
  },
  "MMD2": -0.0014386398455497051,
  "SlicedWasserstein": 64.7368646215597,
  "EnergyDistance": 17.3218696135923,
  "gmm_coverage_frac": 0.6666666666666666,
  "knn_coverage": {
    "median_kth": 199.57188692648742,
    "mean_kth": 376.35451902500785,
    "iqr_kth": 137.28919037670607
  }
}