{
  "univariate": {
    "226Ra": {
      "real_moments": {
        "mean": 74.97977183486238,
        "median": 71.4369,
        "std": 44.05617270021668,
        "skew": 1.5838924892056216,
        "kurtosis": 4.364795720944686
      },
      "synth_moments": {
        "mean": 74.63458915430986,
        "median": 72.05817797439428,
        "std": 47.11136306303085,
        "skew": 1.8539895834408138,
        "kurtosis": 4.677881340257486
      },
      "KS_stat": 0.08256880733944955,
      "KS_p": 0.8537177036275024,
      "Wasserstein": 4.2820015817113175,
      "JSD": 0.023952796254395343,
      "overlap_area": 0.9521321371387218
    },
    "232Th": {
      "real_moments": {
        "mean": 68.3011589908257,
        "median": 54.70395,
        "std": 74.86799752698546,
        "skew": 5.899812333485469,
        "kurtosis": 45.73871141090729
      },
      "synth_moments": {
        "mean": 69.50284388001798,
        "median": 58.09562714363968,
        "std": 64.9793432997886,
        "skew": 3.5414439080732834,
        "kurtosis": 14.7775393365696
      },
      "KS_stat": 0.09174311926605505,
      "KS_p": 0.7511370048916558,
      "Wasserstein": 9.096364825068509,
      "JSD": 0.08447328228357062,
      "overlap_area": 0.9422656651447293
    },
    "40K": {
      "real_moments": {
        "mean": 625.4423234862386,
        "median": 666.06,
        "std": 325.77620030216633,
        "skew": -0.18433595382893606,
        "kurtosis": -1.210803726194395
      },
      "synth_moments": {
        "mean": 643.3528546950981,
        "median": 693.1814955579368,
        "std": 291.6049741130281,
        "skew": -0.5201311700725771,
        "kurtosis": -0.9319517670640165
      },
      "KS_stat": 0.11009174311926606,
      "KS_p": 0.525558691909033,
      "Wasserstein": 49.8818698083871,
      "JSD": 0.03901948164229446,
      "overlap_area": 0.8991840480387856
    },
    "Raeq": {
      "real_moments": {
        "mean": 220.80948743119262,
        "median": 193.66001,
        "std": 141.24695669027093,
        "skew": 4.496849695288913,
        "kurtosis": 29.952848462778505
      },
      "synth_moments": {
        "mean": 225.9854459276604,
        "median": 205.31121046798256,
        "std": 137.7598181581472,
        "skew": 3.2929089195137,
        "kurtosis": 13.670163478169407
      },
      "KS_stat": 0.08256880733944955,
      "KS_p": 0.8537177036275024,
      "Wasserstein": 17.08723646858606,
      "JSD": 0.04282653326284222,
      "overlap_area": 0.9414765109802108
    },
    "Theq": {
      "real_moments": {
        "mean": 155.1863267889908,
        "median": 136.56014,
        "std": 98.90341948182714,
        "skew": 4.479289412980269,
        "kurtosis": 29.79276992766934
      },
      "synth_moments": {
        "mean": 157.9274746319648,
        "median": 139.73655999802287,
        "std": 96.99062109090916,
        "skew": 3.2855201447706555,
        "kurtosis": 13.663570462048689
      },
      "KS_stat": 0.08256880733944955,
      "KS_p": 0.8537177036275024,
      "Wasserstein": 11.104599054978328,
      "JSD": 0.041901919888991404,
      "overlap_area": 0.9483251367604715
    },
    "Keq": {
      "real_moments": {
        "mean": 2651.9736386238537,
        "median": 2228.3676,
        "std": 1811.0429350912407,
        "skew": 5.008102937890224,
        "kurtosis": 33.882309184918405
      },
      "synth_moments": {
        "mean": 2691.1152199997423,
        "median": 2308.15537419468,
        "std": 1777.5815685659707,
        "skew": 3.778946332629892,
        "kurtosis": 16.506675816012038
      },
      "KS_stat": 0.09174311926605505,
      "KS_p": 0.7511370048916558,
      "Wasserstein": 198.64956243925528,
      "JSD": 0.10314193224362517,
      "overlap_area": 0.9558564660959066
    },
    "IG": {
      "real_moments": {
        "mean": 0.7999194495412842,
        "median": 0.72877,
        "std": 0.4950253455180348,
        "skew": 4.324005521258932,
        "kurtosis": 28.49755443867455
      },
      "synth_moments": {
        "mean": 0.8275880667012404,
        "median": 0.748499012562,
        "std": 0.518370231871144,
        "skew": 3.457763718498449,
        "kurtosis": 14.83695977598066
      },
      "KS_stat": 0.10091743119266056,
      "KS_p": 0.6379083904221879,
      "Wasserstein": 0.061420784284499055,
      "JSD": 0.03969585896429363,
      "overlap_area": 0.9416208874384703
    },
    "IA": {
      "real_moments": {
        "mean": 0.3748992660550459,
        "median": 0.35718,
        "std": 0.22028081674815472,
        "skew": 1.583885893541485,
        "kurtosis": 4.364752856144418
      },
      "synth_moments": {
        "mean": 0.3739029606455971,
        "median": 0.3648880290904,
        "std": 0.24020890936151693,
        "skew": 1.8801156715669936,
        "kurtosis": 4.755196824236007
      },
      "KS_stat": 0.10091743119266056,
      "KS_p": 0.6379083904221879,
      "Wasserstein": 0.02271224115874496,
      "JSD": 0.03425258093243878,
      "overlap_area": 0.950683057362705
    },
    "IB": {
      "real_moments": {
        "mean": 0.7059155963302752,
        "median": 0.63475,
        "std": 0.42144292108674913,
        "skew": 4.011764769362035,
        "kurtosis": 25.03382413044252
      },
      "synth_moments": {
        "mean": 0.7337071682194846,
        "median": 0.6690583097202001,
        "std": 0.4493515270725481,
        "skew": 3.3980878881098344,
        "kurtosis": 14.352470704988825
      },
      "KS_stat": 0.09174311926605505,
      "KS_p": 0.7511370048916558,
      "Wasserstein": 0.05305667614035956,
      "JSD": 0.05441637750832362,
      "overlap_area": 0.9375034244690941
    }
  },
  "corr_similarity": {
    "corrcoef": 0.8645587633282106,
    "frob": 1.446343657642888,
    "macd": 0.10775441497148187
  },
  "pca_overlap": {
    "overlap_frac": 0.9724770642201835,
    "pca": "PCA(n_components=3)",
    "explained_variance": "[0.74822961 0.11207118 0.08674374]"
  },
  "MMD2": -0.005628117101118546,
  "SlicedWasserstein": 56.17274022405456,
  "EnergyDistance": 9.877726135996,
  "gmm_coverage_frac": 0.6666666666666666,
  "knn_coverage": {
    "median_kth": 184.85631142921693,
    "mean_kth": 386.0660612080106,
    "iqr_kth": 193.58754780549458
  }
}