{
  "univariate": {
    "226Ra": {
      "real_moments": {
        "mean": 74.97977183486238,
        "median": 71.4369,
        "std": 44.05617270021668,
        "skew": 1.5838924892056216,
        "kurtosis": 4.364795720944686
      },
      "synth_moments": {
        "mean": 72.65596099614065,
        "median": 70.3386161609885,
        "std": 38.47773012586257,
        "skew": 1.5376465754943702,
        "kurtosis": 4.310154241941462
      },
      "KS_stat": 0.09174311926605505,
      "KS_p": 0.7511370048916558,
      "Wasserstein": 4.783542916398572,
      "JSD": 0.027696569630491708,
      "overlap_area": 0.9400964447260565
    },
    "232Th": {
      "real_moments": {
        "mean": 68.3011589908257,
        "median": 54.70395,
        "std": 74.86799752698546,
        "skew": 5.899812333485469,
        "kurtosis": 45.73871141090729
      },
      "synth_moments": {
        "mean": 64.91914438401652,
        "median": 51.991407011537966,
        "std": 50.20370191548224,
        "skew": 2.773233481989681,
        "kurtosis": 11.931929009211675
      },
      "KS_stat": 0.10091743119266056,
      "KS_p": 0.6379083904221879,
      "Wasserstein": 6.857349330370212,
      "JSD": 0.061534901737599776,
      "overlap_area": 0.9618409373799051
    },
    "40K": {
      "real_moments": {
        "mean": 625.4423234862386,
        "median": 666.06,
        "std": 325.77620030216633,
        "skew": -0.18433595382893606,
        "kurtosis": -1.210803726194395
      },
      "synth_moments": {
        "mean": 631.0834091493964,
        "median": 678.0768360556488,
        "std": 305.4801891379681,
        "skew": -0.20600547280849843,
        "kurtosis": -1.0343246772795207
      },
      "KS_stat": 0.09174311926605505,
      "KS_p": 0.7511370048916558,
      "Wasserstein": 30.324174198219637,
      "JSD": 0.010323696034978694,
      "overlap_area": 0.9410163258439951
    },
    "Raeq": {
      "real_moments": {
        "mean": 220.80948743119262,
        "median": 193.66001,
        "std": 141.24695669027093,
        "skew": 4.496849695288913,
        "kurtosis": 29.952848462778505
      },
      "synth_moments": {
        "mean": 213.29052216494372,
        "median": 185.6322992354635,
        "std": 103.1046630930683,
        "skew": 2.329939556795109,
        "kurtosis": 9.561940323122336
      },
      "KS_stat": 0.11926605504587157,
      "KS_p": 0.4218388405059881,
      "Wasserstein": 15.964182929892244,
      "JSD": 0.048071442210200266,
      "overlap_area": 0.9390428839557768
    },
    "Theq": {
      "real_moments": {
        "mean": 155.1863267889908,
        "median": 136.56014,
        "std": 98.90341948182714,
        "skew": 4.479289412980269,
        "kurtosis": 29.79276992766934
      },
      "synth_moments": {
        "mean": 151.97662352961157,
        "median": 132.40830332226665,
        "std": 73.37610570130374,
        "skew": 2.2679051031237583,
        "kurtosis": 8.907974504345015
      },
      "KS_stat": 0.12844036697247707,
      "KS_p": 0.3308699616789528,
      "Wasserstein": 10.577156529721503,
      "JSD": 0.03780866843012304,
      "overlap_area": 0.9386145693045905
    },
    "Keq": {
      "real_moments": {
        "mean": 2651.9736386238537,
        "median": 2228.3676,
        "std": 1811.0429350912407,
        "skew": 5.008102937890224,
        "kurtosis": 33.882309184918405
      },
      "synth_moments": {
        "mean": 2568.035516103115,
        "median": 2207.1897803504708,
        "std": 1304.7379906084232,
        "skew": 2.849986092133416,
        "kurtosis": 12.334275518669955
      },
      "KS_stat": 0.12844036697247707,
      "KS_p": 0.3308699616789528,
      "Wasserstein": 180.82469324811566,
      "JSD": 0.10294230499683281,
      "overlap_area": 0.9548168488784544
    },
    "IG": {
      "real_moments": {
        "mean": 0.7999194495412842,
        "median": 0.72877,
        "std": 0.4950253455180348,
        "skew": 4.324005521258932,
        "kurtosis": 28.49755443867455
      },
      "synth_moments": {
        "mean": 0.7796010943737118,
        "median": 0.6872356501620001,
        "std": 0.36777704495615876,
        "skew": 2.0644511258502267,
        "kurtosis": 7.694561130045733
      },
      "KS_stat": 0.09174311926605505,
      "KS_p": 0.7511370048916558,
      "Wasserstein": 0.05430972974702927,
      "JSD": 0.04468441622607394,
      "overlap_area": 0.9380011276208347
    },
    "IA": {
      "real_moments": {
        "mean": 0.3748992660550459,
        "median": 0.35718,
        "std": 0.22028081674815472,
        "skew": 1.583885893541485,
        "kurtosis": 4.364752856144418
      },
      "synth_moments": {
        "mean": 0.36306787811557006,
        "median": 0.3543104138376,
        "std": 0.1916671167662773,
        "skew": 1.5477728908407098,
        "kurtosis": 4.385663632572875
      },
      "KS_stat": 0.09174311926605505,
      "KS_p": 0.7511370048916558,
      "Wasserstein": 0.024379913604995435,
      "JSD": 0.02480619273242428,
      "overlap_area": 0.9404778393525082
    },
    "IB": {
      "real_moments": {
        "mean": 0.7059155963302752,
        "median": 0.63475,
        "std": 0.42144292108674913,
        "skew": 4.011764769362035,
        "kurtosis": 25.03382413044252
      },
      "synth_moments": {
        "mean": 0.6868183450413893,
        "median": 0.6023913243001998,
        "std": 0.3229155568231036,
        "skew": 2.0854254692212746,
        "kurtosis": 7.743146192493336
      },
      "KS_stat": 0.11926605504587157,
      "KS_p": 0.4218388405059881,
      "Wasserstein": 0.04678856925618479,
      "JSD": 0.045976847463092524,
      "overlap_area": 0.9326597298505953
    }
  },
  "corr_similarity": {
    "corrcoef": 0.9978216350030926,
    "frob": 0.3996773956642476,
    "macd": 0.0312799421582845
  },
  "pca_overlap": {
    "overlap_frac": 0.981651376146789,
    "pca": "PCA(n_components=3)",
    "explained_variance": "[0.79139209 0.1286344  0.07720857]"
  },
  "MMD2": -0.00638756361972348,
  "SlicedWasserstein": 52.3909080121544,
  "EnergyDistance": 10.978309846615502,
  "gmm_coverage_frac": 0.6666666666666666,
  "knn_coverage": {
    "median_kth": 197.0914798392938,
    "mean_kth": 404.4977413546322,
    "iqr_kth": 166.19735807732283
  }
}