{
  "univariate": {
    "226Ra": {
      "real_moments": {
        "mean": 74.97977183486238,
        "median": 71.4369,
        "std": 44.05617270021668,
        "skew": 1.5838924892056216,
        "kurtosis": 4.364795720944686
      },
      "synth_moments": {
        "mean": 75.5669308142323,
        "median": 75.40408897872547,
        "std": 47.34666384516834,
        "skew": 1.590974117545193,
        "kurtosis": 3.9154252633914854
      },
      "KS_stat": 0.09174311926605505,
      "KS_p": 0.7511370048916558,
      "Wasserstein": 4.469783807658867,
      "JSD": 0.03512847471681184,
      "overlap_area": 0.9333882149287854
    },
    "232Th": {
      "real_moments": {
        "mean": 68.3011589908257,
        "median": 54.70395,
        "std": 74.86799752698546,
        "skew": 5.899812333485469,
        "kurtosis": 45.73871141090729
      },
      "synth_moments": {
        "mean": 66.29388430717701,
        "median": 52.6055175794265,
        "std": 61.00228523493513,
        "skew": 3.544667875009908,
        "kurtosis": 14.990244367518471
      },
      "KS_stat": 0.06422018348623854,
      "KS_p": 0.9791203051957483,
      "Wasserstein": 8.657307126986304,
      "JSD": 0.08663625531481864,
      "overlap_area": 0.9499995137857669
    },
    "40K": {
      "real_moments": {
        "mean": 625.4423234862386,
        "median": 666.06,
        "std": 325.77620030216633,
        "skew": -0.18433595382893606,
        "kurtosis": -1.210803726194395
      },
      "synth_moments": {
        "mean": 642.3302016933151,
        "median": 705.6908989925641,
        "std": 295.05516206406844,
        "skew": -0.5319892146469742,
        "kurtosis": -0.9652986841103992
      },
      "KS_stat": 0.11926605504587157,
      "KS_p": 0.4218388405059881,
      "Wasserstein": 50.685632884268266,
      "JSD": 0.04460840984337401,
      "overlap_area": 0.8943900221099688
    },
    "Raeq": {
      "real_moments": {
        "mean": 220.80948743119262,
        "median": 193.66001,
        "std": 141.24695669027093,
        "skew": 4.496849695288913,
        "kurtosis": 29.952848462778505
      },
      "synth_moments": {
        "mean": 222.60465282848276,
        "median": 199.01047707137283,
        "std": 131.5404840873325,
        "skew": 3.133056307672042,
        "kurtosis": 12.822432348652981
      },
      "KS_stat": 0.07339449541284404,
      "KS_p": 0.9325712647984811,
      "Wasserstein": 13.83804674080497,
      "JSD": 0.04035562183259012,
      "overlap_area": 0.9554919001489041
    },
    "Theq": {
      "real_moments": {
        "mean": 155.1863267889908,
        "median": 136.56014,
        "std": 98.90341948182714,
        "skew": 4.479289412980269,
        "kurtosis": 29.79276992766934
      },
      "synth_moments": {
        "mean": 156.2545428307482,
        "median": 136.82654636892804,
        "std": 93.0972286964608,
        "skew": 3.1957098335658563,
        "kurtosis": 13.223716532992885
      },
      "KS_stat": 0.06422018348623854,
      "KS_p": 0.9791203051957483,
      "Wasserstein": 9.650804212851085,
      "JSD": 0.030964400501183376,
      "overlap_area": 0.9572580134054242
    },
    "Keq": {
      "real_moments": {
        "mean": 2651.9736386238537,
        "median": 2228.3676,
        "std": 1811.0429350912407,
        "skew": 5.008102937890224,
        "kurtosis": 33.882309184918405
      },
      "synth_moments": {
        "mean": 2632.2504561013643,
        "median": 2267.767023856557,
        "std": 1684.9185689148715,
        "skew": 3.7253954676272545,
        "kurtosis": 16.161088548278315
      },
      "KS_stat": 0.07339449541284404,
      "KS_p": 0.9325712647984811,
      "Wasserstein": 184.37417212404824,
      "JSD": 0.08349959614651367,
      "overlap_area": 0.9603100666014232
    },
    "IG": {
      "real_moments": {
        "mean": 0.7999194495412842,
        "median": 0.72877,
        "std": 0.4950253455180348,
        "skew": 4.324005521258932,
        "kurtosis": 28.49755443867455
      },
      "synth_moments": {
        "mean": 0.812139789475545,
        "median": 0.714578438517,
        "std": 0.49135141863775034,
        "skew": 3.3175202774082373,
        "kurtosis": 14.027277226841441
      },
      "KS_stat": 0.09174311926605505,
      "KS_p": 0.7511370048916558,
      "Wasserstein": 0.05105686809799259,
      "JSD": 0.029437321240197177,
      "overlap_area": 0.9534624892891133
    },
    "IA": {
      "real_moments": {
        "mean": 0.3748992660550459,
        "median": 0.35718,
        "std": 0.22028081674815472,
        "skew": 1.583885893541485,
        "kurtosis": 4.364752856144418
      },
      "synth_moments": {
        "mean": 0.3787431830518419,
        "median": 0.3777078179976,
        "std": 0.2415074865956055,
        "skew": 1.6684153123105576,
        "kurtosis": 4.194480082829041
      },
      "KS_stat": 0.10091743119266056,
      "KS_p": 0.6379083904221879,
      "Wasserstein": 0.02370348618770253,
      "JSD": 0.04557259426096056,
      "overlap_area": 0.9321040424032024
    },
    "IB": {
      "real_moments": {
        "mean": 0.7059155963302752,
        "median": 0.63475,
        "std": 0.42144292108674913,
        "skew": 4.011764769362035,
        "kurtosis": 25.03382413044252
      },
      "synth_moments": {
        "mean": 0.7175663122829091,
        "median": 0.65852305696,
        "std": 0.42596732030889595,
        "skew": 3.2531896795564634,
        "kurtosis": 13.559537769317046
      },
      "KS_stat": 0.08256880733944955,
      "KS_p": 0.8537177036275024,
      "Wasserstein": 0.04347844172149809,
      "JSD": 0.04817481897794962,
      "overlap_area": 0.9492170386134301
    }
  },
  "corr_similarity": {
    "corrcoef": 0.8694405858214358,
    "frob": 1.4259748966515486,
    "macd": 0.10562022030750319
  },
  "pca_overlap": {
    "overlap_frac": 0.9724770642201835,
    "pca": "PCA(n_components=3)",
    "explained_variance": "[0.74895422 0.11223809 0.08678926]"
  },
  "MMD2": -0.00597025165283771,
  "SlicedWasserstein": 56.163472023983616,
  "EnergyDistance": 9.58428526897751,
  "gmm_coverage_frac": 0.6666666666666666,
  "knn_coverage": {
    "median_kth": 186.0041728792267,
    "mean_kth": 396.9431270788609,
    "iqr_kth": 190.47675765857775
  }
}