{
  "univariate": {
    "226Ra": {
      "real_moments": {
        "mean": 74.97977183486238,
        "median": 71.4369,
        "std": 44.05617270021668,
        "skew": 1.5838924892056216,
        "kurtosis": 4.364795720944686
      },
      "synth_moments": {
        "mean": 75.11165582518862,
        "median": 71.97782296070702,
        "std": 43.12466308469964,
        "skew": 1.3901460139724808,
        "kurtosis": 3.52549888278247
      },
      "KS_stat": 0.05504587155963303,
      "KS_p": 0.9967758992890015,
      "Wasserstein": 2.5099428854624173,
      "JSD": 0.036098857136363516,
      "overlap_area": 0.9801735588908022
    },
    "232Th": {
      "real_moments": {
        "mean": 68.3011589908257,
        "median": 54.70395,
        "std": 74.86799752698546,
        "skew": 5.899812333485469,
        "kurtosis": 45.73871141090729
      },
      "synth_moments": {
        "mean": 65.23851544761773,
        "median": 47.50692438217175,
        "std": 58.41851381742716,
        "skew": 3.8980459529572853,
        "kurtosis": 24.023312012902466
      },
      "KS_stat": 0.07339449541284404,
      "KS_p": 0.9325712647984811,
      "Wasserstein": 5.430905622672299,
      "JSD": 0.04403554418131966,
      "overlap_area": 0.9622320768649122
    },
    "40K": {
      "real_moments": {
        "mean": 625.4423234862386,
        "median": 666.06,
        "std": 325.77620030216633,
        "skew": -0.18433595382893606,
        "kurtosis": -1.210803726194395
      },
      "synth_moments": {
        "mean": 614.1238649980502,
        "median": 645.5004720656098,
        "std": 320.5459712857702,
        "skew": -0.121490194543139,
        "kurtosis": -1.3232837250491412
      },
      "KS_stat": 0.07339449541284404,
      "KS_p": 0.9325712647984811,
      "Wasserstein": 21.367345716040827,
      "JSD": 0.012047058069986334,
      "overlap_area": 0.9693836209879216
    },
    "Raeq": {
      "real_moments": {
        "mean": 220.80948743119262,
        "median": 193.66001,
        "std": 141.24695669027093,
        "skew": 4.496849695288913,
        "kurtosis": 29.952848462778505
      },
      "synth_moments": {
        "mean": 224.70421110985512,
        "median": 213.60524031488248,
        "std": 156.72803060862918,
        "skew": 4.176317454072172,
        "kurtosis": 24.146981427295703
      },
      "KS_stat": 0.08256880733944955,
      "KS_p": 0.8537177036275024,
      "Wasserstein": 11.482784705842654,
      "JSD": 0.0419873642802102,
      "overlap_area": 0.9475590815774046
    },
    "Theq": {
      "real_moments": {
        "mean": 155.1863267889908,
        "median": 136.56014,
        "std": 98.90341948182714,
        "skew": 4.479289412980269,
        "kurtosis": 29.79276992766934
      },
      "synth_moments": {
        "mean": 157.29492581642927,
        "median": 147.51598622224336,
        "std": 108.71759292454692,
        "skew": 4.198465936899018,
        "kurtosis": 24.5076045053187
      },
      "KS_stat": 0.08256880733944955,
      "KS_p": 0.8537177036275024,
      "Wasserstein": 7.538145925522952,
      "JSD": 0.04634391248333447,
      "overlap_area": 0.9508091483295092
    },
    "Keq": {
      "real_moments": {
        "mean": 2651.9736386238537,
        "median": 2228.3676,
        "std": 1811.0429350912407,
        "skew": 5.008102937890224,
        "kurtosis": 33.882309184918405
      },
      "synth_moments": {
        "mean": 2715.056400855626,
        "median": 2354.034426426653,
        "std": 2055.3003609891575,
        "skew": 4.65472857940793,
        "kurtosis": 27.037495962467965
      },
      "KS_stat": 0.08256880733944955,
      "KS_p": 0.8537177036275024,
      "Wasserstein": 150.40222174185922,
      "JSD": 0.05365705190155448,
      "overlap_area": 0.9566151841632928
    },
    "IG": {
      "real_moments": {
        "mean": 0.7999194495412842,
        "median": 0.72877,
        "std": 0.4950253455180348,
        "skew": 4.324005521258932,
        "kurtosis": 28.49755443867455
      },
      "synth_moments": {
        "mean": 0.8083439294944804,
        "median": 0.7867955228553112,
        "std": 0.5460273893826145,
        "skew": 4.065023704482337,
        "kurtosis": 23.471568103890224
      },
      "KS_stat": 0.08256880733944955,
      "KS_p": 0.8537177036275024,
      "Wasserstein": 0.04040889035740563,
      "JSD": 0.028628608146870235,
      "overlap_area": 0.9477979011220727
    },
    "IA": {
      "real_moments": {
        "mean": 0.3748992660550459,
        "median": 0.35718,
        "std": 0.22028081674815472,
        "skew": 1.583885893541485,
        "kurtosis": 4.364752856144418
      },
      "synth_moments": {
        "mean": 0.3845931453644773,
        "median": 0.3699743642330593,
        "std": 0.24105386599822934,
        "skew": 1.7119797582766945,
        "kurtosis": 4.512453678581957
      },
      "KS_stat": 0.06422018348623854,
      "KS_p": 0.9791203051957483,
      "Wasserstein": 0.018992985711453605,
      "JSD": 0.032248534897875145,
      "overlap_area": 0.9515623934692037
    },
    "IB": {
      "real_moments": {
        "mean": 0.7059155963302752,
        "median": 0.63475,
        "std": 0.42144292108674913,
        "skew": 4.011764769362035,
        "kurtosis": 25.03382413044252
      },
      "synth_moments": {
        "mean": 0.717067260036623,
        "median": 0.6918730053120625,
        "std": 0.4492249387396378,
        "skew": 3.7671249879171937,
        "kurtosis": 21.66248972199167
      },
      "KS_stat": 0.08256880733944955,
      "KS_p": 0.8537177036275024,
      "Wasserstein": 0.03377728644540029,
      "JSD": 0.03145078456084906,
      "overlap_area": 0.9401471357462323
    }
  },
  "corr_similarity": {
    "corrcoef": 0.8042330249006902,
    "frob": 1.6992775551568025,
    "macd": 0.1221390858237687
  },
  "pca_overlap": {
    "overlap_frac": 0.981651376146789,
    "pca": "PCA(n_components=3)",
    "explained_variance": "[0.73372653 0.11213199 0.08901814]"
  },
  "MMD2": -0.005405838251686168,
  "SlicedWasserstein": 41.834370217311545,
  "EnergyDistance": 7.467914850490388,
  "gmm_coverage_frac": 0.6666666666666666,
  "knn_coverage": {
    "median_kth": 172.96462427595793,
    "mean_kth": 370.94731653884554,
    "iqr_kth": 155.42300347937652
  }
}