{
  "univariate": {
    "226Ra": {
      "real_moments": {
        "mean": 74.97977183486238,
        "median": 71.4369,
        "std": 44.05617270021668,
        "skew": 1.5838924892056216,
        "kurtosis": 4.364795720944686
      },
      "synth_moments": {
        "mean": 72.76012605056698,
        "median": 72.8485807404244,
        "std": 32.58647136231641,
        "skew": 0.49596648693348305,
        "kurtosis": 0.2325197889461541
      },
      "KS_stat": 0.08256880733944955,
      "KS_p": 0.8537177036275024,
      "Wasserstein": 5.997884927612313,
      "JSD": 0.048879015129463604,
      "overlap_area": 0.9500491623076703
    },
    "232Th": {
      "real_moments": {
        "mean": 68.3011589908257,
        "median": 54.70395,
        "std": 74.86799752698546,
        "skew": 5.899812333485469,
        "kurtosis": 45.73871141090729
      },
      "synth_moments": {
        "mean": 63.44168297106089,
        "median": 53.42694536658872,
        "std": 37.908040364568386,
        "skew": 1.0733005491288066,
        "kurtosis": 0.39494937333483904
      },
      "KS_stat": 0.09174311926605505,
      "KS_p": 0.7511370048916558,
      "Wasserstein": 9.625001619358448,
      "JSD": 0.05796616965234423,
      "overlap_area": 0.9682414831320479
    },
    "40K": {
      "real_moments": {
        "mean": 625.4423234862386,
        "median": 666.06,
        "std": 325.77620030216633,
        "skew": -0.18433595382893606,
        "kurtosis": -1.210803726194395
      },
      "synth_moments": {
        "mean": 634.8276249027608,
        "median": 685.3736416656927,
        "std": 319.54834966137753,
        "skew": -0.28388823153321674,
        "kurtosis": -1.2167645634374862
      },
      "KS_stat": 0.06422018348623854,
      "KS_p": 0.9791203051957483,
      "Wasserstein": 21.99673101541277,
      "JSD": 0.014123888608477433,
      "overlap_area": 0.976677715908552
    },
    "Raeq": {
      "real_moments": {
        "mean": 220.80948743119262,
        "median": 193.66001,
        "std": 141.24695669027093,
        "skew": 4.496849695288913,
        "kurtosis": 29.952848462778505
      },
      "synth_moments": {
        "mean": 210.75031529139432,
        "median": 199.5631582133441,
        "std": 82.31795107651503,
        "skew": 0.5385549222882269,
        "kurtosis": 0.47221705990465646
      },
      "KS_stat": 0.08256880733944955,
      "KS_p": 0.8537177036275024,
      "Wasserstein": 17.826903553487487,
      "JSD": 0.02454585802973657,
      "overlap_area": 0.9534301776114718
    },
    "Theq": {
      "real_moments": {
        "mean": 155.1863267889908,
        "median": 136.56014,
        "std": 98.90341948182714,
        "skew": 4.479289412980269,
        "kurtosis": 29.79276992766934
      },
      "synth_moments": {
        "mean": 149.54454996155258,
        "median": 144.80995485603037,
        "std": 58.375900684592125,
        "skew": 0.5523826994819926,
        "kurtosis": 0.6148569267985913
      },
      "KS_stat": 0.08256880733944955,
      "KS_p": 0.8537177036275024,
      "Wasserstein": 12.92573390934969,
      "JSD": 0.024017695654240685,
      "overlap_area": 0.9447059907434371
    },
    "Keq": {
      "real_moments": {
        "mean": 2651.9736386238537,
        "median": 2228.3676,
        "std": 1811.0429350912407,
        "skew": 5.008102937890224,
        "kurtosis": 33.882309184918405
      },
      "synth_moments": {
        "mean": 2554.5237868577697,
        "median": 2278.3687648111454,
        "std": 1014.8918482454785,
        "skew": 1.176288463340045,
        "kurtosis": 2.0242458971690818
      },
      "KS_stat": 0.09174311926605505,
      "KS_p": 0.7511370048916558,
      "Wasserstein": 233.91045505742426,
      "JSD": 0.05196307015032574,
      "overlap_area": 0.9455755421005784
    },
    "IG": {
      "real_moments": {
        "mean": 0.7999194495412842,
        "median": 0.72877,
        "std": 0.4950253455180348,
        "skew": 4.324005521258932,
        "kurtosis": 28.49755443867455
      },
      "synth_moments": {
        "mean": 0.7768827041771973,
        "median": 0.7590168653090539,
        "std": 0.29396822860823896,
        "skew": 0.35313272978440075,
        "kurtosis": 0.02575686565379698
      },
      "KS_stat": 0.08256880733944955,
      "KS_p": 0.8537177036275024,
      "Wasserstein": 0.06953814082206164,
      "JSD": 0.015397312943883024,
      "overlap_area": 0.937112239917504
    },
    "IA": {
      "real_moments": {
        "mean": 0.3748992660550459,
        "median": 0.35718,
        "std": 0.22028081674815472,
        "skew": 1.583885893541485,
        "kurtosis": 4.364752856144418
      },
      "synth_moments": {
        "mean": 0.3642907796063835,
        "median": 0.3756528192148253,
        "std": 0.17222890188268114,
        "skew": 0.9951716165373717,
        "kurtosis": 2.5749180889225665
      },
      "KS_stat": 0.06422018348623854,
      "KS_p": 0.9791203051957483,
      "Wasserstein": 0.027249401570834796,
      "JSD": 0.04082649373107691,
      "overlap_area": 0.9549644682926512
    },
    "IB": {
      "real_moments": {
        "mean": 0.7059155963302752,
        "median": 0.63475,
        "std": 0.42144292108674913,
        "skew": 4.011764769362035,
        "kurtosis": 25.03382413044252
      },
      "synth_moments": {
        "mean": 0.6884387591977403,
        "median": 0.6456040262544385,
        "std": 0.26072014372614044,
        "skew": 0.4719105135300225,
        "kurtosis": 0.5867213560837343
      },
      "KS_stat": 0.10091743119266056,
      "KS_p": 0.6379083904221879,
      "Wasserstein": 0.05743178658428941,
      "JSD": 0.03736304166369991,
      "overlap_area": 0.9339196899158821
    }
  },
  "corr_similarity": {
    "corrcoef": 0.5571140243310514,
    "frob": 2.635160662916509,
    "macd": 0.2188600011876817
  },
  "pca_overlap": {
    "overlap_frac": 0.8715596330275229,
    "pca": "PCA(n_components=3)",
    "explained_variance": "[0.71362814 0.11718022 0.1024306 ]"
  },
  "MMD2": -0.005122205967667215,
  "SlicedWasserstein": 65.31203304821739,
  "EnergyDistance": 11.736946097352757,
  "gmm_coverage_frac": 0.6666666666666666,
  "knn_coverage": {
    "median_kth": 182.64511168721754,
    "mean_kth": 373.0933505526482,
    "iqr_kth": 156.90477894437146
  }
}