{
  "univariate": {
    "226Ra": {
      "real_moments": {
        "mean": 74.97977183486238,
        "median": 71.4369,
        "std": 44.05617270021668,
        "skew": 1.5838924892056216,
        "kurtosis": 4.364795720944686
      },
      "synth_moments": {
        "mean": 76.89349165875751,
        "median": 75.07310022924656,
        "std": 45.59210955645923,
        "skew": 1.3721785502570598,
        "kurtosis": 3.1787541652847677
      },
      "KS_stat": 0.08256880733944955,
      "KS_p": 0.8537177036275024,
      "Wasserstein": 3.620718033802783,
      "JSD": 0.014279350758458605,
      "overlap_area": 0.962847511138304
    },
    "232Th": {
      "real_moments": {
        "mean": 68.3011589908257,
        "median": 54.70395,
        "std": 74.86799752698546,
        "skew": 5.899812333485469,
        "kurtosis": 45.73871141090729
      },
      "synth_moments": {
        "mean": 66.36556000862264,
        "median": 47.80899602476354,
        "std": 65.04353742669767,
        "skew": 5.031572523429726,
        "kurtosis": 34.881690053162394
      },
      "KS_stat": 0.09174311926605505,
      "KS_p": 0.7511370048916558,
      "Wasserstein": 6.213457714451188,
      "JSD": 0.055168779841718765,
      "overlap_area": 0.9488671189736746
    },
    "40K": {
      "real_moments": {
        "mean": 625.4423234862386,
        "median": 666.06,
        "std": 325.77620030216633,
        "skew": -0.18433595382893606,
        "kurtosis": -1.210803726194395
      },
      "synth_moments": {
        "mean": 602.759384492478,
        "median": 655.1346233052898,
        "std": 333.14649398268324,
        "skew": -0.15117823787177773,
        "kurtosis": -1.4210912756299985
      },
      "KS_stat": 0.11009174311926606,
      "KS_p": 0.525558691909033,
      "Wasserstein": 30.38023244876559,
      "JSD": 0.018706331425418072,
      "overlap_area": 0.9486992186176164
    },
    "Raeq": {
      "real_moments": {
        "mean": 220.80948743119262,
        "median": 193.66001,
        "std": 141.24695669027093,
        "skew": 4.496849695288913,
        "kurtosis": 29.952848462778505
      },
      "synth_moments": {
        "mean": 218.63606918205699,
        "median": 184.1189712269827,
        "std": 131.58978542410748,
        "skew": 3.5704610763723736,
        "kurtosis": 19.480708741020553
      },
      "KS_stat": 0.08256880733944955,
      "KS_p": 0.8537177036275024,
      "Wasserstein": 12.957178942433167,
      "JSD": 0.07433609400921662,
      "overlap_area": 0.9389127361990505
    },
    "Theq": {
      "real_moments": {
        "mean": 155.1863267889908,
        "median": 136.56014,
        "std": 98.90341948182714,
        "skew": 4.479289412980269,
        "kurtosis": 29.79276992766934
      },
      "synth_moments": {
        "mean": 153.9422950960085,
        "median": 128.58052286660018,
        "std": 92.36094083932272,
        "skew": 3.577447798866507,
        "kurtosis": 19.452976509910926
      },
      "KS_stat": 0.09174311926605505,
      "KS_p": 0.7511370048916558,
      "Wasserstein": 9.254232946747162,
      "JSD": 0.07201052583302321,
      "overlap_area": 0.9368450605593154
    },
    "Keq": {
      "real_moments": {
        "mean": 2651.9736386238537,
        "median": 2228.3676,
        "std": 1811.0429350912407,
        "skew": 5.008102937890224,
        "kurtosis": 33.882309184918405
      },
      "synth_moments": {
        "mean": 2629.9721384132977,
        "median": 2246.163543014869,
        "std": 1656.9049426496824,
        "skew": 4.312401125065191,
        "kurtosis": 24.88669390451576
      },
      "KS_stat": 0.10091743119266056,
      "KS_p": 0.6379083904221879,
      "Wasserstein": 173.17447627901205,
      "JSD": 0.0807624953883726,
      "overlap_area": 0.9331275017663175
    },
    "IG": {
      "real_moments": {
        "mean": 0.7999194495412842,
        "median": 0.72877,
        "std": 0.4950253455180348,
        "skew": 4.324005521258932,
        "kurtosis": 28.49755443867455
      },
      "synth_moments": {
        "mean": 0.7964743058487944,
        "median": 0.6737055429420001,
        "std": 0.48107104481336843,
        "skew": 3.686664005168265,
        "kurtosis": 20.498408599747016
      },
      "KS_stat": 0.09174311926605505,
      "KS_p": 0.7511370048916558,
      "Wasserstein": 0.04810321455556684,
      "JSD": 0.08035529633750682,
      "overlap_area": 0.9349590406448485
    },
    "IA": {
      "real_moments": {
        "mean": 0.3748992660550459,
        "median": 0.35718,
        "std": 0.22028081674815472,
        "skew": 1.583885893541485,
        "kurtosis": 4.364752856144418
      },
      "synth_moments": {
        "mean": 0.3893251484940654,
        "median": 0.379111313148,
        "std": 0.2331657045698045,
        "skew": 1.424508500345997,
        "kurtosis": 3.295761514048592
      },
      "KS_stat": 0.08256880733944955,
      "KS_p": 0.8537177036275024,
      "Wasserstein": 0.020558377232046985,
      "JSD": 0.03631533582745326,
      "overlap_area": 0.9579201125304867
    },
    "IB": {
      "real_moments": {
        "mean": 0.7059155963302752,
        "median": 0.63475,
        "std": 0.42144292108674913,
        "skew": 4.011764769362035,
        "kurtosis": 25.03382413044252
      },
      "synth_moments": {
        "mean": 0.7057541596325568,
        "median": 0.5982315447182,
        "std": 0.41315284681679576,
        "skew": 3.4717275151906417,
        "kurtosis": 18.372103643814764
      },
      "KS_stat": 0.07339449541284404,
      "KS_p": 0.9325712647984811,
      "Wasserstein": 0.040962420636171615,
      "JSD": 0.07936671028550843,
      "overlap_area": 0.9384660207217178
    }
  },
  "corr_similarity": {
    "corrcoef": 0.8571797973702187,
    "frob": 1.4874103961790097,
    "macd": 0.10739991070659688
  },
  "pca_overlap": {
    "overlap_frac": 0.963302752293578,
    "pca": "PCA(n_components=3)",
    "explained_variance": "[0.74774424 0.11419819 0.08595051]"
  },
  "MMD2": -0.002724670339627311,
  "SlicedWasserstein": 50.71403849546697,
  "EnergyDistance": 11.106483586866716,
  "gmm_coverage_frac": 0.6666666666666666,
  "knn_coverage": {
    "median_kth": 183.49439707687682,
    "mean_kth": 399.1841969230525,
    "iqr_kth": 175.6125732759217
  }
}