{
  "univariate": {
    "226Ra": {
      "real_moments": {
        "mean": 74.97977183486238,
        "median": 71.4369,
        "std": 44.05617270021668,
        "skew": 1.5838924892056216,
        "kurtosis": 4.364795720944686
      },
      "synth_moments": {
        "mean": 74.89951944707408,
        "median": 70.02096304315116,
        "std": 39.42320267451314,
        "skew": 0.8692355702494681,
        "kurtosis": 0.8450946804655706
      },
      "KS_stat": 0.07339449541284404,
      "KS_p": 0.9325712647984811,
      "Wasserstein": 5.079699372598282,
      "JSD": 0.05238225591172836,
      "overlap_area": 0.9327659356849193
    },
    "232Th": {
      "real_moments": {
        "mean": 68.3011589908257,
        "median": 54.70395,
        "std": 74.86799752698546,
        "skew": 5.899812333485469,
        "kurtosis": 45.73871141090729
      },
      "synth_moments": {
        "mean": 69.74411766504099,
        "median": 55.34893448734322,
        "std": 54.76306363406389,
        "skew": 2.072624823374682,
        "kurtosis": 7.122301408848131
      },
      "KS_stat": 0.09174311926605505,
      "KS_p": 0.7511370048916558,
      "Wasserstein": 10.691758602680707,
      "JSD": 0.08336828108967378,
      "overlap_area": 0.9314274767580283
    },
    "40K": {
      "real_moments": {
        "mean": 625.4423234862386,
        "median": 666.06,
        "std": 325.77620030216633,
        "skew": -0.18433595382893606,
        "kurtosis": -1.210803726194395
      },
      "synth_moments": {
        "mean": 621.9675193063797,
        "median": 637.6651732473221,
        "std": 332.356552117064,
        "skew": -0.03733393168160787,
        "kurtosis": -1.1468599363004215
      },
      "KS_stat": 0.06422018348623854,
      "KS_p": 0.9791203051957483,
      "Wasserstein": 32.94987434009182,
      "JSD": 0.028839258822154254,
      "overlap_area": 0.9396524999557235
    },
    "Raeq": {
      "real_moments": {
        "mean": 220.80948743119262,
        "median": 193.66001,
        "std": 141.24695669027093,
        "skew": 4.496849695288913,
        "kurtosis": 29.952848462778505
      },
      "synth_moments": {
        "mean": 264.1739936133083,
        "median": 227.19890682579856,
        "std": 232.51074045947738,
        "skew": 2.7273721962239508,
        "kurtosis": 8.004444944281406
      },
      "KS_stat": 0.12844036697247707,
      "KS_p": 0.3308699616789528,
      "Wasserstein": 58.417338208093014,
      "JSD": 0.08154276622530363,
      "overlap_area": 0.9004429143989926
    },
    "Theq": {
      "real_moments": {
        "mean": 155.1863267889908,
        "median": 136.56014,
        "std": 98.90341948182714,
        "skew": 4.479289412980269,
        "kurtosis": 29.79276992766934
      },
      "synth_moments": {
        "mean": 199.17546940487432,
        "median": 150.203301800885,
        "std": 190.84482264045738,
        "skew": 2.1692231677354896,
        "kurtosis": 4.631598844311298
      },
      "KS_stat": 0.14678899082568808,
      "KS_p": 0.1912990232276764,
      "Wasserstein": 61.007836747883665,
      "JSD": 0.1259794737847389,
      "overlap_area": 0.8524966134302576
    },
    "Keq": {
      "real_moments": {
        "mean": 2651.9736386238537,
        "median": 2228.3676,
        "std": 1811.0429350912407,
        "skew": 5.008102937890224,
        "kurtosis": 33.882309184918405
      },
      "synth_moments": {
        "mean": 3343.5061472463444,
        "median": 2395.9021899098493,
        "std": 3077.2147754329544,
        "skew": 2.6461390920238226,
        "kurtosis": 7.182291697155646
      },
      "KS_stat": 0.14678899082568808,
      "KS_p": 0.1912990232276764,
      "Wasserstein": 863.4816168737846,
      "JSD": 0.08787725320274613,
      "overlap_area": 0.8756237661080739
    },
    "IG": {
      "real_moments": {
        "mean": 0.7999194495412842,
        "median": 0.72877,
        "std": 0.4950253455180348,
        "skew": 4.324005521258932,
        "kurtosis": 28.49755443867455
      },
      "synth_moments": {
        "mean": 1.0297713875212542,
        "median": 0.721224240019299,
        "std": 1.0267912299574489,
        "skew": 2.0554799631241534,
        "kurtosis": 3.4248144006604413
      },
      "KS_stat": 0.14678899082568808,
      "KS_p": 0.1912990232276764,
      "Wasserstein": 0.32098329918253465,
      "JSD": 0.11704707416010604,
      "overlap_area": 0.8447904147884097
    },
    "IA": {
      "real_moments": {
        "mean": 0.3748992660550459,
        "median": 0.35718,
        "std": 0.22028081674815472,
        "skew": 1.583885893541485,
        "kurtosis": 4.364752856144418
      },
      "synth_moments": {
        "mean": 0.3871450293418389,
        "median": 0.3336011034964202,
        "std": 0.28557867725023495,
        "skew": 1.645797408833255,
        "kurtosis": 2.8449617227651656
      },
      "KS_stat": 0.10091743119266056,
      "KS_p": 0.6379083904221879,
      "Wasserstein": 0.04409724042926257,
      "JSD": 0.020531815807388623,
      "overlap_area": 0.9248950028170557
    },
    "IB": {
      "real_moments": {
        "mean": 0.7059155963302752,
        "median": 0.63475,
        "std": 0.42144292108674913,
        "skew": 4.011764769362035,
        "kurtosis": 25.03382413044252
      },
      "synth_moments": {
        "mean": 0.8808982509825124,
        "median": 0.642274102488808,
        "std": 0.7936263183322851,
        "skew": 2.1529530128179784,
        "kurtosis": 4.661832184600811
      },
      "KS_stat": 0.1651376146788991,
      "KS_p": 0.10235367370749972,
      "Wasserstein": 0.2477624282851751,
      "JSD": 0.09010330749445918,
      "overlap_area": 0.8492573268680906
    }
  },
  "corr_similarity": {
    "corrcoef": 0.399188608245454,
    "frob": 3.6225129990110645,
    "macd": 0.3251839105426244
  },
  "pca_overlap": {
    "overlap_frac": 0.5137614678899083,
    "pca": "PCA(n_components=3)",
    "explained_variance": "[0.52835431 0.12518979 0.1061666 ]"
  },
  "MMD2": 0.022025968751290703,
  "SlicedWasserstein": 236.3386149332181,
  "EnergyDistance": 136.26926107050622,
  "gmm_coverage_frac": 0.6666666666666666,
  "knn_coverage": {
    "median_kth": 277.0934517159338,
    "mean_kth": 384.40674367562667,
    "iqr_kth": 141.19552983768173
  }
}