{
  "univariate": {
    "226Ra": {
      "real_moments": {
        "mean": 74.97977183486238,
        "median": 71.4369,
        "std": 44.05617270021668,
        "skew": 1.5838924892056216,
        "kurtosis": 4.364795720944686
      },
      "synth_moments": {
        "mean": 75.22138476669717,
        "median": 69.30172219758097,
        "std": 48.52711116680115,
        "skew": 1.8499005059803266,
        "kurtosis": 4.207383777956498
      },
      "KS_stat": 0.09174311926605505,
      "KS_p": 0.7511370048916558,
      "Wasserstein": 4.857401730465602,
      "JSD": 0.029534704784569276,
      "overlap_area": 0.9431997111437298
    },
    "232Th": {
      "real_moments": {
        "mean": 68.3011589908257,
        "median": 54.70395,
        "std": 74.86799752698546,
        "skew": 5.899812333485469,
        "kurtosis": 45.73871141090729
      },
      "synth_moments": {
        "mean": 68.21695267321151,
        "median": 48.40399257032696,
        "std": 62.39632499669591,
        "skew": 3.2572995080433373,
        "kurtosis": 13.367246305952612
      },
      "KS_stat": 0.11009174311926606,
      "KS_p": 0.525558691909033,
      "Wasserstein": 8.278894528822125,
      "JSD": 0.10438181915233452,
      "overlap_area": 0.9551632908875834
    },
    "40K": {
      "real_moments": {
        "mean": 625.4423234862386,
        "median": 666.06,
        "std": 325.77620030216633,
        "skew": -0.18433595382893606,
        "kurtosis": -1.210803726194395
      },
      "synth_moments": {
        "mean": 622.9091812238482,
        "median": 677.9802503129001,
        "std": 331.52855724275355,
        "skew": -0.27285355546398904,
        "kurtosis": -1.2139952935599216
      },
      "KS_stat": 0.06422018348623854,
      "KS_p": 0.9791203051957483,
      "Wasserstein": 22.22994646259579,
      "JSD": 0.013674967675412989,
      "overlap_area": 0.9710134271082984
    },
    "Raeq": {
      "real_moments": {
        "mean": 220.80948743119262,
        "median": 193.66001,
        "std": 141.24695669027093,
        "skew": 4.496849695288913,
        "kurtosis": 29.952848462778505
      },
      "synth_moments": {
        "mean": 219.854877943878,
        "median": 177.0315142667325,
        "std": 136.01654083824388,
        "skew": 2.9579858455659735,
        "kurtosis": 11.123246303015982
      },
      "KS_stat": 0.09174311926605505,
      "KS_p": 0.7511370048916558,
      "Wasserstein": 18.052074967543195,
      "JSD": 0.05683346343301768,
      "overlap_area": 0.9279457545747322
    },
    "Theq": {
      "real_moments": {
        "mean": 155.1863267889908,
        "median": 136.56014,
        "std": 98.90341948182714,
        "skew": 4.479289412980269,
        "kurtosis": 29.79276992766934
      },
      "synth_moments": {
        "mean": 154.73460192324586,
        "median": 124.48770439721748,
        "std": 94.88858313101994,
        "skew": 2.9209900092913252,
        "kurtosis": 10.92692455472762
      },
      "KS_stat": 0.08256880733944955,
      "KS_p": 0.8537177036275024,
      "Wasserstein": 12.503110050633886,
      "JSD": 0.05677676436829253,
      "overlap_area": 0.9298535771448216
    },
    "Keq": {
      "real_moments": {
        "mean": 2651.9736386238537,
        "median": 2228.3676,
        "std": 1811.0429350912407,
        "skew": 5.008102937890224,
        "kurtosis": 33.882309184918405
      },
      "synth_moments": {
        "mean": 2652.755718893185,
        "median": 2148.12257656512,
        "std": 1742.289013637048,
        "skew": 3.3854400167681336,
        "kurtosis": 13.780523589560683
      },
      "KS_stat": 0.09174311926605505,
      "KS_p": 0.7511370048916558,
      "Wasserstein": 202.6125124134689,
      "JSD": 0.10362145661611379,
      "overlap_area": 0.9386812783391165
    },
    "IG": {
      "real_moments": {
        "mean": 0.7999194495412842,
        "median": 0.72877,
        "std": 0.4950253455180348,
        "skew": 4.324005521258932,
        "kurtosis": 28.49755443867455
      },
      "synth_moments": {
        "mean": 0.8017920187132255,
        "median": 0.6834990755191999,
        "std": 0.4709392821940001,
        "skew": 2.719812378994904,
        "kurtosis": 9.74596483667966
      },
      "KS_stat": 0.07339449541284404,
      "KS_p": 0.9325712647984811,
      "Wasserstein": 0.06149382417921095,
      "JSD": 0.058037746879151926,
      "overlap_area": 0.9374913349178942
    },
    "IA": {
      "real_moments": {
        "mean": 0.3748992660550459,
        "median": 0.35718,
        "std": 0.22028081674815472,
        "skew": 1.583885893541485,
        "kurtosis": 4.364752856144418
      },
      "synth_moments": {
        "mean": 0.3755942381235758,
        "median": 0.341151332832,
        "std": 0.241811027325532,
        "skew": 1.852538394111886,
        "kurtosis": 4.254520380828282
      },
      "KS_stat": 0.08256880733944955,
      "KS_p": 0.8537177036275024,
      "Wasserstein": 0.02417626565106495,
      "JSD": 0.03831731644987079,
      "overlap_area": 0.9445505290362025
    },
    "IB": {
      "real_moments": {
        "mean": 0.7059155963302752,
        "median": 0.63475,
        "std": 0.42144292108674913,
        "skew": 4.011764769362035,
        "kurtosis": 25.03382413044252
      },
      "synth_moments": {
        "mean": 0.7089958472889962,
        "median": 0.5874933464844999,
        "std": 0.41618671622973136,
        "skew": 2.7016569782799085,
        "kurtosis": 9.476415063929876
      },
      "KS_stat": 0.08256880733944955,
      "KS_p": 0.8537177036275024,
      "Wasserstein": 0.053861741033739585,
      "JSD": 0.06223251686361013,
      "overlap_area": 0.9338646739240982
    }
  },
  "corr_similarity": {
    "corrcoef": 0.9882288748681677,
    "frob": 0.4880946094198575,
    "macd": 0.0342202018490701
  },
  "pca_overlap": {
    "overlap_frac": 0.944954128440367,
    "pca": "PCA(n_components=3)",
    "explained_variance": "[0.79860465 0.13359762 0.06556617]"
  },
  "MMD2": -0.004517902901744808,
  "SlicedWasserstein": 56.828411286619776,
  "EnergyDistance": 13.272778671654578,
  "gmm_coverage_frac": 0.6666666666666666,
  "knn_coverage": {
    "median_kth": 189.46884051920827,
    "mean_kth": 385.22986762779016,
    "iqr_kth": 178.6442662838412
  }
}