{
  "univariate": {
    "226Ra": {
      "real_moments": {
        "mean": 74.97977183486238,
        "median": 71.4369,
        "std": 44.05617270021668,
        "skew": 1.5838924892056216,
        "kurtosis": 4.364795720944686
      },
      "synth_moments": {
        "mean": 74.85778159211006,
        "median": 67.50551087850944,
        "std": 39.61378581171035,
        "skew": 0.6136242536374186,
        "kurtosis": -0.18538141553177256
      },
      "KS_stat": 0.08256880733944955,
      "KS_p": 0.8537177036275024,
      "Wasserstein": 7.188642277191249,
      "JSD": 0.06107824956995006,
      "overlap_area": 0.8925798491409134
    },
    "232Th": {
      "real_moments": {
        "mean": 68.3011589908257,
        "median": 54.70395,
        "std": 74.86799752698546,
        "skew": 5.899812333485469,
        "kurtosis": 45.73871141090729
      },
      "synth_moments": {
        "mean": 64.73770186731764,
        "median": 53.8203017724998,
        "std": 48.44267577311362,
        "skew": 2.4142509972627755,
        "kurtosis": 7.369417098477651
      },
      "KS_stat": 0.10091743119266056,
      "KS_p": 0.6379083904221879,
      "Wasserstein": 9.347479401775812,
      "JSD": 0.14388570621669589,
      "overlap_area": 0.9263648408254908
    },
    "40K": {
      "real_moments": {
        "mean": 625.4423234862386,
        "median": 666.06,
        "std": 325.77620030216633,
        "skew": -0.18433595382893606,
        "kurtosis": -1.210803726194395
      },
      "synth_moments": {
        "mean": 626.9991859875877,
        "median": 642.6692551760126,
        "std": 322.61948973034043,
        "skew": -0.22428487382473075,
        "kurtosis": -1.1080186125952953
      },
      "KS_stat": 0.05504587155963303,
      "KS_p": 0.9967758992890015,
      "Wasserstein": 23.25939077052857,
      "JSD": 0.021691278853534255,
      "overlap_area": 0.9619156541352062
    },
    "Raeq": {
      "real_moments": {
        "mean": 220.80948743119262,
        "median": 193.66001,
        "std": 141.24695669027093,
        "skew": 4.496849695288913,
        "kurtosis": 29.952848462778505
      },
      "synth_moments": {
        "mean": 214.1756256668126,
        "median": 196.03928567916148,
        "std": 108.24989149309494,
        "skew": 1.4247933178893408,
        "kurtosis": 2.6532295450013423
      },
      "KS_stat": 0.08256880733944955,
      "KS_p": 0.8537177036275024,
      "Wasserstein": 18.769169198121617,
      "JSD": 0.07382466135221971,
      "overlap_area": 0.9369366318775691
    },
    "Theq": {
      "real_moments": {
        "mean": 155.1863267889908,
        "median": 136.56014,
        "std": 98.90341948182714,
        "skew": 4.479289412980269,
        "kurtosis": 29.79276992766934
      },
      "synth_moments": {
        "mean": 154.38670157385226,
        "median": 133.1619874075513,
        "std": 78.58619054306372,
        "skew": 1.4668809741269542,
        "kurtosis": 2.5371702132948837
      },
      "KS_stat": 0.11009174311926606,
      "KS_p": 0.525558691909033,
      "Wasserstein": 15.569405289276679,
      "JSD": 0.0582573013316859,
      "overlap_area": 0.9416731686961077
    },
    "Keq": {
      "real_moments": {
        "mean": 2651.9736386238537,
        "median": 2228.3676,
        "std": 1811.0429350912407,
        "skew": 5.008102937890224,
        "kurtosis": 33.882309184918405
      },
      "synth_moments": {
        "mean": 2688.061871724022,
        "median": 2571.197675818937,
        "std": 1298.805206591145,
        "skew": 1.2912007975758086,
        "kurtosis": 2.0682271354530757
      },
      "KS_stat": 0.1834862385321101,
      "KS_p": 0.05077282859718498,
      "Wasserstein": 347.5038481402985,
      "JSD": 0.10564471879735962,
      "overlap_area": 0.8819964019471553
    },
    "IG": {
      "real_moments": {
        "mean": 0.7999194495412842,
        "median": 0.72877,
        "std": 0.4950253455180348,
        "skew": 4.324005521258932,
        "kurtosis": 28.49755443867455
      },
      "synth_moments": {
        "mean": 0.7895184900844355,
        "median": 0.7208921740457359,
        "std": 0.4102811000092237,
        "skew": 1.5196463706600607,
        "kurtosis": 3.2852974354544306
      },
      "KS_stat": 0.10091743119266056,
      "KS_p": 0.6379083904221879,
      "Wasserstein": 0.07253188820633631,
      "JSD": 0.053301154410826945,
      "overlap_area": 0.9366067876535921
    },
    "IA": {
      "real_moments": {
        "mean": 0.3748992660550459,
        "median": 0.35718,
        "std": 0.22028081674815472,
        "skew": 1.583885893541485,
        "kurtosis": 4.364752856144418
      },
      "synth_moments": {
        "mean": 0.3726164498859608,
        "median": 0.3357551788683703,
        "std": 0.198657549091262,
        "skew": 0.7343753460472637,
        "kurtosis": 0.13278595235643698
      },
      "KS_stat": 0.11009174311926606,
      "KS_p": 0.525558691909033,
      "Wasserstein": 0.041705158161885796,
      "JSD": 0.09361386292609641,
      "overlap_area": 0.8668982869500659
    },
    "IB": {
      "real_moments": {
        "mean": 0.7059155963302752,
        "median": 0.63475,
        "std": 0.42144292108674913,
        "skew": 4.011764769362035,
        "kurtosis": 25.03382413044252
      },
      "synth_moments": {
        "mean": 0.7083043896611821,
        "median": 0.6704816645547458,
        "std": 0.35415800476249276,
        "skew": 1.235263440589464,
        "kurtosis": 2.144107914291009
      },
      "KS_stat": 0.12844036697247707,
      "KS_p": 0.3308699616789528,
      "Wasserstein": 0.06935073550854605,
      "JSD": 0.04893061216887079,
      "overlap_area": 0.921501554117537
    }
  },
  "corr_similarity": {
    "corrcoef": 0.780073432020268,
    "frob": 1.753241788245749,
    "macd": 0.1555587674947912
  },
  "pca_overlap": {
    "overlap_frac": 0.926605504587156,
    "pca": "PCA(n_components=3)",
    "explained_variance": "[0.71390916 0.11029275 0.09671303]"
  },
  "MMD2": 0.005366384887949938,
  "SlicedWasserstein": 89.65437404615965,
  "EnergyDistance": 38.75629181472573,
  "gmm_coverage_frac": 0.6666666666666666,
  "knn_coverage": {
    "median_kth": 236.46725531122942,
    "mean_kth": 419.36772704793117,
    "iqr_kth": 112.68173658826547
  }
}