{
  "univariate": {
    "226Ra": {
      "real_moments": {
        "mean": 74.97977183486238,
        "median": 71.4369,
        "std": 44.05617270021668,
        "skew": 1.5838924892056216,
        "kurtosis": 4.364795720944686
      },
      "synth_moments": {
        "mean": 74.72840200100273,
        "median": 77.83972348742655,
        "std": 45.72604685989111,
        "skew": 1.6438855141566509,
        "kurtosis": 4.361645256514235
      },
      "KS_stat": 0.10091743119266056,
      "KS_p": 0.6379083904221879,
      "Wasserstein": 3.8853251125681525,
      "JSD": 0.0460419781212065,
      "overlap_area": 0.9441619530548506
    },
    "232Th": {
      "real_moments": {
        "mean": 68.3011589908257,
        "median": 54.70395,
        "std": 74.86799752698546,
        "skew": 5.899812333485469,
        "kurtosis": 45.73871141090729
      },
      "synth_moments": {
        "mean": 67.03963193534484,
        "median": 55.78868254275477,
        "std": 61.93648830329802,
        "skew": 3.714061447446606,
        "kurtosis": 16.154441520586268
      },
      "KS_stat": 0.08256880733944955,
      "KS_p": 0.8537177036275024,
      "Wasserstein": 9.313374401709883,
      "JSD": 0.06093573653097717,
      "overlap_area": 0.9350584084081874
    },
    "40K": {
      "real_moments": {
        "mean": 625.4423234862386,
        "median": 666.06,
        "std": 325.77620030216633,
        "skew": -0.18433595382893606,
        "kurtosis": -1.210803726194395
      },
      "synth_moments": {
        "mean": 642.6522239807805,
        "median": 704.2850446545026,
        "std": 296.0629963272114,
        "skew": -0.5287105513944698,
        "kurtosis": -0.9338715464143879
      },
      "KS_stat": 0.10091743119266056,
      "KS_p": 0.6379083904221879,
      "Wasserstein": 49.39816209298872,
      "JSD": 0.03544798378531813,
      "overlap_area": 0.8951307269473388
    },
    "Raeq": {
      "real_moments": {
        "mean": 220.80948743119262,
        "median": 193.66001,
        "std": 141.24695669027093,
        "skew": 4.496849695288913,
        "kurtosis": 29.952848462778505
      },
      "synth_moments": {
        "mean": 221.05620275341863,
        "median": 204.43129796294272,
        "std": 129.9566178436968,
        "skew": 3.2370480721210098,
        "kurtosis": 13.593315403627209
      },
      "KS_stat": 0.07339449541284404,
      "KS_p": 0.9325712647984811,
      "Wasserstein": 15.781304960849091,
      "JSD": 0.03880769033363253,
      "overlap_area": 0.9465703184487335
    },
    "Theq": {
      "real_moments": {
        "mean": 155.1863267889908,
        "median": 136.56014,
        "std": 98.90341948182714,
        "skew": 4.479289412980269,
        "kurtosis": 29.79276992766934
      },
      "synth_moments": {
        "mean": 154.91502327230742,
        "median": 138.50973415966598,
        "std": 91.56551872662362,
        "skew": 3.26922363942984,
        "kurtosis": 13.807767169192655
      },
      "KS_stat": 0.06422018348623854,
      "KS_p": 0.9791203051957483,
      "Wasserstein": 10.459683226423365,
      "JSD": 0.04810877660991972,
      "overlap_area": 0.9511916391879698
    },
    "Keq": {
      "real_moments": {
        "mean": 2651.9736386238537,
        "median": 2228.3676,
        "std": 1811.0429350912407,
        "skew": 5.008102937890224,
        "kurtosis": 33.882309184918405
      },
      "synth_moments": {
        "mean": 2602.038029627025,
        "median": 2324.706157042456,
        "std": 1647.0988572119643,
        "skew": 3.85368185607281,
        "kurtosis": 17.13945200166291
      },
      "KS_stat": 0.11009174311926606,
      "KS_p": 0.525558691909033,
      "Wasserstein": 222.88860122671258,
      "JSD": 0.09311373944862499,
      "overlap_area": 0.9502254014195235
    },
    "IG": {
      "real_moments": {
        "mean": 0.7999194495412842,
        "median": 0.72877,
        "std": 0.4950253455180348,
        "skew": 4.324005521258932,
        "kurtosis": 28.49755443867455
      },
      "synth_moments": {
        "mean": 0.8077966402136185,
        "median": 0.737292922523,
        "std": 0.49019173374025193,
        "skew": 3.4279998881646514,
        "kurtosis": 14.851265569772831
      },
      "KS_stat": 0.07339449541284404,
      "KS_p": 0.9325712647984811,
      "Wasserstein": 0.05572011829637421,
      "JSD": 0.03588994281876255,
      "overlap_area": 0.9473272225767616
    },
    "IA": {
      "real_moments": {
        "mean": 0.3748992660550459,
        "median": 0.35718,
        "std": 0.22028081674815472,
        "skew": 1.583885893541485,
        "kurtosis": 4.364752856144418
      },
      "synth_moments": {
        "mean": 0.376040915253266,
        "median": 0.389878469872,
        "std": 0.2328943177506457,
        "skew": 1.734669875354152,
        "kurtosis": 4.681230000346164
      },
      "KS_stat": 0.09174311926605505,
      "KS_p": 0.7511370048916558,
      "Wasserstein": 0.020510586553625674,
      "JSD": 0.050034586787663926,
      "overlap_area": 0.9457564343089153
    },
    "IB": {
      "real_moments": {
        "mean": 0.7059155963302752,
        "median": 0.63475,
        "std": 0.42144292108674913,
        "skew": 4.011764769362035,
        "kurtosis": 25.03382413044252
      },
      "synth_moments": {
        "mean": 0.7165556203322954,
        "median": 0.6540503575232001,
        "std": 0.42333093572874003,
        "skew": 3.4010741752821434,
        "kurtosis": 14.651832753328613
      },
      "KS_stat": 0.09174311926605505,
      "KS_p": 0.7511370048916558,
      "Wasserstein": 0.047580861024801746,
      "JSD": 0.045792022628147244,
      "overlap_area": 0.9390451962471688
    }
  },
  "corr_similarity": {
    "corrcoef": 0.8686701273502502,
    "frob": 1.4308590553898646,
    "macd": 0.1065646465302291
  },
  "pca_overlap": {
    "overlap_frac": 0.9724770642201835,
    "pca": "PCA(n_components=3)",
    "explained_variance": "[0.74874897 0.1121152  0.08749806]"
  },
  "MMD2": -0.004539694099547464,
  "SlicedWasserstein": 63.89219880937476,
  "EnergyDistance": 13.345469005863833,
  "gmm_coverage_frac": 0.6666666666666666,
  "knn_coverage": {
    "median_kth": 180.6266477006878,
    "mean_kth": 399.87073616291156,
    "iqr_kth": 195.38765159053926
  }
}