{
  "univariate": {
    "226Ra": {
      "real_moments": {
        "mean": 74.97977183486238,
        "median": 71.4369,
        "std": 44.05617270021668,
        "skew": 1.5838924892056216,
        "kurtosis": 4.364795720944686
      },
      "synth_moments": {
        "mean": 73.25881908085803,
        "median": 72.4724953831499,
        "std": 33.96717386387092,
        "skew": 0.38462038222088857,
        "kurtosis": 0.00037917100768503076
      },
      "KS_stat": 0.09174311926605505,
      "KS_p": 0.7511370048916558,
      "Wasserstein": 5.555910897848489,
      "JSD": 0.05320731134125005,
      "overlap_area": 0.9408797754465559
    },
    "232Th": {
      "real_moments": {
        "mean": 68.3011589908257,
        "median": 54.70395,
        "std": 74.86799752698546,
        "skew": 5.899812333485469,
        "kurtosis": 45.73871141090729
      },
      "synth_moments": {
        "mean": 64.42574837483384,
        "median": 51.26395191043952,
        "std": 51.1776598415392,
        "skew": 2.341401966988258,
        "kurtosis": 7.026732370009963
      },
      "KS_stat": 0.10091743119266056,
      "KS_p": 0.6379083904221879,
      "Wasserstein": 7.316523741837125,
      "JSD": 0.04935080646442182,
      "overlap_area": 0.9547073949705667
    },
    "40K": {
      "real_moments": {
        "mean": 625.4423234862386,
        "median": 666.06,
        "std": 325.77620030216633,
        "skew": -0.18433595382893606,
        "kurtosis": -1.210803726194395
      },
      "synth_moments": {
        "mean": 606.7761729417721,
        "median": 641.5934941134649,
        "std": 321.714893269672,
        "skew": -0.07167722226015705,
        "kurtosis": -1.2400297729696912
      },
      "KS_stat": 0.10091743119266056,
      "KS_p": 0.6379083904221879,
      "Wasserstein": 27.674385075999723,
      "JSD": 0.01548684381722696,
      "overlap_area": 0.958661474751749
    },
    "Raeq": {
      "real_moments": {
        "mean": 220.80948743119262,
        "median": 193.66001,
        "std": 141.24695669027093,
        "skew": 4.496849695288913,
        "kurtosis": 29.952848462778505
      },
      "synth_moments": {
        "mean": 208.56840660500754,
        "median": 189.6881859998961,
        "std": 92.90073547695582,
        "skew": 1.205646380282967,
        "kurtosis": 2.6107730057191505
      },
      "KS_stat": 0.05504587155963303,
      "KS_p": 0.9967758992890015,
      "Wasserstein": 15.060638254621807,
      "JSD": 0.03788712016235933,
      "overlap_area": 0.9718412093359614
    },
    "Theq": {
      "real_moments": {
        "mean": 155.1863267889908,
        "median": 136.56014,
        "std": 98.90341948182714,
        "skew": 4.479289412980269,
        "kurtosis": 29.79276992766934
      },
      "synth_moments": {
        "mean": 146.63228510420458,
        "median": 133.06907627806882,
        "std": 65.55517479601303,
        "skew": 1.214060049932061,
        "kurtosis": 2.5951055401845515
      },
      "KS_stat": 0.045871559633027525,
      "KS_p": 0.9998685304465402,
      "Wasserstein": 10.592588168483658,
      "JSD": 0.030372939745654744,
      "overlap_area": 0.9704272467899874
    },
    "Keq": {
      "real_moments": {
        "mean": 2651.9736386238537,
        "median": 2228.3676,
        "std": 1811.0429350912407,
        "skew": 5.008102937890224,
        "kurtosis": 33.882309184918405
      },
      "synth_moments": {
        "mean": 2540.4214077696847,
        "median": 2282.16918120962,
        "std": 1196.5272301994776,
        "skew": 1.9354168933494544,
        "kurtosis": 5.246434937782505
      },
      "KS_stat": 0.07339449541284404,
      "KS_p": 0.9325712647984811,
      "Wasserstein": 170.59933113688714,
      "JSD": 0.08515301944989151,
      "overlap_area": 0.9725374379333187
    },
    "IG": {
      "real_moments": {
        "mean": 0.7999194495412842,
        "median": 0.72877,
        "std": 0.4950253455180348,
        "skew": 4.324005521258932,
        "kurtosis": 28.49755443867455
      },
      "synth_moments": {
        "mean": 0.778262063500554,
        "median": 0.7119365117479999,
        "std": 0.36089376577335647,
        "skew": 1.4568725226731178,
        "kurtosis": 3.8313998474741284
      },
      "KS_stat": 0.09174311926605505,
      "KS_p": 0.7511370048916558,
      "Wasserstein": 0.04708736666570631,
      "JSD": 0.03504255670891628,
      "overlap_area": 0.9717003117225327
    },
    "IA": {
      "real_moments": {
        "mean": 0.3748992660550459,
        "median": 0.35718,
        "std": 0.22028081674815472,
        "skew": 1.583885893541485,
        "kurtosis": 4.364752856144418
      },
      "synth_moments": {
        "mean": 0.372563476089641,
        "median": 0.3782147811488,
        "std": 0.1754102222734947,
        "skew": 0.5271824561089634,
        "kurtosis": 0.3490100415813022
      },
      "KS_stat": 0.10091743119266056,
      "KS_p": 0.6379083904221879,
      "Wasserstein": 0.02590001421642861,
      "JSD": 0.03508570356883653,
      "overlap_area": 0.9429597024184468
    },
    "IB": {
      "real_moments": {
        "mean": 0.7059155963302752,
        "median": 0.63475,
        "std": 0.42144292108674913,
        "skew": 4.011764769362035,
        "kurtosis": 25.03382413044252
      },
      "synth_moments": {
        "mean": 0.6907026916004091,
        "median": 0.6124521166879999,
        "std": 0.31390806284907524,
        "skew": 1.3442812204066745,
        "kurtosis": 3.4707965739882116
      },
      "KS_stat": 0.09174311926605505,
      "KS_p": 0.7511370048916558,
      "Wasserstein": 0.04001951292110084,
      "JSD": 0.04335656205004244,
      "overlap_area": 0.9698883037392598
    }
  },
  "corr_similarity": {
    "corrcoef": 0.7868070351786298,
    "frob": 1.732798578996418,
    "macd": 0.13512523123350767
  },
  "pca_overlap": {
    "overlap_frac": 0.981651376146789,
    "pca": "PCA(n_components=3)",
    "explained_variance": "[0.72933495 0.11095531 0.09828065]"
  },
  "MMD2": -0.007857690530215455,
  "SlicedWasserstein": 53.60394669936746,
  "EnergyDistance": 8.98439070611289,
  "gmm_coverage_frac": 0.6666666666666666,
  "knn_coverage": {
    "median_kth": 212.96271133404917,
    "mean_kth": 397.5592959649346,
    "iqr_kth": 118.16601705255084
  }
}