{
  "univariate": {
    "226Ra": {
      "real_moments": {
        "mean": 74.97977183486238,
        "median": 71.4369,
        "std": 44.05617270021668,
        "skew": 1.5838924892056216,
        "kurtosis": 4.364795720944686
      },
      "synth_moments": {
        "mean": 73.4627034408338,
        "median": 76.8595961705205,
        "std": 43.57070452859809,
        "skew": 1.6556532116989182,
        "kurtosis": 4.408061343258404
      },
      "KS_stat": 0.09174311926605505,
      "KS_p": 0.7511370048916558,
      "Wasserstein": 3.5287234418249294,
      "JSD": 0.03765950511208849,
      "overlap_area": 0.9613170204828159
    },
    "232Th": {
      "real_moments": {
        "mean": 68.3011589908257,
        "median": 54.70395,
        "std": 74.86799752698546,
        "skew": 5.899812333485469,
        "kurtosis": 45.73871141090729
      },
      "synth_moments": {
        "mean": 67.0280564363809,
        "median": 50.21745817139723,
        "std": 59.33110112669549,
        "skew": 3.165862192447145,
        "kurtosis": 14.254335971531166
      },
      "KS_stat": 0.08256880733944955,
      "KS_p": 0.8537177036275024,
      "Wasserstein": 6.582867395689148,
      "JSD": 0.051848199728671614,
      "overlap_area": 0.9560279517533256
    },
    "40K": {
      "real_moments": {
        "mean": 625.4423234862386,
        "median": 666.06,
        "std": 325.77620030216633,
        "skew": -0.18433595382893606,
        "kurtosis": -1.210803726194395
      },
      "synth_moments": {
        "mean": 647.029972439642,
        "median": 700.579638516663,
        "std": 313.408298562384,
        "skew": -0.3402957892218091,
        "kurtosis": -1.0506823953890403
      },
      "KS_stat": 0.08256880733944955,
      "KS_p": 0.8537177036275024,
      "Wasserstein": 32.536230954783164,
      "JSD": 0.011789807991004429,
      "overlap_area": 0.9490754068700356
    },
    "Raeq": {
      "real_moments": {
        "mean": 220.80948743119262,
        "median": 193.66001,
        "std": 141.24695669027093,
        "skew": 4.496849695288913,
        "kurtosis": 29.952848462778505
      },
      "synth_moments": {
        "mean": 219.88256253891973,
        "median": 196.0387954419545,
        "std": 124.8437972369564,
        "skew": 2.8315978603361596,
        "kurtosis": 12.616192684841957
      },
      "KS_stat": 0.10091743119266056,
      "KS_p": 0.6379083904221879,
      "Wasserstein": 11.31900510777117,
      "JSD": 0.04567085849352409,
      "overlap_area": 0.9568602153078268
    },
    "Theq": {
      "real_moments": {
        "mean": 155.1863267889908,
        "median": 136.56014,
        "std": 98.90341948182714,
        "skew": 4.479289412980269,
        "kurtosis": 29.79276992766934
      },
      "synth_moments": {
        "mean": 156.9030803893417,
        "median": 137.97687686386877,
        "std": 87.67490081138982,
        "skew": 2.715341395034018,
        "kurtosis": 11.707585640488947
      },
      "KS_stat": 0.07339449541284404,
      "KS_p": 0.9325712647984811,
      "Wasserstein": 9.146365078520867,
      "JSD": 0.05545278473671694,
      "overlap_area": 0.95165643855763
    },
    "Keq": {
      "real_moments": {
        "mean": 2651.9736386238537,
        "median": 2228.3676,
        "std": 1811.0429350912407,
        "skew": 5.008102937890224,
        "kurtosis": 33.882309184918405
      },
      "synth_moments": {
        "mean": 2670.9544323817577,
        "median": 2191.4575048087486,
        "std": 1565.1787402525808,
        "skew": 3.207855417439076,
        "kurtosis": 14.71282704172318
      },
      "KS_stat": 0.08256880733944955,
      "KS_p": 0.8537177036275024,
      "Wasserstein": 174.33687367298208,
      "JSD": 0.07063088323899866,
      "overlap_area": 0.9433565636227323
    },
    "IG": {
      "real_moments": {
        "mean": 0.7999194495412842,
        "median": 0.72877,
        "std": 0.4950253455180348,
        "skew": 4.324005521258932,
        "kurtosis": 28.49755443867455
      },
      "synth_moments": {
        "mean": 0.8013322032561977,
        "median": 0.7344729905658326,
        "std": 0.45413464722793745,
        "skew": 2.9975009977863905,
        "kurtosis": 13.797441924064515
      },
      "KS_stat": 0.05504587155963303,
      "KS_p": 0.9967758992890015,
      "Wasserstein": 0.038292324376146034,
      "JSD": 0.045877528686176665,
      "overlap_area": 0.9646059221054388
    },
    "IA": {
      "real_moments": {
        "mean": 0.3748992660550459,
        "median": 0.35718,
        "std": 0.22028081674815472,
        "skew": 1.583885893541485,
        "kurtosis": 4.364752856144418
      },
      "synth_moments": {
        "mean": 0.3708818338682645,
        "median": 0.3856505275849063,
        "std": 0.22742946669722136,
        "skew": 1.778928167968735,
        "kurtosis": 4.706714451794756
      },
      "KS_stat": 0.10091743119266056,
      "KS_p": 0.6379083904221879,
      "Wasserstein": 0.019202840721337096,
      "JSD": 0.053696238793994724,
      "overlap_area": 0.9606372098378974
    },
    "IB": {
      "real_moments": {
        "mean": 0.7059155963302752,
        "median": 0.63475,
        "std": 0.42144292108674913,
        "skew": 4.011764769362035,
        "kurtosis": 25.03382413044252
      },
      "synth_moments": {
        "mean": 0.7074612470063846,
        "median": 0.6411835995088292,
        "std": 0.3979569627400033,
        "skew": 2.959755536230033,
        "kurtosis": 13.502077320786444
      },
      "KS_stat": 0.10091743119266056,
      "KS_p": 0.6379083904221879,
      "Wasserstein": 0.03302364282151363,
      "JSD": 0.0509811599722063,
      "overlap_area": 0.9593030315303369
    }
  },
  "corr_similarity": {
    "corrcoef": 0.851708554838089,
    "frob": 1.5150953172581179,
    "macd": 0.11082466737944285
  },
  "pca_overlap": {
    "overlap_frac": 0.9724770642201835,
    "pca": "PCA(n_components=3)",
    "explained_variance": "[0.74447597 0.11459039 0.08841295]"
  },
  "MMD2": -0.004583193938978436,
  "SlicedWasserstein": 48.96870946082055,
  "EnergyDistance": 11.189750728342005,
  "gmm_coverage_frac": 0.6666666666666666,
  "knn_coverage": {
    "median_kth": 184.99072586673168,
    "mean_kth": 382.20675112182226,
    "iqr_kth": 135.1660690169159
  }
}