{
  "univariate": {
    "226Ra": {
      "real_moments": {
        "mean": 74.97977183486238,
        "median": 71.4369,
        "std": 44.05617270021668,
        "skew": 1.5838924892056216,
        "kurtosis": 4.364795720944686
      },
      "synth_moments": {
        "mean": 72.98636177120297,
        "median": 70.66910815447748,
        "std": 39.53988369089388,
        "skew": 0.9449919059839121,
        "kurtosis": 1.4971160681266635
      },
      "KS_stat": 0.06422018348623854,
      "KS_p": 0.9791203051957483,
      "Wasserstein": 3.9885617105920974,
      "JSD": 0.05830151468021594,
      "overlap_area": 0.9504131763112178
    },
    "232Th": {
      "real_moments": {
        "mean": 68.3011589908257,
        "median": 54.70395,
        "std": 74.86799752698546,
        "skew": 5.899812333485469,
        "kurtosis": 45.73871141090729
      },
      "synth_moments": {
        "mean": 65.30114023179381,
        "median": 57.533455484425424,
        "std": 42.60616123251971,
        "skew": 1.324379149367619,
        "kurtosis": 2.14526851539922
      },
      "KS_stat": 0.06422018348623854,
      "KS_p": 0.9791203051957483,
      "Wasserstein": 9.282836808543955,
      "JSD": 0.053206071753259226,
      "overlap_area": 0.9437035080631221
    },
    "40K": {
      "real_moments": {
        "mean": 625.4423234862386,
        "median": 666.06,
        "std": 325.77620030216633,
        "skew": -0.18433595382893606,
        "kurtosis": -1.210803726194395
      },
      "synth_moments": {
        "mean": 643.0920409772067,
        "median": 683.3064267679347,
        "std": 314.8877881626312,
        "skew": -0.24459277936537682,
        "kurtosis": -1.1197516246608974
      },
      "KS_stat": 0.07339449541284404,
      "KS_p": 0.9325712647984811,
      "Wasserstein": 24.11533132395612,
      "JSD": 0.01692273841303409,
      "overlap_area": 0.9681023934481339
    },
    "Raeq": {
      "real_moments": {
        "mean": 220.80948743119262,
        "median": 193.66001,
        "std": 141.24695669027093,
        "skew": 4.496849695288913,
        "kurtosis": 29.952848462778505
      },
      "synth_moments": {
        "mean": 225.8521241917225,
        "median": 207.0730180146848,
        "std": 149.98720539347676,
        "skew": 3.770018205131739,
        "kurtosis": 20.2431642890863
      },
      "KS_stat": 0.06422018348623854,
      "KS_p": 0.9791203051957483,
      "Wasserstein": 15.491011761118035,
      "JSD": 0.03427652576258633,
      "overlap_area": 0.9371542009767893
    },
    "Theq": {
      "real_moments": {
        "mean": 155.1863267889908,
        "median": 136.56014,
        "std": 98.90341948182714,
        "skew": 4.479289412980269,
        "kurtosis": 29.79276992766934
      },
      "synth_moments": {
        "mean": 159.34515973465975,
        "median": 147.55714005109093,
        "std": 105.04593416628325,
        "skew": 3.745890509592528,
        "kurtosis": 20.085298918376353
      },
      "KS_stat": 0.06422018348623854,
      "KS_p": 0.9791203051957483,
      "Wasserstein": 11.460833411235686,
      "JSD": 0.03611911051002138,
      "overlap_area": 0.932238544327665
    },
    "Keq": {
      "real_moments": {
        "mean": 2651.9736386238537,
        "median": 2228.3676,
        "std": 1811.0429350912407,
        "skew": 5.008102937890224,
        "kurtosis": 33.882309184918405
      },
      "synth_moments": {
        "mean": 2660.3235481453194,
        "median": 2313.8225554010546,
        "std": 1811.9331689595115,
        "skew": 4.188874778845539,
        "kurtosis": 22.981708300313443
      },
      "KS_stat": 0.09174311926605505,
      "KS_p": 0.7511370048916558,
      "Wasserstein": 190.98365776184573,
      "JSD": 0.06104563889195619,
      "overlap_area": 0.9393005898107218
    },
    "IG": {
      "real_moments": {
        "mean": 0.7999194495412842,
        "median": 0.72877,
        "std": 0.4950253455180348,
        "skew": 4.324005521258932,
        "kurtosis": 28.49755443867455
      },
      "synth_moments": {
        "mean": 0.8116196968116208,
        "median": 0.7816833396111157,
        "std": 0.48243040916155205,
        "skew": 3.078636393441985,
        "kurtosis": 15.435218134264762
      },
      "KS_stat": 0.06422018348623854,
      "KS_p": 0.9791203051957483,
      "Wasserstein": 0.061482498352240775,
      "JSD": 0.043603443084497706,
      "overlap_area": 0.9246435076206836
    },
    "IA": {
      "real_moments": {
        "mean": 0.3748992660550459,
        "median": 0.35718,
        "std": 0.22028081674815472,
        "skew": 1.583885893541485,
        "kurtosis": 4.364752856144418
      },
      "synth_moments": {
        "mean": 0.37035296247883115,
        "median": 0.3467756625785225,
        "std": 0.21980387976444163,
        "skew": 1.5704784328811103,
        "kurtosis": 4.4222291321209
      },
      "KS_stat": 0.06422018348623854,
      "KS_p": 0.9791203051957483,
      "Wasserstein": 0.0134639161777667,
      "JSD": 0.02680644179082467,
      "overlap_area": 0.9635772480187987
    },
    "IB": {
      "real_moments": {
        "mean": 0.7059155963302752,
        "median": 0.63475,
        "std": 0.42144292108674913,
        "skew": 4.011764769362035,
        "kurtosis": 25.03382413044252
      },
      "synth_moments": {
        "mean": 0.7142958790063442,
        "median": 0.6723260966321117,
        "std": 0.4257600088295466,
        "skew": 3.1850050890784476,
        "kurtosis": 16.194256123720777
      },
      "KS_stat": 0.06422018348623854,
      "KS_p": 0.9791203051957483,
      "Wasserstein": 0.05006627735531189,
      "JSD": 0.035890306428011394,
      "overlap_area": 0.9274466499600292
    }
  },
  "corr_similarity": {
    "corrcoef": 0.8477440797081075,
    "frob": 1.4898174228251433,
    "macd": 0.11123275558915018
  },
  "pca_overlap": {
    "overlap_frac": 0.981651376146789,
    "pca": "PCA(n_components=3)",
    "explained_variance": "[0.72916653 0.10987987 0.09396507]"
  },
  "MMD2": -0.0035560026432541747,
  "SlicedWasserstein": 53.32606305164244,
  "EnergyDistance": 10.163000096177939,
  "gmm_coverage_frac": 0.6666666666666666,
  "knn_coverage": {
    "median_kth": 166.38726469300005,
    "mean_kth": 368.19050099876216,
    "iqr_kth": 109.57707172793863
  }
}